roadmap_role,dev_type,node_id,topic_label,parent_topic,order_index,node_type,maps_to_esco_uri,maps_to_esco_label,source
frontend,frontend,VlNNwIEDWqQXtqkHWJYzC,Internet,,8,topic,,,roadmap.sh:nilbuild/developer-roadmap@master
frontend,frontend,yCnn-NfSxIybUQ2iTuUGq,How does the internet work?,Internet,9,subtopic,,,roadmap.sh:nilbuild/developer-roadmap@master
frontend,frontend,R12sArWVpbIs_PHxBqVaR,What is HTTP?,Internet,10,subtopic,,,roadmap.sh:nilbuild/developer-roadmap@master
frontend,frontend,ZhSuu2VArnzPDp6dPQQSC,What is Domain Name?,Internet,11,subtopic,,,roadmap.sh:nilbuild/developer-roadmap@master
frontend,frontend,aqMaEY8gkKMikiqleV5EP,What is hosting?,Internet,12,subtopic,,,roadmap.sh:nilbuild/developer-roadmap@master
frontend,frontend,hkxw9jPGYphmjhTjw8766,DNS and how it works?,Internet,13,subtopic,,,roadmap.sh:nilbuild/developer-roadmap@master
frontend,frontend,P82WFaTPgQEPNp5IIuZ1Y,Browsers and how they work?,Internet,14,subtopic,,,roadmap.sh:nilbuild/developer-roadmap@master
frontend,frontend,yWG2VUkaF5IJVVut6AiSy,HTML,,15,topic,,,roadmap.sh:nilbuild/developer-roadmap@master
frontend,frontend,PCirR2QiFYO89Fm-Ev3o1,Learn the basics,,16,subtopic,,,roadmap.sh:nilbuild/developer-roadmap@master
frontend,frontend,z8-556o-PaHXjlytrawaF,Writing Semantic HTML,,17,subtopic,,,roadmap.sh:nilbuild/developer-roadmap@master
frontend,frontend,V5zucKEHnIPPjwHqsMPHF,Forms and Validations,,18,subtopic,,,roadmap.sh:nilbuild/developer-roadmap@master
frontend,frontend,iJIqi7ngpGHWAqtgdjgxB,Accessibility,,19,subtopic,,,roadmap.sh:nilbuild/developer-roadmap@master
frontend,frontend,mH_qff8R7R6eLQ1tPHLgG,SEO Basics,HTML,20,subtopic,,,roadmap.sh:nilbuild/developer-roadmap@master
frontend,frontend,ZhJhf1M2OphYbEmduFq-9,CSS,,21,topic,http://data.europa.eu/esco/skill/e5d1f825-60ed-4bdd-872a-e748c387f777,CSS,roadmap.sh:nilbuild/developer-roadmap@master
frontend,frontend,YFjzPKWDwzrgk2HUX952L,Learn the basics,CSS,22,subtopic,,,roadmap.sh:nilbuild/developer-roadmap@master
frontend,frontend,dXeYVMXv-3MRQ1ovOUuJW,Making Layouts,CSS,23,subtopic,,,roadmap.sh:nilbuild/developer-roadmap@master
frontend,frontend,TKtWmArHn7elXRJdG6lDQ,Responsive Design,CSS,24,subtopic,,,roadmap.sh:nilbuild/developer-roadmap@master
frontend,frontend,ODcfFEorkfJNupoQygM53,JavaScript,,25,topic,http://data.europa.eu/esco/skill/3cd569a2-4f88-4c1e-9995-8dce8c5e51a7,JavaScript,roadmap.sh:nilbuild/developer-roadmap@master
frontend,frontend,A4brX0efjZ0FFPTB4r6U0,Fetch API / Ajax (XHR),JavaScript,26,subtopic,,,roadmap.sh:nilbuild/developer-roadmap@master
frontend,frontend,0MAogsAID9R04R5TTO2Qa,Learn DOM Manipulation,JavaScript,27,subtopic,,,roadmap.sh:nilbuild/developer-roadmap@master
frontend,frontend,wQSjQqwKHfn5RGPk34BWI,Learn the Basics,JavaScript,28,subtopic,,,roadmap.sh:nilbuild/developer-roadmap@master
frontend,frontend,MXnFhZlNB1zTsBFDyni9H,VCS Hosting,,29,topic,,,roadmap.sh:nilbuild/developer-roadmap@master
frontend,frontend,NIY7c4TQEEHx0hATu-k5C,Version Control Systems,,30,topic,,,roadmap.sh:nilbuild/developer-roadmap@master
frontend,frontend,R_I4SGYqLk5zze5I1zS_E,Git,Version Control Systems,31,subtopic,http://data.europa.eu/esco/skill/9d2e926f-53d9-41f5-98f3-19dfaa687f3f,tools for software configuration management,roadmap.sh:nilbuild/developer-roadmap@master
frontend,frontend,IqvS1V-98cxko3e9sBQgP,Package Managers,,32,topic,,,roadmap.sh:nilbuild/developer-roadmap@master
frontend,frontend,qmTVMJDsEhNIkiwE_UTYu,GitHub,,33,subtopic,,,roadmap.sh:nilbuild/developer-roadmap@master
frontend,frontend,zIoSJMX3cuzCgDYHjgbEh,GitLab,,34,subtopic,,,roadmap.sh:nilbuild/developer-roadmap@master
frontend,frontend,DILBiQp7WWgSZ5hhtDW6A,Bitbucket,VCS Hosting,35,subtopic,,,roadmap.sh:nilbuild/developer-roadmap@master
frontend,frontend,yrq3nOwFREzl-9EKnpU-e,yarn,Package Managers,36,subtopic,,,roadmap.sh:nilbuild/developer-roadmap@master
frontend,frontend,SLxA5qJFp_28TRzr1BjxZ,pnpm,Package Managers,37,subtopic,,,roadmap.sh:nilbuild/developer-roadmap@master
frontend,frontend,ib_FHinhrw8VuSet-xMF7,npm,Package Managers,38,subtopic,,,roadmap.sh:nilbuild/developer-roadmap@master
frontend,frontend,eXezX7CVNyC1RuyU_I4yP,Pick a Framework,,39,topic,,,roadmap.sh:nilbuild/developer-roadmap@master
frontend,frontend,-bHFIiXnoUQSov64WI9yo,Angular,Pick a Framework,40,subtopic,http://data.europa.eu/esco/skill/1ffac4ac-fda7-407d-8ed1-ca8f4a8dc146,Angular,roadmap.sh:nilbuild/developer-roadmap@master
frontend,frontend,ERAdwL1G9M1bnx-fOm5ZA,Vue.js,Pick a Framework,41,subtopic,,,roadmap.sh:nilbuild/developer-roadmap@master
frontend,frontend,tG5v3O4lNIFc2uCnacPak,React,Pick a Framework,42,subtopic,,,roadmap.sh:nilbuild/developer-roadmap@master
frontend,frontend,ZR-qZ2Lcbu3FtqaMd3wM4,Svelte,Pick a Framework,43,subtopic,,,roadmap.sh:nilbuild/developer-roadmap@master
frontend,frontend,DxOSKnqAjZOPP-dq_U7oP,Solid JS,Pick a Framework,44,subtopic,,,roadmap.sh:nilbuild/developer-roadmap@master
frontend,frontend,N5DCb6bDfgUnSdHPLYY4g,Qwik,Pick a Framework,45,subtopic,,,roadmap.sh:nilbuild/developer-roadmap@master
frontend,frontend,XDTD8el6OwuQ55wC-X4iV,Writing CSS,,46,topic,,,roadmap.sh:nilbuild/developer-roadmap@master
frontend,frontend,eghnfG4p7i-EDWfp3CQXC,Tailwind,Writing CSS,47,subtopic,,,roadmap.sh:nilbuild/developer-roadmap@master
frontend,frontend,nPg_YWpMJtlhU2t2UD_6B,CSS Architecture,,49,topic,,,roadmap.sh:nilbuild/developer-roadmap@master
frontend,frontend,UTW1pP59dUehuf0zeHXqL,CSS Preprocessors,,50,topic,,,roadmap.sh:nilbuild/developer-roadmap@master
frontend,frontend,dRDmS072xeNLX7p_X565w,BEM,,51,subtopic,,,roadmap.sh:nilbuild/developer-roadmap@master
frontend,frontend,kukEE5rMSPa4NeNjx21kt,Sass,,52,subtopic,http://data.europa.eu/esco/skill/1110c92f-3059-445a-9436-0f4200d365f5,Sass,roadmap.sh:nilbuild/developer-roadmap@master
frontend,frontend,9WlPENh9g1xOv-zA64Tfg,PostCSS,,53,subtopic,,,roadmap.sh:nilbuild/developer-roadmap@master
frontend,frontend,i9z0stM4uKu27Cz6NIgNX,Build Tools,,54,topic,,,roadmap.sh:nilbuild/developer-roadmap@master
frontend,frontend,9VcGfDBBD8YcKatj4VcH1,Linters and Formatters,,55,topic,,,roadmap.sh:nilbuild/developer-roadmap@master
frontend,frontend,hkSc_1x09m7-7BO7WzlDT,Module Bundlers,,56,topic,,,roadmap.sh:nilbuild/developer-roadmap@master
frontend,frontend,NS-hwaWa5ebSmNNRoxFDp,Parcel,Module Bundlers,57,subtopic,,,roadmap.sh:nilbuild/developer-roadmap@master
frontend,frontend,sCjErk7rfWAUvhl8Kfm3n,Rollup,Module Bundlers,58,subtopic,,,roadmap.sh:nilbuild/developer-roadmap@master
frontend,frontend,twufEtHgxcRUWAUQ9bXus,Webpack,Module Bundlers,59,subtopic,,,roadmap.sh:nilbuild/developer-roadmap@master
frontend,frontend,4W7UXfdKIUsm1bUrjdTVT,esbuild,Module Bundlers,60,subtopic,,,roadmap.sh:nilbuild/developer-roadmap@master
frontend,frontend,0Awx3zEI5_gYEIrD7IVX6,Vite,Module Bundlers,61,subtopic,,,roadmap.sh:nilbuild/developer-roadmap@master
frontend,frontend,zbkpu_gvQ4mgCiZKzS1xv,Prettier,,62,subtopic,,,roadmap.sh:nilbuild/developer-roadmap@master
frontend,frontend,NFjsI712_qP0IOmjuqXar,ESLint,,63,subtopic,,,roadmap.sh:nilbuild/developer-roadmap@master
frontend,frontend,igg4_hb3XE3vuvY8ufV-4,Testing,,64,topic,,,roadmap.sh:nilbuild/developer-roadmap@master
frontend,frontend,hVQ89f6G0LXEgHIOKHDYq,Vitest,,65,subtopic,,,roadmap.sh:nilbuild/developer-roadmap@master
frontend,frontend,g5itUjgRXd9vs9ujHezFl,Jest,Testing,66,subtopic,,,roadmap.sh:nilbuild/developer-roadmap@master
frontend,frontend,jramLk8FGuaEH4YpHIyZT,Playwright,Testing,67,subtopic,,,roadmap.sh:nilbuild/developer-roadmap@master
frontend,frontend,DaynCz5RR26gjT6N6gTDL,Cypress,,68,subtopic,,,roadmap.sh:nilbuild/developer-roadmap@master
frontend,frontend,U5mD5FmVx7VWeKxDpQxB5,Authentication Strategies,,69,topic,,,roadmap.sh:nilbuild/developer-roadmap@master
frontend,frontend,RDWbG3Iui6IPgp0shvXtg,Web Security Basics,,70,topic,,,roadmap.sh:nilbuild/developer-roadmap@master
frontend,frontend,AfH2zCbqzw0Nisg1yyISS,CORS,,71,subtopic,,,roadmap.sh:nilbuild/developer-roadmap@master
frontend,frontend,uum7vOhOUR38vLuGZy8Oa,HTTPS,,72,subtopic,,,roadmap.sh:nilbuild/developer-roadmap@master
frontend,frontend,rmcm0CZbtNVC9LZ14-H6h,Content Security Policy,,73,subtopic,,,roadmap.sh:nilbuild/developer-roadmap@master
frontend,frontend,JanR7I_lNnUCXhCMGLdn-,OWASP Security Risks,Web Security Basics,74,subtopic,,,roadmap.sh:nilbuild/developer-roadmap@master
frontend,frontend,ruoFa3M4bUE3Dg6GXSiUI,Web Components,,75,topic,,,roadmap.sh:nilbuild/developer-roadmap@master
frontend,frontend,hwPOGT0-duy3KfI8QaEwF,Type Checkers,,76,topic,,,roadmap.sh:nilbuild/developer-roadmap@master
frontend,frontend,VxiQPgcYDFAT6WgSRWpIA,Custom Elements,,77,subtopic,,,roadmap.sh:nilbuild/developer-roadmap@master
frontend,frontend,Hk8AVonOd693_y1sykPqd,HTML Templates,Web Components,78,subtopic,,,roadmap.sh:nilbuild/developer-roadmap@master
frontend,frontend,-SpsNeOZBkQfDA-rwzgPg,Shadow DOM,,79,subtopic,,,roadmap.sh:nilbuild/developer-roadmap@master
frontend,frontend,0asdhvwBH3gn-ercktV7A,TypeScript,Type Checkers,80,subtopic,http://data.europa.eu/esco/skill/867137fb-ff1b-4ca3-99f3-cb6969aa2c68,TypeScript,roadmap.sh:nilbuild/developer-roadmap@master
frontend,frontend,Cxspmb14_0i1tfw-ZLxEu,SSR,,81,topic,,,roadmap.sh:nilbuild/developer-roadmap@master
frontend,frontend,OL8I6nOZ8hGGWmtxg_Mv8,Svelte,SSR,82,subtopic,,,roadmap.sh:nilbuild/developer-roadmap@master
frontend,frontend,3TE_iYvbklXK0be-5f2M7,Vue.js,SSR,83,subtopic,,,roadmap.sh:nilbuild/developer-roadmap@master
frontend,frontend,k6rp6Ua9qUEW_DA_fOg5u,Angular,SSR,84,subtopic,http://data.europa.eu/esco/skill/1ffac4ac-fda7-407d-8ed1-ca8f4a8dc146,Angular,roadmap.sh:nilbuild/developer-roadmap@master
frontend,frontend,SGDf_rbfmFSHlxI-Czzlz,React,SSR,85,subtopic,,,roadmap.sh:nilbuild/developer-roadmap@master
frontend,frontend,KJRkrFZIihCUBrOf579EU,react-router,SSR,86,subtopic,,,roadmap.sh:nilbuild/developer-roadmap@master
frontend,frontend,zNFYAJaSq0YZXL5Rpx1NX,Next.js,SSR,87,subtopic,,,roadmap.sh:nilbuild/developer-roadmap@master
frontend,frontend,BBsXxkbbEG-gnbM1xXKrj,Nuxt.js,SSR,88,subtopic,,,roadmap.sh:nilbuild/developer-roadmap@master
frontend,frontend,P4st_telfCwKLSAU2WsQP,Svelte Kit,SSR,89,subtopic,,,roadmap.sh:nilbuild/developer-roadmap@master
frontend,frontend,L7AllJfKvClaam3y-u6DP,GraphQL,,90,topic,,,roadmap.sh:nilbuild/developer-roadmap@master
frontend,frontend,5eUbDdOTOfaOhUlZAmmXW,Apollo,,91,subtopic,,,roadmap.sh:nilbuild/developer-roadmap@master
frontend,frontend,0moPO23ol33WsjVXSpTGf,Relay Modern,GraphQL,92,subtopic,,,roadmap.sh:nilbuild/developer-roadmap@master
frontend,frontend,n0q32YhWEIAUwbGXexoqV,Static Site Generators,,93,topic,,,roadmap.sh:nilbuild/developer-roadmap@master
frontend,frontend,CMrss8E2W0eA6DVEqtPjT,Vuepress,,94,subtopic,,,roadmap.sh:nilbuild/developer-roadmap@master
frontend,frontend,XWJxV42Dpu2D3xDK10Pn3,Nuxt.js,Static Site Generators,95,subtopic,,,roadmap.sh:nilbuild/developer-roadmap@master
frontend,frontend,iUxXq7beg55y76dkwhM13,Astro,,96,subtopic,,,roadmap.sh:nilbuild/developer-roadmap@master
frontend,frontend,io0RHJWIcVxDhcYkV9d38,Eleventy,Static Site Generators,97,subtopic,,,roadmap.sh:nilbuild/developer-roadmap@master
frontend,frontend,V70884VcuXkfrfHyLGtUg,Next.js,,98,subtopic,,,roadmap.sh:nilbuild/developer-roadmap@master
frontend,frontend,PoM77O2OtxPELxfrW1wtl,PWAs,,99,topic,,,roadmap.sh:nilbuild/developer-roadmap@master
frontend,frontend,VOGKiG2EZVfCBAaa7Df0W,Mobile Apps,,100,topic,,,roadmap.sh:nilbuild/developer-roadmap@master
frontend,frontend,dsTegXTyupjS8iU6I7Xiv,React Native,,101,subtopic,,,roadmap.sh:nilbuild/developer-roadmap@master
frontend,frontend,dIQXjFEUAJAGxxfAYceHU,Flutter,,102,subtopic,,,roadmap.sh:nilbuild/developer-roadmap@master
frontend,frontend,xmRv6-L45m5MDpHmdHFCL,Ionic,Mobile Apps,103,subtopic,,,roadmap.sh:nilbuild/developer-roadmap@master
frontend,frontend,KMA7NkxFbPoUDtFnGBFnj,Desktop Apps,,104,topic,,,roadmap.sh:nilbuild/developer-roadmap@master
frontend,frontend,mQHpSyMR4Rra4mqAslgiS,Electron,Desktop Apps,108,subtopic,,,roadmap.sh:nilbuild/developer-roadmap@master
frontend,frontend,GJctl0tVXe4B70s35RkLT,Tauri,Desktop Apps,109,subtopic,,,roadmap.sh:nilbuild/developer-roadmap@master
frontend,frontend,2MRvAK9G9RGM_auWytcKh,Flutter,Desktop Apps,110,subtopic,,,roadmap.sh:nilbuild/developer-roadmap@master
frontend,frontend,-DsETM9xLgHyGZthptj1Y,PRPL Pattern,,111,subtopic,,,roadmap.sh:nilbuild/developer-roadmap@master
frontend,frontend,xD5WfEP7Ez0oi3890UgmH,RAIL Model,,112,subtopic,,,roadmap.sh:nilbuild/developer-roadmap@master
frontend,frontend,X0Y3-IpPiFUCsNDK4RFxw,Performance Metrics,,113,subtopic,,,roadmap.sh:nilbuild/developer-roadmap@master
frontend,frontend,RIhHMHLsLLPhNl05Q9aBf,Using Lighthouse,,114,subtopic,,,roadmap.sh:nilbuild/developer-roadmap@master
frontend,frontend,3_sJHKTogkDoCjR518-OL,Using DevTools,PWAs,115,subtopic,,,roadmap.sh:nilbuild/developer-roadmap@master
frontend,frontend,raoa-75p_DyBAycvy3yVv,Storage,PWAs,117,subtopic,,,roadmap.sh:nilbuild/developer-roadmap@master
frontend,frontend,NDJR8UCoa31v45TBFP7we,Web Sockets,,118,subtopic,,,roadmap.sh:nilbuild/developer-roadmap@master
frontend,frontend,doPe92aUpo-8KWhi45lWK,Server Sent Events,,119,subtopic,,,roadmap.sh:nilbuild/developer-roadmap@master
frontend,frontend,TldWoXiqKxM4X3JONKAR7,Service Workers,,120,subtopic,,,roadmap.sh:nilbuild/developer-roadmap@master
frontend,frontend,YbGGYoKJEx29PlvopUBiM,Location,,121,subtopic,,,roadmap.sh:nilbuild/developer-roadmap@master
frontend,frontend,6AlcArOiJMhHXguAosDzn,Notifications,,122,subtopic,,,roadmap.sh:nilbuild/developer-roadmap@master
frontend,frontend,Fd0hQh1DleM0gMzCpGou4,Device Orientation,,123,subtopic,,,roadmap.sh:nilbuild/developer-roadmap@master
frontend,frontend,MAM1nuVk-h4AvTUk4nvmj,Payments,,124,subtopic,,,roadmap.sh:nilbuild/developer-roadmap@master
frontend,frontend,opu2bAsmdWHqWqtsCscLC,Credentials,,125,subtopic,,,roadmap.sh:nilbuild/developer-roadmap@master
frontend,frontend,h26uS3muFCabe6ekElZcI,SWC,,127,subtopic,,,roadmap.sh:nilbuild/developer-roadmap@master
frontend,frontend,wA2fSYsbBYU02VJXAvUz8,Astro,SSR,132,subtopic,,,roadmap.sh:nilbuild/developer-roadmap@master
backend,backend,gKTSe9yQFVbPVlLzWB0hC,Search Engines,,8,topic,,,roadmap.sh:nilbuild/developer-roadmap@master
backend,backend,9Fpoor-Os_9lvrwu5Zjh-,Design and Development Principles,,10,topic,,,roadmap.sh:nilbuild/developer-roadmap@master
backend,backend,EwvLPSI6AlZ4TnNIJTZA4,Learn about APIs,,12,topic,,,roadmap.sh:nilbuild/developer-roadmap@master
backend,backend,SiYUdtYMDImRPmV2_XPkH,Internet,,15,topic,,,roadmap.sh:nilbuild/developer-roadmap@master
backend,backend,CWwh2abwqx4hAxpAGvhIx,Rust,Pick a Language,16,subtopic,,,roadmap.sh:nilbuild/developer-roadmap@master
backend,backend,l9Wrq_Ad9-Ju4NIB0m5Ha,PHP,,17,subtopic,http://data.europa.eu/esco/skill/4350c38d-0fe9-4ca7-bab9-40ed7f72b04f,PHP,roadmap.sh:nilbuild/developer-roadmap@master
backend,backend,BdXbcz4-ar3XOX0wIKzBp,Go,,18,subtopic,,,roadmap.sh:nilbuild/developer-roadmap@master
backend,backend,8-lO-v6jCYYoklEJXULxN,JavaScript,,19,subtopic,http://data.europa.eu/esco/skill/3cd569a2-4f88-4c1e-9995-8dce8c5e51a7,JavaScript,roadmap.sh:nilbuild/developer-roadmap@master
backend,backend,ANeSwxJDJyQ-49pO2-CCI,Java,,20,subtopic,http://data.europa.eu/esco/skill/19a8293b-8e95-4de3-983f-77484079c389,Java (computer programming),roadmap.sh:nilbuild/developer-roadmap@master
backend,backend,J_sVHsD72Yzyqb9KCIvAY,Python,,21,subtopic,http://data.europa.eu/esco/skill/ccd0a1d9-afda-43d9-b901-96344886e14d,Python (computer programming),roadmap.sh:nilbuild/developer-roadmap@master
backend,backend,rImbMHLLfJwjf3l25vBkc,C#,,22,subtopic,http://data.europa.eu/esco/skill/4c016b68-4116-468c-9dc6-42710c239e4a,C#,roadmap.sh:nilbuild/developer-roadmap@master
backend,backend,SlH0Rl07yURDko2nDPfFy,Ruby,,23,subtopic,http://data.europa.eu/esco/skill/0ccdfe98-f845-4598-84a1-3dca66e9d9a3,Ruby (computer programming),roadmap.sh:nilbuild/developer-roadmap@master
backend,backend,2f0ZO6GJElfZ2Eis28Hzg,Pick a Language,,24,topic,,,roadmap.sh:nilbuild/developer-roadmap@master
backend,backend,_I1E__wCIVrhjMk6IMieE,Git,Version Control Systems,25,subtopic,http://data.europa.eu/esco/skill/9d2e926f-53d9-41f5-98f3-19dfaa687f3f,tools for software configuration management,roadmap.sh:nilbuild/developer-roadmap@master
backend,backend,ezdqQW9wTUw93F6kjOzku,Version Control Systems,,26,topic,,,roadmap.sh:nilbuild/developer-roadmap@master
backend,backend,ptD8EVqwFUYr4W5A_tABY,GitHub,,27,subtopic,,,roadmap.sh:nilbuild/developer-roadmap@master
backend,backend,Ry_5Y-BK7HrkIc6X0JG1m,Bitbucket,Repo Hosting Services,28,subtopic,,,roadmap.sh:nilbuild/developer-roadmap@master
backend,backend,Wcp-VDdFHipwa7hNAp1z_,GitLab,Repo Hosting Services,29,subtopic,,,roadmap.sh:nilbuild/developer-roadmap@master
backend,backend,NvUcSDWBhzJZ31nzT4UlE,Repo Hosting Services,,30,topic,,,roadmap.sh:nilbuild/developer-roadmap@master
backend,backend,FihTrMO56kj9jT8O_pO2T,PostgreSQL,Relational Databases,31,subtopic,http://data.europa.eu/esco/skill/a8d07b5a-c1a1-42c6-9d53-db9c7a2ca996,PostgreSQL,roadmap.sh:nilbuild/developer-roadmap@master
backend,backend,dEsTje8kfHwWjCI3zcgLC,MS SQL,Relational Databases,32,subtopic,,,roadmap.sh:nilbuild/developer-roadmap@master
backend,backend,VPxOdjJtKAqmM5V0LR5OC,MySQL,Relational Databases,33,subtopic,http://data.europa.eu/esco/skill/4da171e5-779c-4983-a76f-91c16751e99f,MySQL,roadmap.sh:nilbuild/developer-roadmap@master
backend,backend,h1SAjQltHtztSt8QmRgab,Oracle,Relational Databases,34,subtopic,,,roadmap.sh:nilbuild/developer-roadmap@master
backend,backend,tD3i-8gBpMKCHB-ITyDiU,MariaDB,Relational Databases,35,subtopic,,,roadmap.sh:nilbuild/developer-roadmap@master
backend,backend,r45b461NxLN6wBODJ5CNP,Relational Databases,,36,topic,,,roadmap.sh:nilbuild/developer-roadmap@master
backend,backend,F8frGuv1dunOdcVJ_IiGs,NoSQL Databases,,37,topic,,,roadmap.sh:nilbuild/developer-roadmap@master
backend,backend,Z7jp_Juj5PffSxV7UZcBb,ORMs,More about Databases,38,subtopic,,,roadmap.sh:nilbuild/developer-roadmap@master
backend,backend,Ge2SnKBrQQrU-oGLz6TmT,Normalization,More about Databases,39,subtopic,,,roadmap.sh:nilbuild/developer-roadmap@master
backend,backend,qSAdfaGUfn8mtmDjHJi3z,ACID,More about Databases,40,subtopic,,,roadmap.sh:nilbuild/developer-roadmap@master
backend,backend,GwApfL4Yx-b5Y8dB9Vy__,Failure Modes,More about Databases,41,subtopic,,,roadmap.sh:nilbuild/developer-roadmap@master
backend,backend,rq_y_OBMD9AH_4aoecvAi,Transactions,More about Databases,42,subtopic,,,roadmap.sh:nilbuild/developer-roadmap@master
backend,backend,SYXJhanu0lFmGj2m2XXhS,Profiling Perfor.,More about Databases,43,subtopic,,,roadmap.sh:nilbuild/developer-roadmap@master
backend,backend,bQnOAu863hsHdyNMNyJop,N+1 Problem,More about Databases,44,subtopic,,,roadmap.sh:nilbuild/developer-roadmap@master
backend,backend,LJt27onEOeIBomiEMTyKd,More about Databases,,45,topic,,,roadmap.sh:nilbuild/developer-roadmap@master
backend,backend,y-xkHFE9YzhNIX3EiWspL,Database Indexes,Scaling Databases,46,subtopic,,,roadmap.sh:nilbuild/developer-roadmap@master
backend,backend,zWstl08R4uzqve4BdYurp,Sharding Strategies,Scaling Databases,47,subtopic,,,roadmap.sh:nilbuild/developer-roadmap@master
backend,backend,wrl7HHWXOaxoKVlNZxZ6d,Data Replication,Scaling Databases,48,subtopic,,,roadmap.sh:nilbuild/developer-roadmap@master
backend,backend,LAdKDJ4LcMaDWqslMvE8X,CAP Theorem,Scaling Databases,49,subtopic,,,roadmap.sh:nilbuild/developer-roadmap@master
backend,backend,95d9itpUZ4s9roZN8kG9x,Scaling Databases,,50,topic,,,roadmap.sh:nilbuild/developer-roadmap@master
backend,backend,dLY0KafPstajCcSbslC4M,HATEOAS,,51,subtopic,,,roadmap.sh:nilbuild/developer-roadmap@master
backend,backend,sNceS4MpSIjRkWhNDmrFg,JSON APIs,,52,subtopic,,,roadmap.sh:nilbuild/developer-roadmap@master
backend,backend,9cD5ag1L0GqHx4_zxc5JX,Open API Specs,,53,subtopic,,,roadmap.sh:nilbuild/developer-roadmap@master
backend,backend,sSNf93azjuyMzQqIHE0Rh,SOAP,,54,subtopic,,,roadmap.sh:nilbuild/developer-roadmap@master
backend,backend,J-TOE2lT4At1mSdNoxPS1,gRPC,,55,subtopic,,,roadmap.sh:nilbuild/developer-roadmap@master
backend,backend,lfNFDZZNdrB0lbEaMtU71,REST,Learn about APIs,56,subtopic,,,roadmap.sh:nilbuild/developer-roadmap@master
backend,backend,zp3bq38tMnutT2N0tktOW,GraphQL,,57,subtopic,,,roadmap.sh:nilbuild/developer-roadmap@master
backend,backend,KWTbEVX_WxS8jmSaAX3Fe,Client Side,Caching,58,subtopic,,,roadmap.sh:nilbuild/developer-roadmap@master
backend,backend,Nq2BO53bHJdFT1rGZPjYx,CDN,Caching,59,subtopic,,,roadmap.sh:nilbuild/developer-roadmap@master
backend,backend,z1-eP4sV75GBEIdM4NvL9,Server Side,Caching,60,subtopic,,,roadmap.sh:nilbuild/developer-roadmap@master
backend,backend,ELj8af7Mi38kUbaPJfCUR,Caching,,61,topic,,,roadmap.sh:nilbuild/developer-roadmap@master
backend,backend,RBrIP5KbVQ2F0ly7kMfTo,Web Security,,62,topic,,,roadmap.sh:nilbuild/developer-roadmap@master
backend,backend,381Kw1IMRv7CJp-Uf--qd,Integration Testing,Testing,63,subtopic,,,roadmap.sh:nilbuild/developer-roadmap@master
backend,backend,NAGisfq2CgeK3SsuRjnMw,Functional Testing,Testing,64,subtopic,,,roadmap.sh:nilbuild/developer-roadmap@master
backend,backend,3OYm6b9f6WOrKi4KTOZYK,Unit Testing,Testing,65,subtopic,,,roadmap.sh:nilbuild/developer-roadmap@master
backend,backend,STQQbPa7PE3gbjMdL6P-t,Testing,,66,topic,,,roadmap.sh:nilbuild/developer-roadmap@master
backend,backend,mGfD7HfuP184lFkXZzGjG,CI / CD,,67,topic,,,roadmap.sh:nilbuild/developer-roadmap@master
backend,backend,6XIWO0MoE-ySl4qh_ihXa,GOF Design Patterns,Design and Development Principles,68,subtopic,,,roadmap.sh:nilbuild/developer-roadmap@master
backend,backend,u8IRw5PuXGUcmxA0YYXgx,CQRS,Design and Development Principles,69,subtopic,,,roadmap.sh:nilbuild/developer-roadmap@master
backend,backend,BvHi5obg0L1JDZFKBzx9t,Domain Driven Design,Design and Development Principles,70,subtopic,,,roadmap.sh:nilbuild/developer-roadmap@master
backend,backend,wqE-mkxvehOzOv8UyE39p,Event Sourcing,Design and Development Principles,71,subtopic,,,roadmap.sh:nilbuild/developer-roadmap@master
backend,backend,I-PUAE2AzbEaUkW9vMaUM,Test Driven Development,Design and Development Principles,72,subtopic,,,roadmap.sh:nilbuild/developer-roadmap@master
backend,backend,Ke522R-4k6TDeiDRyZbbU,Monolithic Apps,Architectural Patterns,73,subtopic,,,roadmap.sh:nilbuild/developer-roadmap@master
backend,backend,nkmIv3dNwre4yrULMgTh3,Serverless,,74,subtopic,,,roadmap.sh:nilbuild/developer-roadmap@master
backend,backend,K55h3aqOGe6-hgVhiFisT,Microservices,,75,subtopic,,,roadmap.sh:nilbuild/developer-roadmap@master
backend,backend,n14b7sfTOwsjKTpFC9EZ2,Service Mesh,,76,subtopic,,,roadmap.sh:nilbuild/developer-roadmap@master
backend,backend,tObmzWpjsJtK4GWhx6pwB,SOA,,77,subtopic,,,roadmap.sh:nilbuild/developer-roadmap@master
backend,backend,8DmabQJXlrT__COZrDVTV,Twelve Factor Apps,,78,subtopic,,,roadmap.sh:nilbuild/developer-roadmap@master
backend,backend,tHiUpG9LN35E5RaHddMv5,Architectural Patterns,,79,topic,,,roadmap.sh:nilbuild/developer-roadmap@master
backend,backend,GPFRMcY1DEtRgnaZwJ3vW,RabbitMQ,Message Brokers,80,subtopic,,,roadmap.sh:nilbuild/developer-roadmap@master
backend,backend,VoYSis1F1ZfTxMlQlXQKB,Kafka,Message Brokers,81,subtopic,,,roadmap.sh:nilbuild/developer-roadmap@master
backend,backend,nJ5FpFgGCRaALcWmAKBKT,Message Brokers,,82,topic,,,roadmap.sh:nilbuild/developer-roadmap@master
backend,backend,31ZlpfIPr9-5vYZqvjUeL,LXC,,83,subtopic,,,roadmap.sh:nilbuild/developer-roadmap@master
backend,backend,SGVwJme-jT_pbOTvems0v,Containerization vs Virtualization,,84,topic,,,roadmap.sh:nilbuild/developer-roadmap@master
backend,backend,sVuIdAe08IWJVqAt4z-ag,WebSockets,Real-Time Data,85,subtopic,,,roadmap.sh:nilbuild/developer-roadmap@master
backend,backend,RUSdlokJUcEYbCvq5FJBJ,Server Sent Events,Real-Time Data,86,subtopic,,,roadmap.sh:nilbuild/developer-roadmap@master
backend,backend,z5AdThp9ByulmM9uekgm-,Nginx,Web Servers,87,subtopic,,,roadmap.sh:nilbuild/developer-roadmap@master
backend,backend,Op-PSPNoyj6Ss9CS09AXh,Caddy,,88,subtopic,,,roadmap.sh:nilbuild/developer-roadmap@master
backend,backend,jjjonHTHHo-NiAf6p9xPv,Apache,Web Servers,89,subtopic,,,roadmap.sh:nilbuild/developer-roadmap@master
backend,backend,0NJDgfe6eMa7qPUOI6Eya,MS IIS,,90,subtopic,,,roadmap.sh:nilbuild/developer-roadmap@master
backend,backend,fekyMpEnaGqjh1Cu4Nyc4,Web Servers,,91,topic,,,roadmap.sh:nilbuild/developer-roadmap@master
backend,backend,SHmbcMRsc3SygEDksJQBD,Building For Scale,,92,topic,,,roadmap.sh:nilbuild/developer-roadmap@master
backend,backend,g8GjkJAhvnSxXTZks0V1g,Redis,,93,subtopic,,,roadmap.sh:nilbuild/developer-roadmap@master
backend,backend,xPvVwGQw28uMeLYIWn8yn,Memcached,Caching,94,subtopic,,,roadmap.sh:nilbuild/developer-roadmap@master
backend,backend,28U6q_X-NTYf7OSKHjoWH,MongoDB,,96,subtopic,,,roadmap.sh:nilbuild/developer-roadmap@master
backend,backend,qOlNzZ7U8LhIGukb67n7U,CouchDB,,97,subtopic,,,roadmap.sh:nilbuild/developer-roadmap@master
backend,backend,BTNJfWemFKEeNeTyENXui,Neo4j,,99,subtopic,,,roadmap.sh:nilbuild/developer-roadmap@master
backend,backend,G9AI_i3MkUE1BsO3_-PH7,Graceful Degradation,,102,subtopic,,,roadmap.sh:nilbuild/developer-roadmap@master
backend,backend,qAu-Y4KI2Z_y-EqiG86cR,Throttling,,103,subtopic,,,roadmap.sh:nilbuild/developer-roadmap@master
backend,backend,JansCqGDyXecQkD1K7E7e,Backpressure,,104,subtopic,,,roadmap.sh:nilbuild/developer-roadmap@master
backend,backend,HoQdX7a4SnkFRU4RPQ-D5,Loadshifting,,105,subtopic,,,roadmap.sh:nilbuild/developer-roadmap@master
backend,backend,spkiQTPvXY4qrhhVUkoPV,Circuit Breaker,,106,subtopic,,,roadmap.sh:nilbuild/developer-roadmap@master
backend,backend,f7iWBkC0X7yyCoP_YubVd,Migration Strategies,Building For Scale,107,subtopic,,,roadmap.sh:nilbuild/developer-roadmap@master
backend,backend,osQlGGy38xMcKLtgZtWaZ,Types of Scaling,,108,subtopic,,,roadmap.sh:nilbuild/developer-roadmap@master
backend,backend,4X-sbqpP0NDhM99bKdqIa,Instrumentation,,111,subtopic,,,roadmap.sh:nilbuild/developer-roadmap@master
backend,backend,QvMEEsXh0-rzn5hDGcmEv,Monitoring,,112,subtopic,,,roadmap.sh:nilbuild/developer-roadmap@master
backend,backend,neVRtPjIHP_VG7lHwfah0,Telemetry,,113,subtopic,,,roadmap.sh:nilbuild/developer-roadmap@master
backend,backend,jWwA6yX4Zjx-r_KpDaD3c,MD5,Web Security,115,subtopic,,,roadmap.sh:nilbuild/developer-roadmap@master
backend,backend,JVN38r5jENoteia3YeIQ3,SHA,Web Security,116,subtopic,,,roadmap.sh:nilbuild/developer-roadmap@master
backend,backend,kGTALrvCpxyVCXHRmkI7s,scrypt,Web Security,117,subtopic,,,roadmap.sh:nilbuild/developer-roadmap@master
backend,backend,dlG1bVkDmjI3PEGpkm1xH,bcrypt,Web Security,118,subtopic,,,roadmap.sh:nilbuild/developer-roadmap@master
backend,backend,x-WBJjBd8u93ym5gtxGsR,HTTPS,,119,subtopic,,,roadmap.sh:nilbuild/developer-roadmap@master
backend,backend,AAgciyxuDvS2B_c6FRMvT,OWASP Risks,,120,subtopic,,,roadmap.sh:nilbuild/developer-roadmap@master
backend,backend,0v3OsaghJEGHeXX0c5kqn,SSL/TLS,,121,subtopic,,,roadmap.sh:nilbuild/developer-roadmap@master
backend,backend,LU6WUbkWKbPM1rb2_gEqa,CORS,,122,subtopic,,,roadmap.sh:nilbuild/developer-roadmap@master
backend,backend,TZ0BWOENPv6pQm8qYB8Ow,Server Security,,123,subtopic,,,roadmap.sh:nilbuild/developer-roadmap@master
backend,backend,HgQBde1zLUFtlwB66PR6_,CSP,,124,subtopic,,,roadmap.sh:nilbuild/developer-roadmap@master
backend,backend,yCnn-NfSxIybUQ2iTuUGq,How does the internet work?,Internet,131,subtopic,,,roadmap.sh:nilbuild/developer-roadmap@master
backend,backend,R12sArWVpbIs_PHxBqVaR,What is HTTP?,Internet,132,subtopic,,,roadmap.sh:nilbuild/developer-roadmap@master
backend,backend,ZhSuu2VArnzPDp6dPQQSC,What is Domain Name?,Internet,133,subtopic,,,roadmap.sh:nilbuild/developer-roadmap@master
backend,backend,aqMaEY8gkKMikiqleV5EP,What is hosting?,Internet,134,subtopic,,,roadmap.sh:nilbuild/developer-roadmap@master
backend,backend,hkxw9jPGYphmjhTjw8766,DNS and how it works?,Internet,135,subtopic,,,roadmap.sh:nilbuild/developer-roadmap@master
backend,backend,P82WFaTPgQEPNp5IIuZ1Y,Browsers and how they work?,Internet,136,subtopic,,,roadmap.sh:nilbuild/developer-roadmap@master
backend,backend,PY9G7KQy8bF6eIdr1ydHf,Authentication,,137,subtopic,,,roadmap.sh:nilbuild/developer-roadmap@master
backend,backend,UxS_mzVUjLigEwKrXnEeB,JWT,,138,subtopic,,,roadmap.sh:nilbuild/developer-roadmap@master
backend,backend,yRiJgjjv2s1uV9vgo3n8m,Basic Authentication,,139,subtopic,,,roadmap.sh:nilbuild/developer-roadmap@master
backend,backend,0rGj7FThLJZouSQUhnqGW,Token Authentication,,140,subtopic,,,roadmap.sh:nilbuild/developer-roadmap@master
backend,backend,vp-muizdICcmU0gN8zmkS,OAuth,,141,subtopic,,,roadmap.sh:nilbuild/developer-roadmap@master
backend,backend,ffzsh8_5yRq85trFt9Xhk,Cookie Based Auth,,142,subtopic,,,roadmap.sh:nilbuild/developer-roadmap@master
backend,backend,z3EJBpgGm0_Uj3ymhypbX,OpenID,,143,subtopic,,,roadmap.sh:nilbuild/developer-roadmap@master
backend,backend,UCHtaePVxS-0kpqlYxbfC,SAML,,144,subtopic,,,roadmap.sh:nilbuild/developer-roadmap@master
backend,backend,NulaE1isWqn-feYHg4YQT,Elasticsearch,,148,subtopic,,,roadmap.sh:nilbuild/developer-roadmap@master
backend,backend,iN_1EuIwCx_7lRBw1Io4U,Solr,,149,subtopic,,,roadmap.sh:nilbuild/developer-roadmap@master
backend,backend,5XGvep2qoti31bsyqNzrU,Real-Time Data,,150,topic,,,roadmap.sh:nilbuild/developer-roadmap@master
backend,backend,osvajAJlwGI3XnX0fE-kA,Long Polling,Real-Time Data,151,subtopic,,,roadmap.sh:nilbuild/developer-roadmap@master
backend,backend,Tt7yr-ChHncJG0Ge1f0Xk,Short Polling,Real-Time Data,152,subtopic,,,roadmap.sh:nilbuild/developer-roadmap@master
backend,backend,M0iaSSdVPWaCUpyTG50Vf,Redis,,155,subtopic,,,roadmap.sh:nilbuild/developer-roadmap@master
backend,backend,dwfEHInbX2eFiafM-nRMX,DynamoDB,,156,subtopic,,,roadmap.sh:nilbuild/developer-roadmap@master
backend,backend,RyJFLLGieJ8Xjt-DlIayM,Firebase,,158,subtopic,,,roadmap.sh:nilbuild/developer-roadmap@master
backend,backend,5T0ljwlHL0545ICCeehcQ,RethinkDB,,159,subtopic,,,roadmap.sh:nilbuild/developer-roadmap@master
backend,backend,kdulE3Z_BdbtRmq6T2KmR,SQLite,Relational Databases,160,subtopic,,,roadmap.sh:nilbuild/developer-roadmap@master
backend,backend,XbM4TDImSH-56NsITjyHK,Influx DB,,162,subtopic,,,roadmap.sh:nilbuild/developer-roadmap@master
backend,backend,WiAK70I0z-_bzbWNwiHUd,TimeScale,,163,subtopic,,,roadmap.sh:nilbuild/developer-roadmap@master
backend,backend,gT6-z2vhdIQDzmR2K1g1U,Cassandra,,165,subtopic,,,roadmap.sh:nilbuild/developer-roadmap@master
backend,backend,QZwTLOvjUTaSb_9deuxsR,Base,,166,subtopic,,,roadmap.sh:nilbuild/developer-roadmap@master
backend,backend,5xy66yQrz1P1w7n6PcAFq,AWS Neptune,,167,subtopic,,,roadmap.sh:nilbuild/developer-roadmap@master
backend,backend,Z01E67D6KjrShvQCHjGR7,Observability,,168,subtopic,,,roadmap.sh:nilbuild/developer-roadmap@master
backend,backend,ZsZvStCvKwFhlBYe9HGhl,Migrations,More about Databases,172,subtopic,,,roadmap.sh:nilbuild/developer-roadmap@master
full-stack,fullstack,B0kARTODvCBi0iOF8iiqI,HTML,,10,topic,,,roadmap.sh:nilbuild/developer-roadmap@master
full-stack,fullstack,dAJHWmGeiYdzZ1ZjrWz1S,CSS,,11,topic,http://data.europa.eu/esco/skill/e5d1f825-60ed-4bdd-872a-e748c387f777,CSS,roadmap.sh:nilbuild/developer-roadmap@master
full-stack,fullstack,T9PB6WQf-Fa9NXKKvVOy_,JavaScript,,12,topic,http://data.europa.eu/esco/skill/3cd569a2-4f88-4c1e-9995-8dce8c5e51a7,JavaScript,roadmap.sh:nilbuild/developer-roadmap@master
full-stack,fullstack,mGgx_QTEPmVKf6AijX9fi,npm,,13,topic,,,roadmap.sh:nilbuild/developer-roadmap@master
full-stack,fullstack,WsdUAEaI7FX6DKKhPXUHp,Checkpoint - Static Webpages,,14,subtopic,,,roadmap.sh:nilbuild/developer-roadmap@master
full-stack,fullstack,2DFzoIUjKdAKGjfu_SCfa,Checkpoint - Interactivity,,16,subtopic,,,roadmap.sh:nilbuild/developer-roadmap@master
full-stack,fullstack,We2APJpOPTr-VNfowG0kI,Git,,18,topic,http://data.europa.eu/esco/skill/9d2e926f-53d9-41f5-98f3-19dfaa687f3f,tools for software configuration management,roadmap.sh:nilbuild/developer-roadmap@master
full-stack,fullstack,8sPXL8iClpPqje03ksses,GitHub,,19,topic,,,roadmap.sh:nilbuild/developer-roadmap@master
full-stack,fullstack,R4aeJNOrfWyVp3ea-qF4H,Checkpoint - External Packages,,20,subtopic,,,roadmap.sh:nilbuild/developer-roadmap@master
full-stack,fullstack,CVCqdPkq_hGQfI8EEi5RC,Tailwind CSS,,22,topic,,,roadmap.sh:nilbuild/developer-roadmap@master
full-stack,fullstack,khoUtTUxdf8udAzN9_CAb,React,,23,topic,,,roadmap.sh:nilbuild/developer-roadmap@master
full-stack,fullstack,zFGWxgLPcZoW7KIzlnSV9,Checkpoint - Collaborative Work,,24,subtopic,,,roadmap.sh:nilbuild/developer-roadmap@master
full-stack,fullstack,7JU1cVggMDoZUV-adGsf-,Checkpoint - Frontend Apps,,28,subtopic,,,roadmap.sh:nilbuild/developer-roadmap@master
full-stack,fullstack,_aA6Hp4KkgJeptqo8oKTg,Node.js,,29,topic,,,roadmap.sh:nilbuild/developer-roadmap@master
full-stack,fullstack,JGu0TKwAw-ieiG92BytYI,Checkpoint — CLI Apps,,33,subtopic,,,roadmap.sh:nilbuild/developer-roadmap@master
full-stack,fullstack,vmHbWdmMHF53otXIrqzRV,RESTful APIs,,35,topic,,,roadmap.sh:nilbuild/developer-roadmap@master
full-stack,fullstack,3EtGLO6cwkLc1-o9gwFNk,Checkpoint — Simple CRUD Apps,,36,subtopic,,,roadmap.sh:nilbuild/developer-roadmap@master
full-stack,fullstack,vHojhJYjiN0IwruEqi1Dv,JWT Auth,,38,topic,,,roadmap.sh:nilbuild/developer-roadmap@master
full-stack,fullstack,Onfd7Sl8LG2sjh2aQY7gb,Redis,,39,topic,,,roadmap.sh:nilbuild/developer-roadmap@master
full-stack,fullstack,SHTSvMDqI7X1_ZT7-m--n,Linux Basics,,40,topic,,,roadmap.sh:nilbuild/developer-roadmap@master
full-stack,fullstack,v4NF25lJElAtkU0Rm6Fob,Checkpoint — Complete App,,42,subtopic,,,roadmap.sh:nilbuild/developer-roadmap@master
full-stack,fullstack,cUOfvOlQ_0Uu1VX3i67kJ,Basic AWS Services,,45,topic,,,roadmap.sh:nilbuild/developer-roadmap@master
full-stack,fullstack,6oBIxYj8WPcUHidQ99tus,EC2,,46,subtopic,,,roadmap.sh:nilbuild/developer-roadmap@master
full-stack,fullstack,QtL-bLKtWIdH00K6k_PdC,VPC,,47,subtopic,,,roadmap.sh:nilbuild/developer-roadmap@master
full-stack,fullstack,5zyYpu9cyuTFwQCjTbHpS,Route53,,48,subtopic,,,roadmap.sh:nilbuild/developer-roadmap@master
full-stack,fullstack,B-cphY7Imnv6JBMujVIF7,SES,,49,subtopic,,,roadmap.sh:nilbuild/developer-roadmap@master
full-stack,fullstack,n2Xp_ijJ2OS8xhE7xMWxk,S3,,50,subtopic,,,roadmap.sh:nilbuild/developer-roadmap@master
full-stack,fullstack,y1SFX7uvWaCy4OYBnECLu,Monit,,52,topic,,,roadmap.sh:nilbuild/developer-roadmap@master
full-stack,fullstack,HGhnbMg6jh6cAmUH4DtOx,PostgreSQL,,53,topic,http://data.europa.eu/esco/skill/a8d07b5a-c1a1-42c6-9d53-db9c7a2ca996,PostgreSQL,roadmap.sh:nilbuild/developer-roadmap@master
full-stack,fullstack,J2_IWAb1s9zZcxOY3NXm2,Checkpoint — Deployment,,54,subtopic,,,roadmap.sh:nilbuild/developer-roadmap@master
full-stack,fullstack,863KMXcFJzInvTp_-Ldmz,GitHub Actions,,55,topic,,,roadmap.sh:nilbuild/developer-roadmap@master
full-stack,fullstack,NQmEl27eBPYhivcXdOEz3,Checkpoint — Monitoring,,57,subtopic,,,roadmap.sh:nilbuild/developer-roadmap@master
full-stack,fullstack,rFXupYpUFfp7vZO8zh614,Ansible,,58,topic,http://data.europa.eu/esco/skill/6f8a40d6-f9ce-43ec-a72f-d4213a53f3ed,Ansible,roadmap.sh:nilbuild/developer-roadmap@master
full-stack,fullstack,liaY1GnlOateB_ZKBjNpY,Checkpoint — CI / CD,,60,subtopic,,,roadmap.sh:nilbuild/developer-roadmap@master
full-stack,fullstack,2kKHuQZScu7hCDgQWxl5u,Terraform,,61,topic,,,roadmap.sh:nilbuild/developer-roadmap@master
full-stack,fullstack,sO_9-l4FECbaqiaFnyeXO,Checkpoint — Automation,,63,subtopic,,,roadmap.sh:nilbuild/developer-roadmap@master
full-stack,fullstack,YVMyHFSCVF-GgXydq-SFJ,Checkpoint — Infrastructure,,65,subtopic,,,roadmap.sh:nilbuild/developer-roadmap@master
devops,devops,v5FGKQc-_7NYEsWjmTEuq,Learn a Programming Language,,14,topic,,,roadmap.sh:nilbuild/developer-roadmap@master
devops,devops,TwVfCYMS9jSaJ6UyYmC-K,Python,Learn a Programming Language,15,subtopic,http://data.europa.eu/esco/skill/ccd0a1d9-afda-43d9-b901-96344886e14d,Python (computer programming),roadmap.sh:nilbuild/developer-roadmap@master
devops,devops,PuXAPYA0bsMgwcnlwJxQn,Ruby,,16,subtopic,http://data.europa.eu/esco/skill/0ccdfe98-f845-4598-84a1-3dca66e9d9a3,Ruby (computer programming),roadmap.sh:nilbuild/developer-roadmap@master
devops,devops,npnMwSDEK2aLGgnuZZ4dO,Go,Learn a Programming Language,17,subtopic,,,roadmap.sh:nilbuild/developer-roadmap@master
devops,devops,eL62bKAoJCMsu7zPlgyhy,Rust,,18,subtopic,,,roadmap.sh:nilbuild/developer-roadmap@master
devops,devops,QCdemtWa2mE78poNXeqzr,JavaScript / Node.js,Learn a Programming Language,19,subtopic,,,roadmap.sh:nilbuild/developer-roadmap@master
devops,devops,qe84v529VbCyydl0BKFk2,Operating System,,21,topic,,,roadmap.sh:nilbuild/developer-roadmap@master
devops,devops,cTqVab0VbVcn3W7i0wBrX,Ubuntu / Debian,,24,subtopic,,,roadmap.sh:nilbuild/developer-roadmap@master
devops,devops,zhNUK953p6tjREndk3yQZ,SUSE Linux,,25,subtopic,,,roadmap.sh:nilbuild/developer-roadmap@master
devops,devops,7mS6Y_BOAHNgM3OjyFtZ9,RHEL / Derivatives,,26,subtopic,,,roadmap.sh:nilbuild/developer-roadmap@master
devops,devops,PiPHFimToormOPl1EtEe8,FreeBSD,,27,subtopic,,,roadmap.sh:nilbuild/developer-roadmap@master
devops,devops,97cJYKqv7CPPUXkKNwM4x,OpenBSD,,28,subtopic,,,roadmap.sh:nilbuild/developer-roadmap@master
devops,devops,haiYSwNt3rjiiwCDszPk1,NetBSD,,29,subtopic,,,roadmap.sh:nilbuild/developer-roadmap@master
devops,devops,UOQimp7QkM3sxmFvk5d3i,Windows,Operating System,30,subtopic,,,roadmap.sh:nilbuild/developer-roadmap@master
devops,devops,wjJPzrFJBNYOD3SJLzW2M,Terminal Knowledge,,31,topic,,,roadmap.sh:nilbuild/developer-roadmap@master
devops,devops,x-JWvG1iw86ULL9KrQmRu,Process Monitoring,Terminal Knowledge,32,subtopic,,,roadmap.sh:nilbuild/developer-roadmap@master
devops,devops,gIEQDgKOsoEnSv8mpEzGH,Performance Monitoring,Terminal Knowledge,33,subtopic,,,roadmap.sh:nilbuild/developer-roadmap@master
devops,devops,OaqKLZe-XnngcDhDzCtRt,Networking Tools,Terminal Knowledge,34,subtopic,,,roadmap.sh:nilbuild/developer-roadmap@master
devops,devops,cUifrP7v55psTb20IZndf,Text Manipulation,Terminal Knowledge,35,subtopic,,,roadmap.sh:nilbuild/developer-roadmap@master
devops,devops,syBIAL1mHbJLnTBoSxXI7,Bash,,36,subtopic,http://data.europa.eu/esco/skill/21d2f96d-35f7-4e3f-9745-c533d2dd6e97,computer programming,roadmap.sh:nilbuild/developer-roadmap@master
devops,devops,z6IBekR8Xl-6f8WEb05Nw,Power Shell,Terminal Knowledge,37,subtopic,http://data.europa.eu/esco/skill/21d2f96d-35f7-4e3f-9745-c533d2dd6e97,computer programming,roadmap.sh:nilbuild/developer-roadmap@master
devops,devops,Jt8BmtLUH6fHT2pGKoJs3,Vim / Nano /  Emacs,Terminal Knowledge,38,subtopic,,,roadmap.sh:nilbuild/developer-roadmap@master
devops,devops,LvhFmlxz5uIy7k_nzx2Bv,Version Control Systems,,40,topic,,,roadmap.sh:nilbuild/developer-roadmap@master
devops,devops,uyDm1SpOQdpHjq9zBAdck,Git,Version Control Systems,41,subtopic,http://data.europa.eu/esco/skill/9d2e926f-53d9-41f5-98f3-19dfaa687f3f,tools for software configuration management,roadmap.sh:nilbuild/developer-roadmap@master
devops,devops,h10BH3OybHcIN2iDTSGkn,VCS Hosting,,42,topic,,,roadmap.sh:nilbuild/developer-roadmap@master
devops,devops,ot9I_IHdnq2yAMffrSrbN,GitHub,VCS Hosting,43,subtopic,,,roadmap.sh:nilbuild/developer-roadmap@master
devops,devops,oQIB0KE0BibjIYmxrpPZS,GitLab,VCS Hosting,44,subtopic,,,roadmap.sh:nilbuild/developer-roadmap@master
devops,devops,Z7SsBWgluZWr9iWb2e9XO,Bitbucket,VCS Hosting,45,subtopic,,,roadmap.sh:nilbuild/developer-roadmap@master
devops,devops,jCWrnQNgjHKyhzd9dwOHz,What is and how to setup X ?,,46,topic,,,roadmap.sh:nilbuild/developer-roadmap@master
devops,devops,F93XnRj0BLswJkzyRggLS,Forward Proxy,,47,subtopic,,,roadmap.sh:nilbuild/developer-roadmap@master
devops,devops,f3tM2uo6LLSOmyeFfLc7h,Firewall,,48,subtopic,,,roadmap.sh:nilbuild/developer-roadmap@master
devops,devops,ukOrSeyK1ElOt9tTjCkfO,Nginx,,49,subtopic,,,roadmap.sh:nilbuild/developer-roadmap@master
devops,devops,dF3otkMMN09tgCzci8Jyv,Tomcat,,50,subtopic,http://data.europa.eu/esco/skill/0fb753a1-2ef2-4429-84d2-ecb2b24daf7a,Apache Tomcat,roadmap.sh:nilbuild/developer-roadmap@master
devops,devops,0_GMTcMeZv3A8dYkHRoW7,Apache,,51,subtopic,,,roadmap.sh:nilbuild/developer-roadmap@master
devops,devops,54UZNO2q8M5FiA_XbcU_D,Caddy,,52,subtopic,,,roadmap.sh:nilbuild/developer-roadmap@master
devops,devops,5iJOE1QxMvf8BQ_8ssiI8,IIS,,53,subtopic,,,roadmap.sh:nilbuild/developer-roadmap@master
devops,devops,R4XSY4TSjU1M7cW66zUqJ,Caching Server,,54,subtopic,,,roadmap.sh:nilbuild/developer-roadmap@master
devops,devops,i8Sd9maB_BeFurULrHXNq,Load Balancer,,55,subtopic,,,roadmap.sh:nilbuild/developer-roadmap@master
devops,devops,eGF7iyigl57myx2ejpmNC,Reverse Proxy,,56,subtopic,,,roadmap.sh:nilbuild/developer-roadmap@master
devops,devops,CQhUflAcv1lhBnmDY0gaz,Containers,,57,topic,,,roadmap.sh:nilbuild/developer-roadmap@master
devops,devops,P0acFNZ413MSKElHqCxr3,Docker,,58,subtopic,,,roadmap.sh:nilbuild/developer-roadmap@master
devops,devops,qYRJYIZsmf-inMqKECRkI,LXC,Containers,59,subtopic,,,roadmap.sh:nilbuild/developer-roadmap@master
devops,devops,2Wd9SlWGg6QtxgiUVLyZL,Cloud Providers,,60,topic,,,roadmap.sh:nilbuild/developer-roadmap@master
devops,devops,1ieK6B_oqW8qOC6bdmiJe,AWS,,61,subtopic,,,roadmap.sh:nilbuild/developer-roadmap@master
devops,devops,ctor79Vd7EXDMdrLyUcu_,Azure,,62,subtopic,,,roadmap.sh:nilbuild/developer-roadmap@master
devops,devops,zYrOxFQkl3KSe67fh3smD,Google Cloud,,63,subtopic,,,roadmap.sh:nilbuild/developer-roadmap@master
devops,devops,-h-kNVDNzZYnQAR_4lfXc,Digital Ocean,,64,subtopic,,,roadmap.sh:nilbuild/developer-roadmap@master
devops,devops,YUJf-6ccHvYjL_RzufQ-G,Alibaba Cloud,,65,subtopic,,,roadmap.sh:nilbuild/developer-roadmap@master
devops,devops,I327qPYGMcdayRR5WT0Ek,Hetzner,,66,subtopic,,,roadmap.sh:nilbuild/developer-roadmap@master
devops,devops,FaPf567JGRAg1MBlFj9Tk,Heroku,,67,subtopic,,,roadmap.sh:nilbuild/developer-roadmap@master
devops,devops,eJZdjheptmiwKsVokt7Io,Contabo,,68,subtopic,,,roadmap.sh:nilbuild/developer-roadmap@master
devops,devops,RDLmML_HS2c8J4D_U_KYe,FTP / SFTP,,69,subtopic,,,roadmap.sh:nilbuild/developer-roadmap@master
devops,devops,Vu955vdsYerCG8G6suqml,DNS,,70,subtopic,http://data.europa.eu/esco/skill/071233c4-ad2b-4f50-b79f-768d2231163e,domain name service,roadmap.sh:nilbuild/developer-roadmap@master
devops,devops,ke-8MeuLx7AS2XjSsPhxe,HTTP,,71,subtopic,,,roadmap.sh:nilbuild/developer-roadmap@master
devops,devops,AJO3jtHvIICj8YKaSXl0U,HTTPS,,72,subtopic,,,roadmap.sh:nilbuild/developer-roadmap@master
devops,devops,0o6ejhfpmO4S8A6djVWva,SSL / TLS,,73,subtopic,,,roadmap.sh:nilbuild/developer-roadmap@master
devops,devops,wcIRMLVm3SdEJWF9RPfn7,SSH,,74,subtopic,,,roadmap.sh:nilbuild/developer-roadmap@master
devops,devops,E-lSLGzgOPrz-25ER2Hk7,White / Grey Listing,,75,subtopic,,,roadmap.sh:nilbuild/developer-roadmap@master
devops,devops,zJy9dOynWgLTDKI1iBluG,SMTP,,76,subtopic,,,roadmap.sh:nilbuild/developer-roadmap@master
devops,devops,5vUKHuItQfkarp7LtACvX,DMARC,,77,subtopic,,,roadmap.sh:nilbuild/developer-roadmap@master
devops,devops,WMuXqa4b5wyRuYAQKQJRj,IMAP,,78,subtopic,,,roadmap.sh:nilbuild/developer-roadmap@master
devops,devops,ewcJfnDFKXN8I5TLpXEaB,SPF,,79,subtopic,,,roadmap.sh:nilbuild/developer-roadmap@master
devops,devops,fzO6xVTBxliu24f3W5zaU,POP3S,,80,subtopic,,,roadmap.sh:nilbuild/developer-roadmap@master
devops,devops,RYCD78msIR2BPJoIP71aj,Domain Keys,,81,subtopic,,,roadmap.sh:nilbuild/developer-roadmap@master
devops,devops,QZ7bkY-MaEgxYoPDP3nma,OSI Model,,83,subtopic,,,roadmap.sh:nilbuild/developer-roadmap@master
devops,devops,w5d24Sf8GDkLDLGUPxzS9,Networking & Protocols,,84,topic,,,roadmap.sh:nilbuild/developer-roadmap@master
devops,devops,9p_ufPj6QH9gHbWBQUmGw,Serverless,,85,topic,,,roadmap.sh:nilbuild/developer-roadmap@master
devops,devops,LZDRgDxEZ3klp2PrrJFBX,Vercel,,86,subtopic,,,roadmap.sh:nilbuild/developer-roadmap@master
devops,devops,l8VAewSEXzoyqYFhoplJj,Cloudflare,,87,subtopic,,,roadmap.sh:nilbuild/developer-roadmap@master
devops,devops,mlrlf2McMI7IBhyEdq0Nf,Azure Functions,,88,subtopic,,,roadmap.sh:nilbuild/developer-roadmap@master
devops,devops,UfQrIJ-uMNJt9H_VM_Q5q,AWS Lambda,,89,subtopic,,,roadmap.sh:nilbuild/developer-roadmap@master
devops,devops,hCKODV2b_l2uPit0YeP1M,Netlify,,90,subtopic,,,roadmap.sh:nilbuild/developer-roadmap@master
devops,devops,1oYvpFG8LKT1JD6a_9J0m,Provisioning,,91,topic,,,roadmap.sh:nilbuild/developer-roadmap@master
devops,devops,XA__697KgofsH28coQ-ma,AWS CDK,Provisioning,92,subtopic,,,roadmap.sh:nilbuild/developer-roadmap@master
devops,devops,TgBb4aL_9UkyU36CN4qvS,CloudFormation,,93,subtopic,,,roadmap.sh:nilbuild/developer-roadmap@master
devops,devops,O0xZ3dy2zIDbOetVrgna6,Pulumi,,94,subtopic,,,roadmap.sh:nilbuild/developer-roadmap@master
devops,devops,nUBGf1rp9GK_pbagWCP9g,Terraform,,95,subtopic,,,roadmap.sh:nilbuild/developer-roadmap@master
devops,devops,V9sOxlNOyRp0Mghl7zudv,Configuration Management,,96,topic,,,roadmap.sh:nilbuild/developer-roadmap@master
devops,devops,h9vVPOmdUSeEGVQQaSTH5,Ansible,Configuration Management,97,subtopic,http://data.europa.eu/esco/skill/6f8a40d6-f9ce-43ec-a72f-d4213a53f3ed,Ansible,roadmap.sh:nilbuild/developer-roadmap@master
devops,devops,kv508kxzUj_CjZRb-TeRv,Chef,Configuration Management,98,subtopic,,,roadmap.sh:nilbuild/developer-roadmap@master
devops,devops,yP1y8U3eblpzbaLiCGliU,Puppet,Configuration Management,99,subtopic,http://data.europa.eu/esco/skill/6417a4cc-6f61-4459-a114-761a7fa0279d,Puppet (tools for software configuration management),roadmap.sh:nilbuild/developer-roadmap@master
devops,devops,aQJaouIaxIJChM-40M3HQ,CI / CD Tools,,100,topic,,,roadmap.sh:nilbuild/developer-roadmap@master
devops,devops,JnWVCS1HbAyfCJzGt-WOH,GitHub Actions,CI / CD Tools,101,subtopic,,,roadmap.sh:nilbuild/developer-roadmap@master
devops,devops,2KjSLLVTvl2G2KValw7S7,GitLab CI,,102,subtopic,,,roadmap.sh:nilbuild/developer-roadmap@master
devops,devops,dUapFp3f0Rum-rf_Vk_b-,Jenkins,CI / CD Tools,103,subtopic,http://data.europa.eu/esco/skill/f47a1998-0beb-43be-9f46-380aa4d183da,Jenkins (tools for software configuration management),roadmap.sh:nilbuild/developer-roadmap@master
devops,devops,-pGF3soruWWxwE4LxE5Vk,Travis CI,,104,subtopic,,,roadmap.sh:nilbuild/developer-roadmap@master
devops,devops,1-JneOQeGhox-CKrdiquq,Circle CI,CI / CD Tools,105,subtopic,,,roadmap.sh:nilbuild/developer-roadmap@master
devops,devops,TsXFx1wWikVBVoFUUDAMx,Drone,CI / CD Tools,106,subtopic,,,roadmap.sh:nilbuild/developer-roadmap@master
devops,devops,L000AbzF3oLcn4B1eUIYX,TeamCity,,107,subtopic,,,roadmap.sh:nilbuild/developer-roadmap@master
devops,devops,hcrPpjFxPi_iLiMdLKJrO,Secret Management,,108,topic,,,roadmap.sh:nilbuild/developer-roadmap@master
devops,devops,ZWq23Q9ZNxLNti68oltxA,Sealed Secrets,Secret Management,109,subtopic,,,roadmap.sh:nilbuild/developer-roadmap@master
devops,devops,yQ4d2uiROZYr950cjYnQE,Cloud Specific Tools,Secret Management,110,subtopic,,,roadmap.sh:nilbuild/developer-roadmap@master
devops,devops,tZzvs80KzqT8aDvEyjack,Vault,Secret Management,111,subtopic,,,roadmap.sh:nilbuild/developer-roadmap@master
devops,devops,GHQWHLxsO40kJ6z_YCinJ,SOPs,,112,subtopic,,,roadmap.sh:nilbuild/developer-roadmap@master
devops,devops,qqRLeTpuoW64H9LvY0U_w,Infrastructure Monitoring,,113,topic,,,roadmap.sh:nilbuild/developer-roadmap@master
devops,devops,W9sKEoDlR8LzocQkqSv82,Zabbix,,114,subtopic,,,roadmap.sh:nilbuild/developer-roadmap@master
devops,devops,NiVvRbCOCDpVvif48poCo,Prometheus,Infrastructure Monitoring,115,subtopic,,,roadmap.sh:nilbuild/developer-roadmap@master
devops,devops,bujq_C-ejtpmk-ICALByy,Datadog,,116,subtopic,,,roadmap.sh:nilbuild/developer-roadmap@master
devops,devops,niA_96yR7uQ0sc6S_OStf,Grafana,,117,subtopic,,,roadmap.sh:nilbuild/developer-roadmap@master
devops,devops,gaoZjOYmU0J5aM6vtLNvN,Logs Management,,118,topic,,,roadmap.sh:nilbuild/developer-roadmap@master
devops,devops,K_qLhK2kKN_uCq7iVjqph,Elastic Stack,,119,subtopic,,,roadmap.sh:nilbuild/developer-roadmap@master
devops,devops,s_kss4FJ2KyZRdcKNHK2v,Graylog,Logs Management,120,subtopic,,,roadmap.sh:nilbuild/developer-roadmap@master
devops,devops,dZID_Y_uRTF8JlfDCqeqs,Splunk,,121,subtopic,,,roadmap.sh:nilbuild/developer-roadmap@master
devops,devops,cjjMZdyLgakyVkImVQTza,Papertrail,,122,subtopic,,,roadmap.sh:nilbuild/developer-roadmap@master
devops,devops,Yq8kVoRf20aL_o4VZU5--,Container Orchestration,,123,topic,,,roadmap.sh:nilbuild/developer-roadmap@master
devops,devops,XbrWlTyH4z8crSHkki2lp,GKE / EKS / AKS,,124,subtopic,,,roadmap.sh:nilbuild/developer-roadmap@master
devops,devops,FE2h-uQy6qli3rKERci1j,AWS ECS / Fargate,,125,subtopic,,,roadmap.sh:nilbuild/developer-roadmap@master
devops,devops,VD24HC9qJOC42lbpJ-swC,Docker Swarm,,126,subtopic,,,roadmap.sh:nilbuild/developer-roadmap@master
devops,devops,zuBAjrqQPjj-0DHGjCaqT,Artifact Management,,127,topic,,,roadmap.sh:nilbuild/developer-roadmap@master
devops,devops,C_sFyIsIIpriZlovvcbSE,Artifactory,,128,subtopic,,,roadmap.sh:nilbuild/developer-roadmap@master
devops,devops,ootuLJfRXarVvm3J1Ir11,Nexus,,129,subtopic,,,roadmap.sh:nilbuild/developer-roadmap@master
devops,devops,vsmE6EpCc2DFGk1YTbkHS,Cloud Smith,Artifact Management,130,subtopic,,,roadmap.sh:nilbuild/developer-roadmap@master
devops,devops,-INN1qTMLimrZgaSPCcHj,GitOps,,131,topic,,,roadmap.sh:nilbuild/developer-roadmap@master
devops,devops,i-DLwNXdCUUug6lfjkPSy,ArgoCD,,132,subtopic,,,roadmap.sh:nilbuild/developer-roadmap@master
devops,devops,6gVV_JUgKgwJb4C8tHZn7,FluxCD,GitOps,133,subtopic,,,roadmap.sh:nilbuild/developer-roadmap@master
devops,devops,EeWsihH9ehbFKebYoB5i9,Service Mesh,,134,topic,,,roadmap.sh:nilbuild/developer-roadmap@master
devops,devops,XsSnqW6k2IzvmrMmJeU6a,Istio,Service Mesh,135,subtopic,,,roadmap.sh:nilbuild/developer-roadmap@master
devops,devops,OXOTm3nz6o44p50qd0brN,Consul,Service Mesh,136,subtopic,,,roadmap.sh:nilbuild/developer-roadmap@master
devops,devops,hhoSe4q1u850PgK62Ubau,Linkerd,Service Mesh,137,subtopic,,,roadmap.sh:nilbuild/developer-roadmap@master
devops,devops,epLLYArR16HlhAS4c33b4,Envoy,Service Mesh,138,subtopic,,,roadmap.sh:nilbuild/developer-roadmap@master
devops,devops,Qc0MGR5bMG9eeM5Zb9PMk,Cloud Design Patterns,,139,topic,,,roadmap.sh:nilbuild/developer-roadmap@master
devops,devops,JCe3fcOf-sokTJURyX1oI,Availability,Cloud Design Patterns,140,subtopic,,,roadmap.sh:nilbuild/developer-roadmap@master
devops,devops,5FN7iva4DW_lv-r1tijd8,Data Management,Cloud Design Patterns,141,subtopic,,,roadmap.sh:nilbuild/developer-roadmap@master
devops,devops,1_NRXjckZ0F8EtEmgixqz,Design and Implementation,Cloud Design Patterns,142,subtopic,,,roadmap.sh:nilbuild/developer-roadmap@master
devops,devops,8kby89epyullS9W7uKDrs,Management and Monitoring,Cloud Design Patterns,143,subtopic,,,roadmap.sh:nilbuild/developer-roadmap@master
devops,devops,w2eCgBC-ydMHSxh7LMti8,Loki,,153,subtopic,,,roadmap.sh:nilbuild/developer-roadmap@master
devops,devops,hIBeTUiAI3zwUY6NgAO-A,Kubernetes,,154,subtopic,,,roadmap.sh:nilbuild/developer-roadmap@master
devops,devops,JXsctlXUUS1ie8nNEgIk9,GCP Functions,,157,subtopic,,,roadmap.sh:nilbuild/developer-roadmap@master
devops,devops,wNguM6-YEznduz3MgBCYo,Application Monitoring,,158,topic,,,roadmap.sh:nilbuild/developer-roadmap@master
devops,devops,8rd7T5ahK2I_zh5co-IF-,Jaeger,Application Monitoring,159,subtopic,,,roadmap.sh:nilbuild/developer-roadmap@master
devops,devops,pk76Us6z8LoX3f0mhnCyR,New Relic,,160,subtopic,,,roadmap.sh:nilbuild/developer-roadmap@master
devops,devops,BHny2Emf96suhAlltiEro,Datadog,,161,subtopic,,,roadmap.sh:nilbuild/developer-roadmap@master
devops,devops,eOyu4wmKOrcMlhD8pUGGh,Prometheus,,162,subtopic,,,roadmap.sh:nilbuild/developer-roadmap@master
devops,devops,K81bmtgnB1gfhYdi3TB5a,OpenTelemetry,,163,subtopic,,,roadmap.sh:nilbuild/developer-roadmap@master
android,mobile,Suws-7f_6Z1ChpfcnxX2M,Pick a Language,,18,topic,,,roadmap.sh:nilbuild/developer-roadmap@master
android,mobile,qIzUv8-GgQnkqChEdgD50,Kotlin,Pick a Language,19,subtopic,,,roadmap.sh:nilbuild/developer-roadmap@master
android,mobile,RBABbkzD_uNFwEO-hssZO,Java,Pick a Language,20,subtopic,http://data.europa.eu/esco/skill/19a8293b-8e95-4de3-983f-77484079c389,Java (computer programming),roadmap.sh:nilbuild/developer-roadmap@master
android,mobile,HlUUGj3dOZ68t4gIjerXh,The Fundamentals,,21,topic,,,roadmap.sh:nilbuild/developer-roadmap@master
android,mobile,ZRGsokU313Ky-anWbWK6q,Development IDE,The Fundamentals,22,subtopic,,,roadmap.sh:nilbuild/developer-roadmap@master
android,mobile,jl1FsQ5-WGKeFyaILNt_p,Basics of Kotlin,The Fundamentals,23,subtopic,,,roadmap.sh:nilbuild/developer-roadmap@master
android,mobile,j69erqfosSZMDlmKcnnn0,Basics of OOP,The Fundamentals,24,subtopic,,,roadmap.sh:nilbuild/developer-roadmap@master
android,mobile,cNeT1dJDfgn0ndPzSxhSL,Data Structures and Algorithms,The Fundamentals,25,subtopic,,,roadmap.sh:nilbuild/developer-roadmap@master
android,mobile,FVxNjbDBxgf6vkZWw1Awt,What is and how to use Gradle?,The Fundamentals,26,subtopic,,,roadmap.sh:nilbuild/developer-roadmap@master
android,mobile,5m_7DvInF8C_4Ml1xVI6L,Create a Basic Hello World App,The Fundamentals,27,subtopic,,,roadmap.sh:nilbuild/developer-roadmap@master
android,mobile,5s1CqsYCOXjNroDHaGKGa,Version Control,,28,topic,,,roadmap.sh:nilbuild/developer-roadmap@master
android,mobile,rqSZ2ATeHbOdIQE9Jlb0B,Git,,29,subtopic,http://data.europa.eu/esco/skill/9d2e926f-53d9-41f5-98f3-19dfaa687f3f,tools for software configuration management,roadmap.sh:nilbuild/developer-roadmap@master
android,mobile,H-2eb8fLwz8IKYXbeSVKK,GitHub,,30,subtopic,,,roadmap.sh:nilbuild/developer-roadmap@master
android,mobile,5LFZdUiFYYU_1sYsouyan,Bitbucket,,31,subtopic,,,roadmap.sh:nilbuild/developer-roadmap@master
android,mobile,Q47BtQphp59NkkZoeNXmP,GitLab,,32,subtopic,,,roadmap.sh:nilbuild/developer-roadmap@master
android,mobile,5Li8J5iR_ZuyIlxX0LYei,App Components,,34,topic,,,roadmap.sh:nilbuild/developer-roadmap@master
android,mobile,nwuVlPmzwJ17mtVQ8Hi9w,Activity,App Components,35,subtopic,,,roadmap.sh:nilbuild/developer-roadmap@master
android,mobile,PcHmU1c9hqKyzSjwlRPHk,Services,,36,subtopic,,,roadmap.sh:nilbuild/developer-roadmap@master
android,mobile,nkcdjrswv0WCzUs48BAt9,Content Provider,,37,subtopic,,,roadmap.sh:nilbuild/developer-roadmap@master
android,mobile,tFuAToid1Fkmu96BDtW7K,Broadcast Receiver,,38,subtopic,,,roadmap.sh:nilbuild/developer-roadmap@master
android,mobile,hv_9imIQpthxEaMLXEUHI,Intent,,39,subtopic,,,roadmap.sh:nilbuild/developer-roadmap@master
android,mobile,FVg438cVBBzqJFkGWVbQM,Activity LifeCycle,,40,subtopic,,,roadmap.sh:nilbuild/developer-roadmap@master
android,mobile,oUjetA2eduvQIeLcQlLcu,State Changes,,41,subtopic,,,roadmap.sh:nilbuild/developer-roadmap@master
android,mobile,-O-G9bg36ut8NnZcdOaop,Tasks & Backstack,,42,subtopic,,,roadmap.sh:nilbuild/developer-roadmap@master
android,mobile,gGdz3j33x0gfrFDp_rw8Z,Implicit Intents,,43,subtopic,,,roadmap.sh:nilbuild/developer-roadmap@master
android,mobile,TmIeCF3xVCe5Sy3ITmM31,Explicit Intents,,44,subtopic,,,roadmap.sh:nilbuild/developer-roadmap@master
android,mobile,b-sfh6NoS-APqaNKm5L5S,Intent Filters,,45,subtopic,,,roadmap.sh:nilbuild/developer-roadmap@master
android,mobile,jePGzTejFe4ryA5qFFmjl,Design & Architecture,,46,topic,,,roadmap.sh:nilbuild/developer-roadmap@master
android,mobile,Dp2DOX10u2xJUjB8Okhzh,Frame,,47,subtopic,,,roadmap.sh:nilbuild/developer-roadmap@master
android,mobile,U8iMGGOd2EgPxSuwSG39Z,Linear,,48,subtopic,,,roadmap.sh:nilbuild/developer-roadmap@master
android,mobile,yE0qAQZiEC9R8WvCdskpr,Relative,,49,subtopic,,,roadmap.sh:nilbuild/developer-roadmap@master
android,mobile,3fFNMhQIuuh-NRzSXYpXO,Constraint,,50,subtopic,,,roadmap.sh:nilbuild/developer-roadmap@master
android,mobile,xIvplWfe-uDr9iHjPT1Mx,RecyclerView,,51,subtopic,,,roadmap.sh:nilbuild/developer-roadmap@master
android,mobile,znvZp24L-PcQwkSObtixs,TextView,,55,subtopic,,,roadmap.sh:nilbuild/developer-roadmap@master
android,mobile,2iDJrxjXOt7o2fPp2HfRl,Fragments,,56,subtopic,,,roadmap.sh:nilbuild/developer-roadmap@master
android,mobile,boMz0HZlMAsLdCZlpUo-H,EditText,,57,subtopic,,,roadmap.sh:nilbuild/developer-roadmap@master
android,mobile,Mtx0bY0drmaTw8sCM5YTl,Dialogs,,58,subtopic,,,roadmap.sh:nilbuild/developer-roadmap@master
android,mobile,WhfzFOUpm0DFEj7Oeq21R,Buttons,,59,subtopic,,,roadmap.sh:nilbuild/developer-roadmap@master
android,mobile,BVgO9n7tGlVdiS72-hFSd,Toast,,60,subtopic,,,roadmap.sh:nilbuild/developer-roadmap@master
android,mobile,A4rtNULX_MoV93IH1Lgqw,ImageView,,61,subtopic,,,roadmap.sh:nilbuild/developer-roadmap@master
android,mobile,Z4Tbd5ClnqCXGPGG09F-G,Bottom Sheet,,62,subtopic,,,roadmap.sh:nilbuild/developer-roadmap@master
android,mobile,EzLjX4iRT7AxkAOsJYnSU,ListView,,63,subtopic,,,roadmap.sh:nilbuild/developer-roadmap@master
android,mobile,amTxz7mS98lkhOrNMJXG_,Drawer,,64,subtopic,,,roadmap.sh:nilbuild/developer-roadmap@master
android,mobile,pEBpXv3Jf1AzBNHlvVrG8,Tabs,,65,subtopic,,,roadmap.sh:nilbuild/developer-roadmap@master
android,mobile,Xn1VQ-xOT67ZfJJTM4r1p,Animations,,66,subtopic,,,roadmap.sh:nilbuild/developer-roadmap@master
android,mobile,60Vm-77rseUqpMiFvp-dA,Jetpack Compose,Interface & Navigation,69,subtopic,,,roadmap.sh:nilbuild/developer-roadmap@master
android,mobile,xV475jHTlLuHtpHZeXb7P,App Shortcuts,Interface & Navigation,70,subtopic,,,roadmap.sh:nilbuild/developer-roadmap@master
android,mobile,o5rzmnaQeiSh9ocvfJPpK,Navigation Components,,71,subtopic,,,roadmap.sh:nilbuild/developer-roadmap@master
android,mobile,Bz-BkfzsDHAbAw3HD7WCd,MVI,,72,subtopic,,,roadmap.sh:nilbuild/developer-roadmap@master
android,mobile,pSU-NZtjBh-u0WKTYfjk_,MVVM,,73,subtopic,,,roadmap.sh:nilbuild/developer-roadmap@master
android,mobile,aF_xFIqTjQbENtC7pkXvJ,MVP,,74,subtopic,,,roadmap.sh:nilbuild/developer-roadmap@master
android,mobile,w1A6wPKSd3Yh2luuHV-aE,MVC,,75,subtopic,,,roadmap.sh:nilbuild/developer-roadmap@master
android,mobile,ZF5XgO7I_J9928bD3CVXo,Repository Pattern,,76,subtopic,,,roadmap.sh:nilbuild/developer-roadmap@master
android,mobile,784fiIdKrQDlIm3VIiJQN,Builder Pattern,,77,subtopic,,,roadmap.sh:nilbuild/developer-roadmap@master
android,mobile,DeOxj6RzQBYfEWV-M1Ybm,Factory Pattern,,78,subtopic,,,roadmap.sh:nilbuild/developer-roadmap@master
android,mobile,N_auRfGKkeIIc-qiHLkR_,Observer Pattern,,79,subtopic,,,roadmap.sh:nilbuild/developer-roadmap@master
android,mobile,W-WTIiQml8dLK6i_V69JK,Flow,,80,subtopic,,,roadmap.sh:nilbuild/developer-roadmap@master
android,mobile,xk0vnWr7uESdzYRxwFjoK,RxJava,,81,subtopic,,,roadmap.sh:nilbuild/developer-roadmap@master
android,mobile,7rbsp1o5bzIJP11BRIoeG,RxKotlin,,82,subtopic,,,roadmap.sh:nilbuild/developer-roadmap@master
android,mobile,TiokceMGU9caqiR0lbFYL,LiveData,,83,subtopic,,,roadmap.sh:nilbuild/developer-roadmap@master
android,mobile,qtXM9K7wyjOFuEMlZrB3C,Dependency Injection,,85,subtopic,,,roadmap.sh:nilbuild/developer-roadmap@master
android,mobile,CK7Ce632fdTgxeFsRUVvd,Dagger,,86,subtopic,,,roadmap.sh:nilbuild/developer-roadmap@master
android,mobile,UMqZ-jmXKDXKuu8bzqDH_,Koin,,87,subtopic,,,roadmap.sh:nilbuild/developer-roadmap@master
android,mobile,ooo_k2k_vUBR_jQ7Ke6Et,Hilt,,88,subtopic,,,roadmap.sh:nilbuild/developer-roadmap@master
android,mobile,dc7k50PjCYZcElHhCk66p,Kodein,,89,subtopic,,,roadmap.sh:nilbuild/developer-roadmap@master
android,mobile,0fNQWRxst8xRstIfPaPO6,Storage,,90,topic,,,roadmap.sh:nilbuild/developer-roadmap@master
android,mobile,PKql1HY0PLMfp50FRELXL,Shared Preferences,Storage,91,subtopic,,,roadmap.sh:nilbuild/developer-roadmap@master
android,mobile,GWq3s1iTxQOp1BstHscJ9,DataStore,Storage,92,subtopic,,,roadmap.sh:nilbuild/developer-roadmap@master
android,mobile,Bfg4So5RlI09zFNcburJd,Room Database,Storage,93,subtopic,,,roadmap.sh:nilbuild/developer-roadmap@master
android,mobile,A4kdaj6AFueUgPI7hwKi5,File System,Storage,94,subtopic,,,roadmap.sh:nilbuild/developer-roadmap@master
android,mobile,Yb6aKJMMCxU1QVltWg3Dr,Network,,95,topic,,,roadmap.sh:nilbuild/developer-roadmap@master
android,mobile,dDMRYiqrKyOBnRRQc8zsp,Retro,,96,subtopic,,,roadmap.sh:nilbuild/developer-roadmap@master
android,mobile,5pVuwOItAhUxxJX8ysAsn,OkHttp,,97,subtopic,,,roadmap.sh:nilbuild/developer-roadmap@master
android,mobile,ww0fTbdXwVr-QIOClU7ng,Apollo-Android,,98,subtopic,,,roadmap.sh:nilbuild/developer-roadmap@master
android,mobile,cFYZ2C7yNnY6NHKUNP2Z4,Asynchronism,,99,topic,,,roadmap.sh:nilbuild/developer-roadmap@master
android,mobile,i_cKmTnGAYw8xpHwZHjAd,Coroutines,,100,subtopic,,,roadmap.sh:nilbuild/developer-roadmap@master
android,mobile,BeGrA5BDBMZP1Jy7n-wl-,Threads,,101,subtopic,,,roadmap.sh:nilbuild/developer-roadmap@master
android,mobile,zXsNEyRbb8UpEOAUv6FpY,RxJava,,102,subtopic,,,roadmap.sh:nilbuild/developer-roadmap@master
android,mobile,4h37WBpYxRRyw9oH8ge7o,RxKotlin,,103,subtopic,,,roadmap.sh:nilbuild/developer-roadmap@master
android,mobile,OAb_JD64uGm2tPoue7w6t,WorkManager,,104,subtopic,,,roadmap.sh:nilbuild/developer-roadmap@master
android,mobile,ZEdn2yy-IwHN3kOYr2ZbC,Common Services,,105,topic,,,roadmap.sh:nilbuild/developer-roadmap@master
android,mobile,Xv0es_z64vh-QzivMeAT3,Authentication,,106,subtopic,,,roadmap.sh:nilbuild/developer-roadmap@master
android,mobile,xB4evbD07n1VrHOIpowV4,Crashlytics,,107,subtopic,,,roadmap.sh:nilbuild/developer-roadmap@master
android,mobile,1Tz-Shj_Tuz2U8llEAcLr,Remote Config,,108,subtopic,,,roadmap.sh:nilbuild/developer-roadmap@master
android,mobile,e3vHFaFFMV7kI9q6yf5e9,Cloud Messaging,,109,subtopic,,,roadmap.sh:nilbuild/developer-roadmap@master
android,mobile,3EEfKAd-ppIQpdQSEhbA1,FireStore,,110,subtopic,,,roadmap.sh:nilbuild/developer-roadmap@master
android,mobile,D4ZXQOKJkyFYNZIy-MJ9Y,Google Admob,,112,subtopic,,,roadmap.sh:nilbuild/developer-roadmap@master
android,mobile,m5rumeynEbS8T27pelr0-,Google Play Services,,113,subtopic,,,roadmap.sh:nilbuild/developer-roadmap@master
android,mobile,S5FVF9rMgVSSDKXJW2GYb,Google Maps,,114,subtopic,,,roadmap.sh:nilbuild/developer-roadmap@master
android,mobile,77F9F3oI5CPgwgM_hxWfa,Linting,,115,topic,,,roadmap.sh:nilbuild/developer-roadmap@master
android,mobile,zMbXQH17Q52opdbitPzj7,Ktlint,,116,subtopic,,,roadmap.sh:nilbuild/developer-roadmap@master
android,mobile,RUvuCp_JK5MQQT13SSHUV,Detekt,,117,subtopic,,,roadmap.sh:nilbuild/developer-roadmap@master
android,mobile,6KbSUAoT_jTudFoIbwMpA,Debugging,,118,topic,,,roadmap.sh:nilbuild/developer-roadmap@master
android,mobile,VFOD4JrV8kZ2583G3oT95,Timber,,119,subtopic,,,roadmap.sh:nilbuild/developer-roadmap@master
android,mobile,3i4g9ZWgLxKb2UMgRJi4Q,Leak Canary,,120,subtopic,,,roadmap.sh:nilbuild/developer-roadmap@master
android,mobile,7RKN1FNtRE_BE6QeAQrKb,Chucker,,121,subtopic,,,roadmap.sh:nilbuild/developer-roadmap@master
android,mobile,ACUJlDDR0jqEohsFzWEoQ,Jetpack Benchmark,Debugging,122,subtopic,,,roadmap.sh:nilbuild/developer-roadmap@master
android,mobile,ZOQm5OlzCA-h_yxywwDrW,Testing,,123,topic,,,roadmap.sh:nilbuild/developer-roadmap@master
android,mobile,-ONSC-ImGSELbamKmjIlH,Espresso,,124,subtopic,,,roadmap.sh:nilbuild/developer-roadmap@master
android,mobile,gvGAwjk_nhEgxzZ_c3f6b,JUnit,,125,subtopic,,,roadmap.sh:nilbuild/developer-roadmap@master
android,mobile,kc6buUsLAeZeUb4Tk0apM,Distribution,,126,topic,,,roadmap.sh:nilbuild/developer-roadmap@master
android,mobile,T7q_quNaIAuGi96OdnDT1,Firebase Distribution,Distribution,127,subtopic,,,roadmap.sh:nilbuild/developer-roadmap@master
android,mobile,HgRdgi2Hu4C8YLG5PXfoo,Google Playstore,Distribution,128,subtopic,,,roadmap.sh:nilbuild/developer-roadmap@master
android,mobile,_FSlD_qTz5Xo0x3pB6sZI,Signed APK,Distribution,129,subtopic,,,roadmap.sh:nilbuild/developer-roadmap@master
android,mobile,4_e76QafrB419S2INOeKd,Interface & Navigation,,137,topic,,,roadmap.sh:nilbuild/developer-roadmap@master
ios,mobile,KJ7fM-V0_azY_lzmhjJAN,Swift (Recommended),,5,topic,,,roadmap.sh:nilbuild/developer-roadmap@master
ios,mobile,z4-1Gc95JKYAn2RPFc7hw,History and Why Swift?,Swift (Recommended),6,subtopic,,,roadmap.sh:nilbuild/developer-roadmap@master
ios,mobile,ZkNulHQAqhiFTO3CRC_mW,Benefits over Objective-C,,7,subtopic,,,roadmap.sh:nilbuild/developer-roadmap@master
ios,mobile,fboebSmquyJyozsMRJDtK,Swift Basics,,8,subtopic,,,roadmap.sh:nilbuild/developer-roadmap@master
ios,mobile,oOaMz9A5DZvrjxovMztXz,Objective-C,,9,topic,http://data.europa.eu/esco/skill/9973a5a2-7822-4161-99e9-95c781eb63f8,Objective-C,roadmap.sh:nilbuild/developer-roadmap@master
ios,mobile,0BSX80W1TJ_Ia_Zh2zKyK,Objective-C Basics,Objective-C,10,subtopic,,,roadmap.sh:nilbuild/developer-roadmap@master
ios,mobile,IAPzuN51xvrZJ5TFB23Q9,Interoperability with Swift,,11,subtopic,,,roadmap.sh:nilbuild/developer-roadmap@master
ios,mobile,IduGSdUa2Fi7VFMLKgmsS,iOS Architecture,,14,topic,,,roadmap.sh:nilbuild/developer-roadmap@master
ios,mobile,IdGdLNgJI3WmONEFsMq-d,Core OS,,15,subtopic,,,roadmap.sh:nilbuild/developer-roadmap@master
ios,mobile,LHM7gNgTtfn_QDW-oQskD,Core Services,,16,subtopic,,,roadmap.sh:nilbuild/developer-roadmap@master
ios,mobile,nGCG74_Xp_Ngt0u7PZnZl,Media,iOS Architecture,17,subtopic,,,roadmap.sh:nilbuild/developer-roadmap@master
ios,mobile,kRE9xT3mT9Si4NwJr9yGi,Core Graphics,,18,subtopic,,,roadmap.sh:nilbuild/developer-roadmap@master
ios,mobile,_mRs6ctH0IsSSi-cwV2b8,Core Animation,,19,subtopic,,,roadmap.sh:nilbuild/developer-roadmap@master
ios,mobile,UKgiSQvR9cryQT50t7riZ,AVFoundation,,20,subtopic,,,roadmap.sh:nilbuild/developer-roadmap@master
ios,mobile,6zE_M0_oVpwW0B9qFSRgP,Core Image,,21,subtopic,,,roadmap.sh:nilbuild/developer-roadmap@master
ios,mobile,4bAABCfTvxchS5C5NlAro,Core Audio,,22,subtopic,,,roadmap.sh:nilbuild/developer-roadmap@master
ios,mobile,5VguZoP4h40rTWkxWxaxU,Metal,,23,subtopic,,,roadmap.sh:nilbuild/developer-roadmap@master
ios,mobile,leozxW-5fAOfkKbQM4FD1,Cocoa Touch,iOS Architecture,24,subtopic,,,roadmap.sh:nilbuild/developer-roadmap@master
ios,mobile,mk02yV7_XHkgp2xdNIxaU,Core Programming Concepts,,25,topic,,,roadmap.sh:nilbuild/developer-roadmap@master
ios,mobile,FoqlB7xBIrV4yUp4ReBkw,OOP,Core Programming Concepts,26,subtopic,,,roadmap.sh:nilbuild/developer-roadmap@master
ios,mobile,Pj-hqRZUmwx1WhmTbLoFD,Functional Programming,Core Programming Concepts,27,subtopic,,,roadmap.sh:nilbuild/developer-roadmap@master
ios,mobile,tqbg8mBJfjuXacdMlIB_L,Memory Management,Core Programming Concepts,28,subtopic,,,roadmap.sh:nilbuild/developer-roadmap@master
ios,mobile,DZaY060-5D6PbfryOZH9H,ViewController Lifecycle,Core Programming Concepts,29,subtopic,,,roadmap.sh:nilbuild/developer-roadmap@master
ios,mobile,N5ojp6bqgH074MPKYjCHV,Error Handling,Core Programming Concepts,30,subtopic,,,roadmap.sh:nilbuild/developer-roadmap@master
ios,mobile,aALIiAxKz4f7B_EYyhBCi,"Concurrency (GCD, async/await)",Core Programming Concepts,31,subtopic,,,roadmap.sh:nilbuild/developer-roadmap@master
ios,mobile,MrdIb9F-wSEbUz7KRnH3t,Pick a Language,,35,topic,,,roadmap.sh:nilbuild/developer-roadmap@master
ios,mobile,sGnDm2xuJxqfU3pwmlY7H,Version Control,,36,topic,,,roadmap.sh:nilbuild/developer-roadmap@master
ios,mobile,QifWR7WSJJTcTK2IfczxG,Git,,37,subtopic,http://data.europa.eu/esco/skill/9d2e926f-53d9-41f5-98f3-19dfaa687f3f,tools for software configuration management,roadmap.sh:nilbuild/developer-roadmap@master
ios,mobile,U_xXGSFF5iibQ4VkzPAWf,GitHub,Version Control,38,subtopic,,,roadmap.sh:nilbuild/developer-roadmap@master
ios,mobile,la5M4VoH79bhnN8qj5Izp,Xcode,,40,topic,http://data.europa.eu/esco/skill/449d119b-2d66-43a9-9230-7d27f16afbb6,Xcode,roadmap.sh:nilbuild/developer-roadmap@master
ios,mobile,R8LdFpfyS0MFYJuMLk8RG,Installing,Xcode,42,subtopic,,,roadmap.sh:nilbuild/developer-roadmap@master
ios,mobile,SeGfULWFR7ufdv4U9Db3F,Preferences,Xcode,43,subtopic,,,roadmap.sh:nilbuild/developer-roadmap@master
ios,mobile,BJgoAgH85U6S3RtXq7hHV,New Project,Xcode,44,subtopic,,,roadmap.sh:nilbuild/developer-roadmap@master
ios,mobile,FwwqAchMC6qdnXbqg45he,Interface overview,Xcode,46,subtopic,,,roadmap.sh:nilbuild/developer-roadmap@master
ios,mobile,AxQ5gCjk136kXsbBFTUNp,Toolbar,Xcode,47,subtopic,,,roadmap.sh:nilbuild/developer-roadmap@master
ios,mobile,odKZx4SUULF1y4gmiJZdu,Navigators,Xcode,48,subtopic,,,roadmap.sh:nilbuild/developer-roadmap@master
ios,mobile,-4q7MFXaTmpR_39PTeWD8,Editors,Xcode,49,subtopic,,,roadmap.sh:nilbuild/developer-roadmap@master
ios,mobile,YytdlQl41yrHSwlV-G3Pd,Project Files,Xcode,50,subtopic,,,roadmap.sh:nilbuild/developer-roadmap@master
ios,mobile,42sfiLKrVCcnMMjR7TFn1,Groups,Xcode,51,subtopic,,,roadmap.sh:nilbuild/developer-roadmap@master
ios,mobile,X0QavvwPVJU6sulafPVUK,Breakpoints,Xcode,53,subtopic,,,roadmap.sh:nilbuild/developer-roadmap@master
ios,mobile,VuWUsg05WmOoP_RJ5AXJO,Debug Navigator,Xcode,54,subtopic,,,roadmap.sh:nilbuild/developer-roadmap@master
ios,mobile,hUHxlNa6iJJbDGdFNhynB,Stepping,Xcode,55,subtopic,,,roadmap.sh:nilbuild/developer-roadmap@master
ios,mobile,iMzYd8KUFnk6zqr4KecgX,Interface Builder,Xcode,57,subtopic,,,roadmap.sh:nilbuild/developer-roadmap@master
ios,mobile,tuUuLInq0p-nhehe2AqPg,IBOutlets,Xcode,58,subtopic,,,roadmap.sh:nilbuild/developer-roadmap@master
ios,mobile,FspN4yiBF9aEN7_SlXUe1,IBActions,Xcode,59,subtopic,,,roadmap.sh:nilbuild/developer-roadmap@master
ios,mobile,j2BL0sf3WjnJZZWa7cCjy,Auto layout,Xcode,60,subtopic,,,roadmap.sh:nilbuild/developer-roadmap@master
ios,mobile,-7OW2IgiMk1eot1PaYd7m,UIKit,,61,topic,,,roadmap.sh:nilbuild/developer-roadmap@master
ios,mobile,A1TFKVjGU5RbeTF_zxJlu,Components,,62,subtopic,,,roadmap.sh:nilbuild/developer-roadmap@master
ios,mobile,se9w7mT1XJLGlmWUhH4Uv,Views,,63,subtopic,,,roadmap.sh:nilbuild/developer-roadmap@master
ios,mobile,mfWdkUm1RhjygtMyInXiD,View Controllers,,64,subtopic,,,roadmap.sh:nilbuild/developer-roadmap@master
ios,mobile,GKuxilB0AwjcTgCSk3FeU,User Interactions,UIKit,65,subtopic,,,roadmap.sh:nilbuild/developer-roadmap@master
ios,mobile,0o3V_zveN1xCIt7rayrCF,Basic Interfaces,,66,subtopic,,,roadmap.sh:nilbuild/developer-roadmap@master
ios,mobile,a2CqrCJSxGfHq6_Y9f_re,Storyboards,,67,subtopic,,,roadmap.sh:nilbuild/developer-roadmap@master
ios,mobile,RwvC4Pi18_1phcrJL-9iu,Xibs,UIKit,68,subtopic,,,roadmap.sh:nilbuild/developer-roadmap@master
ios,mobile,FXUrfyvuIIOH7VDnT_E0z,Navigation,,69,subtopic,,,roadmap.sh:nilbuild/developer-roadmap@master
ios,mobile,cwVcNDTBBulBY2m4Wzn4G,View Transitions,,70,subtopic,,,roadmap.sh:nilbuild/developer-roadmap@master
ios,mobile,kAIKsDcDzwI1E0wSnC_uo,SwiftUI,,71,topic,,,roadmap.sh:nilbuild/developer-roadmap@master
ios,mobile,QVg4_8EXeQBJbleryy8c1,Declarative Syntax,,73,subtopic,,,roadmap.sh:nilbuild/developer-roadmap@master
ios,mobile,xkH7Llut6uP2-8iTMw76F,Components,,74,subtopic,,,roadmap.sh:nilbuild/developer-roadmap@master
ios,mobile,RvyOkQelc-GChQGJyEx72,State Management,,75,subtopic,,,roadmap.sh:nilbuild/developer-roadmap@master
ios,mobile,yR94uHs0SiSScU4gPBzfr,Data binding,SwiftUI,76,subtopic,,,roadmap.sh:nilbuild/developer-roadmap@master
ios,mobile,YvuYJceeNNfLBpq2-3iiL,Building Interfaces,SwiftUI,78,subtopic,,,roadmap.sh:nilbuild/developer-roadmap@master
ios,mobile,mgUCYztUpKINqIZikT4Bh,Views and Modifiers,,79,subtopic,,,roadmap.sh:nilbuild/developer-roadmap@master
ios,mobile,02VAK4GMkN6nDHf1zqwPA,Navigation,,80,subtopic,,,roadmap.sh:nilbuild/developer-roadmap@master
ios,mobile,2tmR1yE5daz2HB4IV5qwI,View Transitions,,81,subtopic,,,roadmap.sh:nilbuild/developer-roadmap@master
ios,mobile,4fPgpGwNXmVoZoruBRb_B,UI Design,,83,topic,,,roadmap.sh:nilbuild/developer-roadmap@master
ios,mobile,1I5eFKqFVBxWLAXfpgNXO,HIG,UI Design,84,subtopic,,,roadmap.sh:nilbuild/developer-roadmap@master
ios,mobile,pNEE5C1E1wAjH_nTlzH6N,UIKit,,85,topic,,,roadmap.sh:nilbuild/developer-roadmap@master
ios,mobile,XX5rCd_yTHvOfYif4Kpbl,"Views, View Controllers",UIKit,86,subtopic,,,roadmap.sh:nilbuild/developer-roadmap@master
ios,mobile,tUbMr1pGlw4JwMuW311JJ,"Navigation Controllers, Segues",,87,subtopic,,,roadmap.sh:nilbuild/developer-roadmap@master
ios,mobile,mUMDZsgzCB6cs_K6pfUY1,Navigation Stacks,,88,subtopic,,,roadmap.sh:nilbuild/developer-roadmap@master
ios,mobile,gqd6zjxP_qFj4Ru-6LARo,Pushing Presenting,,89,subtopic,,,roadmap.sh:nilbuild/developer-roadmap@master
ios,mobile,jb89kQxDhZND3vQo0EH7r,Modals and Navigation,,90,subtopic,,,roadmap.sh:nilbuild/developer-roadmap@master
ios,mobile,PvFp6aY7EUrYHn87RZAGj,SwiftUI,,91,topic,,,roadmap.sh:nilbuild/developer-roadmap@master
ios,mobile,TLm70PlTI0K3Odn1iYxWX,Navigation Stacks,SwiftUI,93,subtopic,,,roadmap.sh:nilbuild/developer-roadmap@master
ios,mobile,IBr2P7dknWTnZ2a-fFCqN,Navigation View,,94,subtopic,,,roadmap.sh:nilbuild/developer-roadmap@master
ios,mobile,my77jLU2qxU7bQ7_Fx2iH,NavigationLink,,95,subtopic,,,roadmap.sh:nilbuild/developer-roadmap@master
ios,mobile,4pmjLa7WvwV7D3RZlM6Hp,Presenting / Dismissing views,,96,subtopic,,,roadmap.sh:nilbuild/developer-roadmap@master
ios,mobile,KpcmuLWX0xAjz6ty4ebtB,Core Animation,,97,topic,,,roadmap.sh:nilbuild/developer-roadmap@master
ios,mobile,w0i5Dxp40XS2HnF5nXeZI,Basics / Creating Animations,Core Animation,98,subtopic,,,roadmap.sh:nilbuild/developer-roadmap@master
ios,mobile,i-T6GTqS0FZ_Llt5v4SvR,Lottie,Core Animation,99,subtopic,,,roadmap.sh:nilbuild/developer-roadmap@master
ios,mobile,a-QDI7Ei-B5BRHbicFcfG,MVC,,102,subtopic,,,roadmap.sh:nilbuild/developer-roadmap@master
ios,mobile,lVNrnUK6p4eifKRVSnOje,MVP,,103,subtopic,,,roadmap.sh:nilbuild/developer-roadmap@master
ios,mobile,taTxZw2c3xS18JOwgkNHM,MVVM,,104,subtopic,,,roadmap.sh:nilbuild/developer-roadmap@master
ios,mobile,iLT2jAkQg-Ex0zSLquNfl,MVVM-C,,105,subtopic,,,roadmap.sh:nilbuild/developer-roadmap@master
ios,mobile,mTdnDPGYSDupM9VBNdXRg,VIPER,,106,subtopic,,,roadmap.sh:nilbuild/developer-roadmap@master
ios,mobile,NhC0SBZgUFGjMLNICvbTI,TCA,,107,subtopic,,,roadmap.sh:nilbuild/developer-roadmap@master
ios,mobile,ajPGMwoaFb1UFWTtpi5kd,Architectural Patterns,,108,topic,,,roadmap.sh:nilbuild/developer-roadmap@master
ios,mobile,28HMXXBJWd3n-ZPgeQRDa,Reactive Programming,,111,topic,,,roadmap.sh:nilbuild/developer-roadmap@master
ios,mobile,UzpdLLPs226N00c6weWRv,Combine,,113,subtopic,,,roadmap.sh:nilbuild/developer-roadmap@master
ios,mobile,noBaDV_PvCTzqPyw9eO4H,Publishers / Subscribers,,114,subtopic,,,roadmap.sh:nilbuild/developer-roadmap@master
ios,mobile,GAn12SsVR_mPxOaOVckdz,Operators & Pipelines,,115,subtopic,,,roadmap.sh:nilbuild/developer-roadmap@master
ios,mobile,pY_zaMcFpeFDLgVk2W0Vy,Combine and MVVM,,116,subtopic,,,roadmap.sh:nilbuild/developer-roadmap@master
ios,mobile,0xwoWj9jek36p1AwU3WkK,RxSwift,,118,subtopic,,,roadmap.sh:nilbuild/developer-roadmap@master
ios,mobile,k232wKg7XCb_ngjZ5Mwsy,Observables & observers,,119,subtopic,,,roadmap.sh:nilbuild/developer-roadmap@master
ios,mobile,1xYZdnlI6JSJzNvmz4-0v,Subjects,,120,subtopic,,,roadmap.sh:nilbuild/developer-roadmap@master
ios,mobile,g_1f5a6tIB5V_36NjgtL5,RxSwift with MVVM,,121,subtopic,,,roadmap.sh:nilbuild/developer-roadmap@master
ios,mobile,t7IYTY8tVjC_xzM1n8wts,Operators,,122,subtopic,,,roadmap.sh:nilbuild/developer-roadmap@master
ios,mobile,UqA01PT86_w_JzN6KZBku,Schedulers,,123,subtopic,,,roadmap.sh:nilbuild/developer-roadmap@master
ios,mobile,BtPYKd7RedHOLRATDKkpg,Delegate Pattern,,125,topic,,,roadmap.sh:nilbuild/developer-roadmap@master
ios,mobile,z3AUN9u7EEqeKOqvLxf7D,Implementing Delegates,Delegate Pattern,126,subtopic,,,roadmap.sh:nilbuild/developer-roadmap@master
ios,mobile,qJEd7KU52xL_GRG3IQqhM,Callbacks,,127,topic,,,roadmap.sh:nilbuild/developer-roadmap@master
ios,mobile,M9UlalPL47GoqhcyGsAPV,Closures,Callbacks,129,subtopic,,,roadmap.sh:nilbuild/developer-roadmap@master
ios,mobile,5V7nxQKmmHWSMSBCRxkaF,Understanding and using Closures,,130,subtopic,,,roadmap.sh:nilbuild/developer-roadmap@master
ios,mobile,S-D-PnHA7COd2Dp6U2XO4,Capturing Values & Memory Mgmt.,,131,subtopic,,,roadmap.sh:nilbuild/developer-roadmap@master
ios,mobile,WhOpzFvv21QQV3aS6XbXr,Callback Hell,,132,subtopic,,,roadmap.sh:nilbuild/developer-roadmap@master
ios,mobile,ysaBCl_TtWqelirptQp7P,Async / Await,,133,topic,,,roadmap.sh:nilbuild/developer-roadmap@master
ios,mobile,-aLGB3cDXZHIhVU3t-Ve4,Concurrency,Async / Await,134,subtopic,,,roadmap.sh:nilbuild/developer-roadmap@master
ios,mobile,6gfqFy3H6SLt06oJ1kt5A,Data Persistence,,135,topic,,,roadmap.sh:nilbuild/developer-roadmap@master
ios,mobile,H4-Dp2WTA6HAZiFRQdLjx,Core Data,Data Persistence,136,subtopic,,,roadmap.sh:nilbuild/developer-roadmap@master
ios,mobile,ImS1FqVicQImMw-y1ze7y,User Defaults,Data Persistence,137,subtopic,,,roadmap.sh:nilbuild/developer-roadmap@master
ios,mobile,8v_eP0j85TnB33XyYAzrT,Keychain,Data Persistence,138,subtopic,,,roadmap.sh:nilbuild/developer-roadmap@master
ios,mobile,_bkRbqVXKNCnRvEFCM6mN,File System,Data Persistence,139,subtopic,,,roadmap.sh:nilbuild/developer-roadmap@master
ios,mobile,3qjQbrCUchJn1bJTBWrQF,SQLite,Data Persistence,140,subtopic,,,roadmap.sh:nilbuild/developer-roadmap@master
ios,mobile,WYV4YG_sLvC4S5ptFFdrF,JSON / XML,,141,topic,,,roadmap.sh:nilbuild/developer-roadmap@master
ios,mobile,UTVh1RHRWb5eA-S7ayLp8,Parsing,JSON / XML,142,subtopic,,,roadmap.sh:nilbuild/developer-roadmap@master
ios,mobile,8rYjSCgRiJMHTNxOU6vgG,Serializing,,143,subtopic,,,roadmap.sh:nilbuild/developer-roadmap@master
ios,mobile,JoNoM-utp8MaL1H0oXDta,Networking,,144,topic,,,roadmap.sh:nilbuild/developer-roadmap@master
ios,mobile,GjY5qCU1rjB0D58qHQtAR,HTTP / HTTPs,Networking,145,subtopic,,,roadmap.sh:nilbuild/developer-roadmap@master
ios,mobile,3Qw-qmy5iAE61mPbIY4Q2,REST,,146,subtopic,,,roadmap.sh:nilbuild/developer-roadmap@master
ios,mobile,9o7d3aN0YFfNNUeVoJrhs,GraphQL,,147,subtopic,,,roadmap.sh:nilbuild/developer-roadmap@master
ios,mobile,WPJACNeI6jX9GGB1roeTp,URLSession,,148,subtopic,,,roadmap.sh:nilbuild/developer-roadmap@master
ios,mobile,nJeBisdKtN43ntkXnPCVF,Alamofire,,149,subtopic,,,roadmap.sh:nilbuild/developer-roadmap@master
ios,mobile,fbloF-u4XwdHLmBS9flZm,Concurrency and Multithreading,,151,topic,,,roadmap.sh:nilbuild/developer-roadmap@master
ios,mobile,aROcI1RucAyu-gHn-tVnj,GCD,,152,subtopic,,,roadmap.sh:nilbuild/developer-roadmap@master
ios,mobile,mdAV4JlF08q-ZQpb5C3q6,Operation Queues,,153,subtopic,,,roadmap.sh:nilbuild/developer-roadmap@master
ios,mobile,Tv8-WUcKiZMLHuunQwise,Dependency Manager,,154,topic,,,roadmap.sh:nilbuild/developer-roadmap@master
ios,mobile,epr1sOEZIAOwlgb8bre7r,CocoaPods,,155,subtopic,,,roadmap.sh:nilbuild/developer-roadmap@master
ios,mobile,tIHjjNTXJWcNgkO6TB9ea,Carthage,,156,subtopic,,,roadmap.sh:nilbuild/developer-roadmap@master
ios,mobile,KFkX8_Hv9SCFeCtZMZIQM,Swift Package Manager,Dependency Manager,157,subtopic,,,roadmap.sh:nilbuild/developer-roadmap@master
ios,mobile,pZVPsgvCpP3zUgBM4i0CF,Frameworks & Library,,158,topic,,,roadmap.sh:nilbuild/developer-roadmap@master
ios,mobile,MaHtZSIPxDzrnB33_9OdV,XCFramework,Frameworks & Library,159,subtopic,,,roadmap.sh:nilbuild/developer-roadmap@master
ios,mobile,RuXuHQhMt2nywk43LgGeJ,Static Library,,160,subtopic,,,roadmap.sh:nilbuild/developer-roadmap@master
ios,mobile,Lrb4HZYrZU7SJlbedZp7U,Dynamic Library,,161,subtopic,,,roadmap.sh:nilbuild/developer-roadmap@master
ios,mobile,1DZYPqvgY6GtwMCS7N2y-,Accessibility,,162,topic,,,roadmap.sh:nilbuild/developer-roadmap@master
ios,mobile,h34LaYQ3JYN2AZPMDqpmO,Accessibility Inspector,,163,subtopic,,,roadmap.sh:nilbuild/developer-roadmap@master
ios,mobile,trAMZVA4tDB7b_qAgiWNW,Voice Over,,164,subtopic,,,roadmap.sh:nilbuild/developer-roadmap@master
ios,mobile,0nei6iwP4Pgi_j4vVi_Qt,Dynamic Type,Accessibility,165,subtopic,,,roadmap.sh:nilbuild/developer-roadmap@master
ios,mobile,PdzCQXZIivw3zCYPtokJV,Frameworks,Accessibility,168,subtopic,,,roadmap.sh:nilbuild/developer-roadmap@master
ios,mobile,k3uHcF0CsyHr6PK95UwR1,ARKit,,169,subtopic,,,roadmap.sh:nilbuild/developer-roadmap@master
ios,mobile,Jsu5f6QASpuvpky_W5q-O,HealthKit,,170,subtopic,,,roadmap.sh:nilbuild/developer-roadmap@master
ios,mobile,H5F9P5xeQiHhWhS6jEzp5,GameKit,,171,subtopic,,,roadmap.sh:nilbuild/developer-roadmap@master
ios,mobile,XOXsjaQ-YyuAMpVCqH8KG,MapKit,,172,subtopic,,,roadmap.sh:nilbuild/developer-roadmap@master
ios,mobile,7s9Elv80TbZX_-NZpyutj,Core ML,,173,subtopic,,,roadmap.sh:nilbuild/developer-roadmap@master
ios,mobile,DVe8S6TjKcQ8LT5G-aMVa,Code Quality Tools,,175,topic,,,roadmap.sh:nilbuild/developer-roadmap@master
ios,mobile,NnTC3R8goZQTXHmfHKHbM,SwiftLint,,176,subtopic,,,roadmap.sh:nilbuild/developer-roadmap@master
ios,mobile,F5796wzm5Ar6sQt-1y8vH,Tailor,,177,subtopic,,,roadmap.sh:nilbuild/developer-roadmap@master
ios,mobile,TMFvfwG45Z00PzrzZIVhT,SwiftFormat,Code Quality Tools,178,subtopic,,,roadmap.sh:nilbuild/developer-roadmap@master
ios,mobile,OZZ3UnWN2gFflbM_WaJ8H,Debugging Techniques,,180,topic,,,roadmap.sh:nilbuild/developer-roadmap@master
ios,mobile,WxshXCloVDkVkQV0JvI1w,Xcode Debugger,Debugging Techniques,181,subtopic,,,roadmap.sh:nilbuild/developer-roadmap@master
ios,mobile,Y24WWPej0C7-FiBeXpvl3,Profiling Instruments,,182,subtopic,,,roadmap.sh:nilbuild/developer-roadmap@master
ios,mobile,5589B1DKaCd-9l9DfKH3o,Unit & UI Testing,,185,subtopic,,,roadmap.sh:nilbuild/developer-roadmap@master
ios,mobile,xZmBJVq5FHNdm1BDuZbbS,XCTest,,186,subtopic,,,roadmap.sh:nilbuild/developer-roadmap@master
ios,mobile,ZQSUKPbXZl5yKra2ap8JR,XCUITest,,187,subtopic,,,roadmap.sh:nilbuild/developer-roadmap@master
ios,mobile,uczkyc30K_qqcarZCGTdF,Test Plan & Coverage,Debugging Techniques,188,subtopic,,,roadmap.sh:nilbuild/developer-roadmap@master
ios,mobile,iZAXQKLe2LaIIifVFtFOL,App Store Distribution,,190,topic,,,roadmap.sh:nilbuild/developer-roadmap@master
ios,mobile,KCJgCjMJGxIcf13XSEclO,TestFlight,,191,topic,,,roadmap.sh:nilbuild/developer-roadmap@master
ios,mobile,_W3vb0b14FrWB2fH7DHC7,FastLane,,192,topic,,,roadmap.sh:nilbuild/developer-roadmap@master
ios,mobile,U4xE1enkZxUME0j0gutae,CI / CD,,193,topic,,,roadmap.sh:nilbuild/developer-roadmap@master
ios,mobile,TrblGyy81Oep2CBxoZkaf,Jenkins,CI / CD,194,subtopic,http://data.europa.eu/esco/skill/f47a1998-0beb-43be-9f46-380aa4d183da,Jenkins (tools for software configuration management),roadmap.sh:nilbuild/developer-roadmap@master
ios,mobile,tWxuFh0xDugdplnHt_G0e,CircleCI,CI / CD,195,subtopic,,,roadmap.sh:nilbuild/developer-roadmap@master
ios,mobile,LltERZaHsI-R_3O_3twpk,GitHub Actions,CI / CD,196,subtopic,,,roadmap.sh:nilbuild/developer-roadmap@master
ios,mobile,VylaBSDAVFzveVfytI1Fz,GitLab,CI / CD,197,subtopic,,,roadmap.sh:nilbuild/developer-roadmap@master
ios,mobile,r3fNx1Hk_TGlQSDtRnXqF,Azure DevOps,CI / CD,198,subtopic,,,roadmap.sh:nilbuild/developer-roadmap@master
ios,mobile,jZpH-T2hW-XBdprVqemGi,App Store Optimization (ASO),,199,topic,,,roadmap.sh:nilbuild/developer-roadmap@master
ios,mobile,fOOQurIL1w3PwH5Mep9x1,Keeping Updated with WWDC,,201,topic,,,roadmap.sh:nilbuild/developer-roadmap@master
ios,mobile,e7qVpQeu2iQL0c9MOMCVe,Latest Swift Version,Keeping Updated with WWDC,202,subtopic,,,roadmap.sh:nilbuild/developer-roadmap@master
ios,mobile,SBlLNfyWzzhdFNtNtkLet,Latest iOS SDK,,203,subtopic,,,roadmap.sh:nilbuild/developer-roadmap@master
ios,mobile,0dbdUmWvTIJ0fkUuLp9gR,New Feature Announcements,,204,subtopic,,,roadmap.sh:nilbuild/developer-roadmap@master
react-native,mobile,JfXwzkN29UGz17FYHHE3A,Introduction,,20,topic,,,roadmap.sh:nilbuild/developer-roadmap@master
react-native,mobile,cMfsRtvzvDZZJ0TqeUOxm,What is React Native?,Introduction,21,subtopic,,,roadmap.sh:nilbuild/developer-roadmap@master
react-native,mobile,2rlmLn_yQQV-7DpX1qT98,Why use React Native?,Introduction,22,subtopic,,,roadmap.sh:nilbuild/developer-roadmap@master
react-native,mobile,ODQ8zrHc2rsc8PN-APKvz,React Native Alternatives,Introduction,24,subtopic,,,roadmap.sh:nilbuild/developer-roadmap@master
react-native,mobile,cSXsu17F1Oy34Wp6J-N3C,Learn the Pre-requisites,,25,topic,,,roadmap.sh:nilbuild/developer-roadmap@master
react-native,mobile,1oUJXtHGQ29ZZU9sxwGo2,JavaScript Basics,Learn the Pre-requisites,26,subtopic,,,roadmap.sh:nilbuild/developer-roadmap@master
react-native,mobile,SnF3xtzBh-x4Z_qUQUg7H,CSS Basics,Learn the Pre-requisites,27,subtopic,,,roadmap.sh:nilbuild/developer-roadmap@master
react-native,mobile,k9_hVOBd9ZmC4HLuAf46v,Components,,28,subtopic,,,roadmap.sh:nilbuild/developer-roadmap@master
react-native,mobile,V7r1Hqk9IXTfjkjAg7-BT,State,,29,subtopic,,,roadmap.sh:nilbuild/developer-roadmap@master
react-native,mobile,s5YKenJY2Xv_PZBSxegEm,JSX,,30,subtopic,,,roadmap.sh:nilbuild/developer-roadmap@master
react-native,mobile,0gH7vI_Hy7s9hO2TF6hR3,Props,,31,subtopic,,,roadmap.sh:nilbuild/developer-roadmap@master
react-native,mobile,lNmddXrT8IHVtWobh3-oq,Environment Setup,,33,topic,,,roadmap.sh:nilbuild/developer-roadmap@master
react-native,mobile,yW7nDDJbjmm8XKJI0hq3Q,Expo,Environment Setup,34,subtopic,,,roadmap.sh:nilbuild/developer-roadmap@master
react-native,mobile,uLH9eo2G09wGO80XtFI5x,create-expo-app,,35,subtopic,,,roadmap.sh:nilbuild/developer-roadmap@master
react-native,mobile,9eOwhh2k59nvH-ztuDNjg,Expo Snack,,36,subtopic,,,roadmap.sh:nilbuild/developer-roadmap@master
react-native,mobile,zzOyoDcAQYkNNv07TIKeZ,Expo Tradeoffs,,37,subtopic,,,roadmap.sh:nilbuild/developer-roadmap@master
react-native,mobile,bxWLf0RDAl9Zaczkon9Rl,React Native CLI,Environment Setup,38,subtopic,,,roadmap.sh:nilbuild/developer-roadmap@master
react-native,mobile,VhSEH_RoWFt1z2lial7xZ,Metro Bundler,Environment Setup,39,subtopic,,,roadmap.sh:nilbuild/developer-roadmap@master
react-native,mobile,T4AhL9Zls2iNZMituGdtl,Development Workflow,,40,topic,,,roadmap.sh:nilbuild/developer-roadmap@master
react-native,mobile,KyKMZ8Aa5XUAIWelGTiSt,Running on Device,Development Workflow,41,subtopic,,,roadmap.sh:nilbuild/developer-roadmap@master
react-native,mobile,tOt_vvmnBtOUbgokmVa5P,In-App Developer Menu,,43,subtopic,,,roadmap.sh:nilbuild/developer-roadmap@master
react-native,mobile,wWwaEdnvBsvj6jD9LJ4Jj,Enabling Fast Refresh,,44,subtopic,,,roadmap.sh:nilbuild/developer-roadmap@master
react-native,mobile,Tz-bRjQVkZedphelhAlWM,LogBox,,45,subtopic,,,roadmap.sh:nilbuild/developer-roadmap@master
react-native,mobile,Dq490IqEJXoFZRnBFJI8N,Sourcemaps,,46,subtopic,,,roadmap.sh:nilbuild/developer-roadmap@master
react-native,mobile,HHx3VSfV7xf6RqACrxjBf,DevTools,,47,subtopic,,,roadmap.sh:nilbuild/developer-roadmap@master
react-native,mobile,fnujIq6QAFB6bmTisuZ3T,Core Components,,48,topic,,,roadmap.sh:nilbuild/developer-roadmap@master
react-native,mobile,OFhyYyxtrCBy_UUb5YBv5,Text,Core Components,49,subtopic,,,roadmap.sh:nilbuild/developer-roadmap@master
react-native,mobile,Frz1RYp3y9OwRb-3t2e85,Text Input,,50,subtopic,,,roadmap.sh:nilbuild/developer-roadmap@master
react-native,mobile,kkH9H9Qh1FD7sLItoWw69,Button,Core Components,51,subtopic,,,roadmap.sh:nilbuild/developer-roadmap@master
react-native,mobile,E7N8tSg2amZW-vc-X46JU,Image,,52,subtopic,,,roadmap.sh:nilbuild/developer-roadmap@master
react-native,mobile,GFGhnx5xUer2DdRI-SO4D,ImageBackground,Core Components,53,subtopic,,,roadmap.sh:nilbuild/developer-roadmap@master
react-native,mobile,ouNTekf4VpZv-Vja8_bfM,Switch,,54,subtopic,,,roadmap.sh:nilbuild/developer-roadmap@master
react-native,mobile,QOOZs9qtz49agfZwi6k1B,StatusBar,,55,subtopic,,,roadmap.sh:nilbuild/developer-roadmap@master
react-native,mobile,hHFR59RrdMIWxcQe72qCs,ActivityIndicator,Core Components,56,subtopic,,,roadmap.sh:nilbuild/developer-roadmap@master
react-native,mobile,V34mZCkpoT49o-74XoATS,Modal,Core Components,57,subtopic,,,roadmap.sh:nilbuild/developer-roadmap@master
react-native,mobile,4BgVq-cZYEXgqktvlNnet,Pressable,,58,subtopic,,,roadmap.sh:nilbuild/developer-roadmap@master
react-native,mobile,GrFL32pZ_eOmdJRzSlH8b,View,,59,subtopic,,,roadmap.sh:nilbuild/developer-roadmap@master
react-native,mobile,UqCpoPzYio3ng3RFlbvZ7,SafeAreaView,,60,subtopic,,,roadmap.sh:nilbuild/developer-roadmap@master
react-native,mobile,8bn1PFd9h0ek6_T-cl1cS,KeyboardAvoidingView,,61,subtopic,,,roadmap.sh:nilbuild/developer-roadmap@master
react-native,mobile,x-OZCZcX6uhN3Yr5BAATn,Listings,Core Components,62,subtopic,,,roadmap.sh:nilbuild/developer-roadmap@master
react-native,mobile,yN283SRWoALOEZh9iTn-L,ScrollView,,63,subtopic,,,roadmap.sh:nilbuild/developer-roadmap@master
react-native,mobile,h3ypxGxeHDCTxURHg6D2d,ListViews,,64,subtopic,,,roadmap.sh:nilbuild/developer-roadmap@master
react-native,mobile,CYqLNGyOe9f9hVhbyUnTX,FlatList,,65,subtopic,,,roadmap.sh:nilbuild/developer-roadmap@master
react-native,mobile,gLJMD9X7chy8OxdALht8g,SectionList,,66,subtopic,,,roadmap.sh:nilbuild/developer-roadmap@master
react-native,mobile,m8Nu71Y61Ha_fLxdtWTkn,RefreshControl,,67,subtopic,,,roadmap.sh:nilbuild/developer-roadmap@master
react-native,mobile,HiUbRfOv8OttFd85pDUHN,Writing Platform Specific Code,,68,topic,,,roadmap.sh:nilbuild/developer-roadmap@master
react-native,mobile,KZIrRSYq_I-YzpFaYLuWi,Platform Module,,69,subtopic,,,roadmap.sh:nilbuild/developer-roadmap@master
react-native,mobile,LLANnVosxOUCPTtuBfNgu,File Extensions,,70,subtopic,,,roadmap.sh:nilbuild/developer-roadmap@master
react-native,mobile,UQpyXrC2cs_jDXxVTlQOu,react-native-web,,71,subtopic,,,roadmap.sh:nilbuild/developer-roadmap@master
react-native,mobile,ervpuL89myBW3oR9r-4lH,Styling,,72,topic,,,roadmap.sh:nilbuild/developer-roadmap@master
react-native,mobile,wB0D9koC6jpt1rzX8F07F,Stylesheets,Styling,73,subtopic,,,roadmap.sh:nilbuild/developer-roadmap@master
react-native,mobile,e-r3tuRZ3PzhFegES0oOm,Layouts & Flexbox,,74,subtopic,,,roadmap.sh:nilbuild/developer-roadmap@master
react-native,mobile,KoXTwQUqPt_ZhOFuaelny,Accessibility,,75,subtopic,,,roadmap.sh:nilbuild/developer-roadmap@master
react-native,mobile,7GBV5sfOaGxHwpkNUvFWE,Networking,,76,topic,,,roadmap.sh:nilbuild/developer-roadmap@master
react-native,mobile,k7uVPyhbPgvO6HxAfxxYZ,Connectivity Status,,77,subtopic,,,roadmap.sh:nilbuild/developer-roadmap@master
react-native,mobile,aSCgax1M4wlmzkJSZV_fv,WebSockets,,78,subtopic,,,roadmap.sh:nilbuild/developer-roadmap@master
react-native,mobile,f7KFPFS2-EA90pumYHM9T,Fetch,,79,subtopic,,,roadmap.sh:nilbuild/developer-roadmap@master
react-native,mobile,CAQJaGs24wx1SqKOU44aB,Push Notifications,,80,topic,,,roadmap.sh:nilbuild/developer-roadmap@master
react-native,mobile,GYdz9a1yLiewAeMRSyfLr,Interactions,,81,topic,,,roadmap.sh:nilbuild/developer-roadmap@master
react-native,mobile,A7ZIe8nlQnHU5g3LM3Eif,Touchables,Interactions,82,subtopic,,,roadmap.sh:nilbuild/developer-roadmap@master
react-native,mobile,xf7L5J42yQq3LE7lG2plp,Gesture Handling,Interactions,83,subtopic,,,roadmap.sh:nilbuild/developer-roadmap@master
react-native,mobile,nk6zdVNRz_xE71mVUOFsi,Scrolling & Swiping,Interactions,84,subtopic,,,roadmap.sh:nilbuild/developer-roadmap@master
react-native,mobile,Jr2iuQqyCbx6CyTJj4Qz2,Screen Navigation,Interactions,85,subtopic,,,roadmap.sh:nilbuild/developer-roadmap@master
react-native,mobile,3NLcPO-hqQV1EacoPLVrv,Animations,Interactions,86,subtopic,,,roadmap.sh:nilbuild/developer-roadmap@master
react-native,mobile,dckRzKDKj-mLB3-OxwjPh,DeepLinking,,87,topic,,,roadmap.sh:nilbuild/developer-roadmap@master
react-native,mobile,CGtVwhVGc8Vea5RfzJvQG,Security,,88,topic,,,roadmap.sh:nilbuild/developer-roadmap@master
react-native,mobile,LRBHwYiT0Yyi18PwR49rc,Authentication,Security,89,subtopic,,,roadmap.sh:nilbuild/developer-roadmap@master
react-native,mobile,ee4QqFTosXNcTgoQIok8i,Networking,Security,90,subtopic,,,roadmap.sh:nilbuild/developer-roadmap@master
react-native,mobile,NdjmP1bZNYriV08vb-iRw,Storage,Security,91,subtopic,,,roadmap.sh:nilbuild/developer-roadmap@master
react-native,mobile,w0WW1kg_0BEMeLa1l2gb5,Storage,,92,topic,,,roadmap.sh:nilbuild/developer-roadmap@master
react-native,mobile,WsJGiMjHSQ6MpPd5wuP9h,react-native-async-storage,,93,subtopic,,,roadmap.sh:nilbuild/developer-roadmap@master
react-native,mobile,JgBfwmOgcVi_a96L5NGwr,expo-secure-store,,95,subtopic,,,roadmap.sh:nilbuild/developer-roadmap@master
react-native,mobile,9pvrXH5Drdsa1cr93UBdc,expo-file-system,,96,subtopic,,,roadmap.sh:nilbuild/developer-roadmap@master
react-native,mobile,oK8z23a_CjcDjBJ843_Jn,expo-sqlite,,97,subtopic,,,roadmap.sh:nilbuild/developer-roadmap@master
react-native,mobile,vZMsm-MtsqmQMD-MG6zJY,Other Storage Options,,98,subtopic,,,roadmap.sh:nilbuild/developer-roadmap@master
react-native,mobile,G15Aey-Spax_iUHpm1v38,Testing,,99,topic,,,roadmap.sh:nilbuild/developer-roadmap@master
react-native,mobile,06gsRokwjxVa2xyLY4qAb,Jest,,101,subtopic,,,roadmap.sh:nilbuild/developer-roadmap@master
react-native,mobile,81tmis0km2h1zsjS2HsP5,React Test Renderer,,103,subtopic,,,roadmap.sh:nilbuild/developer-roadmap@master
react-native,mobile,-b4LfjCjkSZ6ZsSv3eFm6,React Native Testing Library,,104,subtopic,,,roadmap.sh:nilbuild/developer-roadmap@master
react-native,mobile,3m7ANLJvtx3zie4y86MNU,Detox,,106,subtopic,,,roadmap.sh:nilbuild/developer-roadmap@master
react-native,mobile,spTzJMS7cE0cNa7tVQhVQ,Appium,,107,subtopic,,,roadmap.sh:nilbuild/developer-roadmap@master
react-native,mobile,NIJzKzWlsciAjxUpm4K2v,Performance,,108,topic,,,roadmap.sh:nilbuild/developer-roadmap@master
react-native,mobile,1U3AiCDWEVEKsofWtqavi,Understand Frame Rates,Performance,109,subtopic,,,roadmap.sh:nilbuild/developer-roadmap@master
react-native,mobile,afwB90L-q2hIwrA0LtWbG,Common Problem Sources,Performance,110,subtopic,,,roadmap.sh:nilbuild/developer-roadmap@master
react-native,mobile,LL2ZkB7BuELyY2mPQhkAj,Speeding up Builds,Performance,111,subtopic,,,roadmap.sh:nilbuild/developer-roadmap@master
react-native,mobile,PyPjHnKIWpnFHal8RuSmX,Optimizing Flatlist Config,Performance,112,subtopic,,,roadmap.sh:nilbuild/developer-roadmap@master
react-native,mobile,u5I-EOnA_yt6AQsRX-qr0,RAM Bundles + Inline Requires,Performance,113,subtopic,,,roadmap.sh:nilbuild/developer-roadmap@master
react-native,mobile,apXv-E6LvOuOMj3EpzwuA,Profiling,Performance,114,subtopic,,,roadmap.sh:nilbuild/developer-roadmap@master
react-native,mobile,0BMpZDc-1rSvETwX82zON,Using Native Modules,,115,topic,,,roadmap.sh:nilbuild/developer-roadmap@master
react-native,mobile,b-1-JcwLSGMyH3gXS59lY,For iOS,,116,subtopic,,,roadmap.sh:nilbuild/developer-roadmap@master
react-native,mobile,wMxTB8WgU6e-oYMtQFCDY,For Android,,117,subtopic,,,roadmap.sh:nilbuild/developer-roadmap@master
react-native,mobile,4U-HZQGH7kaWCB94Xy8Mh,Publishing Apps,,118,topic,,,roadmap.sh:nilbuild/developer-roadmap@master
react-native,mobile,1s9Y1dUtjpW9pu74ipX99,Apple App store,Publishing Apps,119,subtopic,,,roadmap.sh:nilbuild/developer-roadmap@master
react-native,mobile,D8T9cZ5zKi_KZDr9tDpCf,Google Play Store,,120,subtopic,,,roadmap.sh:nilbuild/developer-roadmap@master
data-analyst,data,3xp2fogAVmwXQhdzhZDWR,Introduction,,16,topic,,,roadmap.sh:nilbuild/developer-roadmap@master
data-analyst,data,yCnn-NfSxIybUQ2iTuUGq,What is Data Analytics,Introduction,21,subtopic,,,roadmap.sh:nilbuild/developer-roadmap@master
data-analyst,data,Lsapbmg-eMIYJAHpV97nO,Types of Data Analytics,,22,topic,,,roadmap.sh:nilbuild/developer-roadmap@master
data-analyst,data,hWDh0ooidbqZb000ENVok,Descriptive Analytics,Types of Data Analytics,24,subtopic,,,roadmap.sh:nilbuild/developer-roadmap@master
data-analyst,data,j7DA2J3speSaBsZAV4M0v,Diagnostic Analytics,,25,subtopic,,,roadmap.sh:nilbuild/developer-roadmap@master
data-analyst,data,3WZORRCwme3HsaKew23Z5,Predictive Analytics,,26,subtopic,,,roadmap.sh:nilbuild/developer-roadmap@master
data-analyst,data,DFMR-0MbmVCCrJu0I9JWG,Prescriptive Analytics,,27,subtopic,,,roadmap.sh:nilbuild/developer-roadmap@master
data-analyst,data,R12sArWVpbIs_PHxBqVaR,Key Concepts of Data,Introduction,28,subtopic,,,roadmap.sh:nilbuild/developer-roadmap@master
data-analyst,data,mDUSpexdq3ITV6qokwSJl,Collection,,29,subtopic,,,roadmap.sh:nilbuild/developer-roadmap@master
data-analyst,data,nC7tViln4UyQFYP_-fyjB,Cleanup,,30,subtopic,,,roadmap.sh:nilbuild/developer-roadmap@master
data-analyst,data,XFnw4_dQYSzm96-srWa7X,Exploration,,31,subtopic,,,roadmap.sh:nilbuild/developer-roadmap@master
data-analyst,data,jowh4CFLQiFzKaaElyCuQ,Visualisation,,32,subtopic,,,roadmap.sh:nilbuild/developer-roadmap@master
data-analyst,data,2pUq-7hu5EjGpowz98YoV,Statistical Analysis,,33,subtopic,,,roadmap.sh:nilbuild/developer-roadmap@master
data-analyst,data,U55hwR0HRCIz2cveVR8FZ,Machine Learning,,34,subtopic,http://data.europa.eu/esco/skill/3a2d5b45-56e4-4f5a-a55a-4a4a65afdc43,machine learning,roadmap.sh:nilbuild/developer-roadmap@master
data-analyst,data,sgXIjVTbwdwdYoaxN3XBM,Analysis / Reporting with Excel,,36,topic,,,roadmap.sh:nilbuild/developer-roadmap@master
data-analyst,data,wME4MSldOWlMB54ekpReS,IF,,37,subtopic,,,roadmap.sh:nilbuild/developer-roadmap@master
data-analyst,data,yBlJrNo9eO470dLp6OaQZ,DATEDIF,,38,subtopic,,,roadmap.sh:nilbuild/developer-roadmap@master
data-analyst,data,9sIP-jpNjtA1JPCBjTf-H,VLOOKUP / HLOOKUP,,39,subtopic,,,roadmap.sh:nilbuild/developer-roadmap@master
data-analyst,data,dke_pySrqYZZ7K3rprnIT,REPLACE / SUBSTITUTE,,40,subtopic,,,roadmap.sh:nilbuild/developer-roadmap@master
data-analyst,data,YReKRRgE_2dWfGGdBQqbf,UPPER / LOWER / PROPER,,41,subtopic,,,roadmap.sh:nilbuild/developer-roadmap@master
data-analyst,data,SIiIfcy-jeiRoDlxw385V,CONCAT,,42,subtopic,,,roadmap.sh:nilbuild/developer-roadmap@master
data-analyst,data,D5Q6o6ydr1j51kB0ASFPE,TRIM,,43,subtopic,,,roadmap.sh:nilbuild/developer-roadmap@master
data-analyst,data,FDYunL9KJkR_tHEcUV2iC,AVERAGE,,44,subtopic,,,roadmap.sh:nilbuild/developer-roadmap@master
data-analyst,data,uAdxP1ZkgzcU8JcWjvw6d,COUNT,,45,subtopic,,,roadmap.sh:nilbuild/developer-roadmap@master
data-analyst,data,_FO80Cm2iAD_bThmnsEgp,SUM,,46,subtopic,,,roadmap.sh:nilbuild/developer-roadmap@master
data-analyst,data,F3-cr5onkWqKKPRdxu8lV,MIN / MAX,,47,subtopic,,,roadmap.sh:nilbuild/developer-roadmap@master
data-analyst,data,Vk3JErqxpnPY44iyfkLMl,Charting,,50,subtopic,,,roadmap.sh:nilbuild/developer-roadmap@master
data-analyst,data,2DDJUFr0AJTVR2Whj8zub,Pivot Tables,,51,subtopic,,,roadmap.sh:nilbuild/developer-roadmap@master
data-analyst,data,i2uEcaO4bJhcZ5ayRs2CQ,Learn a Programming Lang.,,52,topic,,,roadmap.sh:nilbuild/developer-roadmap@master
data-analyst,data,g_EBQizZsIe-vn8ir6FTv,R,,54,subtopic,http://data.europa.eu/esco/skill/51586df8-1c46-4b47-8583-773cb63bf00b,R,roadmap.sh:nilbuild/developer-roadmap@master
data-analyst,data,M1QtGTLyygIjePoCfvjve,Data Manipulation Libraries,,55,topic,,,roadmap.sh:nilbuild/developer-roadmap@master
data-analyst,data,8OXmF2Gn6TYJotBRvDjqA,Pandas,Data Manipulation Libraries,56,subtopic,,,roadmap.sh:nilbuild/developer-roadmap@master
data-analyst,data,l1SnPc4EMqGdaIAhIQfrT,Data Visualisation Libraries,,57,topic,,,roadmap.sh:nilbuild/developer-roadmap@master
data-analyst,data,uGkXxdMXUMY-3fQFS1jK8,Matplotlib,Data Visualisation Libraries,58,subtopic,,,roadmap.sh:nilbuild/developer-roadmap@master
data-analyst,data,y__UHXe2DD-IB7bvMF1-X,Dplyr,Data Manipulation Libraries,59,subtopic,,,roadmap.sh:nilbuild/developer-roadmap@master
data-analyst,data,E0hIgQEeZlEidr4HtUFrL,Ggplot2,Data Visualisation Libraries,60,subtopic,,,roadmap.sh:nilbuild/developer-roadmap@master
data-analyst,data,_sjXCLHHTbZromJYn6fnu,Data Collection,,61,topic,,,roadmap.sh:nilbuild/developer-roadmap@master
data-analyst,data,tYPeLCxbqvMFlTkCGjdHg,Databases,Data Collection,63,subtopic,,,roadmap.sh:nilbuild/developer-roadmap@master
data-analyst,data,iWOK0mRY-hAGxMnHYJ0tt,CSV Files,Data Collection,64,subtopic,,,roadmap.sh:nilbuild/developer-roadmap@master
data-analyst,data,4DFcXSSHxg5wv0uXLIRij,APIs,Data Collection,65,subtopic,,,roadmap.sh:nilbuild/developer-roadmap@master
data-analyst,data,qQ64ZhSlbbWu9pP8KTE67,Web Scraping,Data Collection,66,subtopic,,,roadmap.sh:nilbuild/developer-roadmap@master
data-analyst,data,E6cpb6kvluJM8OGuDcFBT,Data Cleanup,,67,topic,,,roadmap.sh:nilbuild/developer-roadmap@master
data-analyst,data,X9WmfHOks82BIAzs6abqO,Handling Missing Data,Data Cleanup,68,subtopic,,,roadmap.sh:nilbuild/developer-roadmap@master
data-analyst,data,Xltm7B-8TZ1-igLjVJXoR,Removing Duplicates,Data Cleanup,69,subtopic,,,roadmap.sh:nilbuild/developer-roadmap@master
data-analyst,data,-rQ8h_6NFxEOhxXgo7LHo,Finding Outliers,Data Cleanup,70,subtopic,,,roadmap.sh:nilbuild/developer-roadmap@master
data-analyst,data,t_BRtEharsrOZxoyX0OzV,Data Transformation,Data Cleanup,71,subtopic,,,roadmap.sh:nilbuild/developer-roadmap@master
data-analyst,data,TucngXKNptbeo3PtdJHX8,Pandas,,72,subtopic,,,roadmap.sh:nilbuild/developer-roadmap@master
data-analyst,data,v8TfY-b4W5ygOv7r-syHq,Dplyr,,73,subtopic,,,roadmap.sh:nilbuild/developer-roadmap@master
data-analyst,data,il6KQXVPGBza5libN38ib,Descriptive Analysis,,75,topic,,,roadmap.sh:nilbuild/developer-roadmap@master
data-analyst,data,2ldO-_ZnIg364Eo8Jyfgr,Dispersion,,76,subtopic,,,roadmap.sh:nilbuild/developer-roadmap@master
data-analyst,data,Fyqg3MRcwY7g-Q3gjiqwK,Distribution Space,,77,subtopic,,,roadmap.sh:nilbuild/developer-roadmap@master
data-analyst,data,923KGEUG9ofBm7dYkkrxz,Mean,,78,subtopic,,,roadmap.sh:nilbuild/developer-roadmap@master
data-analyst,data,qdXoikVh2xkJkOQNKcyvb,Median,,79,subtopic,,,roadmap.sh:nilbuild/developer-roadmap@master
data-analyst,data,fY8zVG2tVbmtx5OhY7hj-,Mode,,80,subtopic,,,roadmap.sh:nilbuild/developer-roadmap@master
data-analyst,data,yn1sstYMO9du3rpfQqNs9,Average,,81,subtopic,,,roadmap.sh:nilbuild/developer-roadmap@master
data-analyst,data,tSxtyJhL5wjU0XJcjsJmm,Range,,82,subtopic,,,roadmap.sh:nilbuild/developer-roadmap@master
data-analyst,data,ict4JkoVM-AzPbp9bDztg,Variance,,83,subtopic,,,roadmap.sh:nilbuild/developer-roadmap@master
data-analyst,data,MXIP8ekH4YtczODKM_G_l,Standard Deviation,,84,subtopic,,,roadmap.sh:nilbuild/developer-roadmap@master
data-analyst,data,VfcCRRqwLxkYpIX0ZKNNX,Skewness,,85,subtopic,,,roadmap.sh:nilbuild/developer-roadmap@master
data-analyst,data,PqGO8AU1zE2ZdtqrIrOkZ,Kurtosis,,86,subtopic,,,roadmap.sh:nilbuild/developer-roadmap@master
data-analyst,data,BJTVa4ur_bJB7mMtD2-hQ,Central Tendency,,87,subtopic,,,roadmap.sh:nilbuild/developer-roadmap@master
data-analyst,data,Sz2Y8HLbSmDjSKAJztDql,Tableau,,90,subtopic,,,roadmap.sh:nilbuild/developer-roadmap@master
data-analyst,data,SJLeose5vZU8w_18C8_t0,Power BI,,91,subtopic,,,roadmap.sh:nilbuild/developer-roadmap@master
data-analyst,data,tvDdXwaRPsUSTqJGaLS3P,Matplotlib,,92,subtopic,,,roadmap.sh:nilbuild/developer-roadmap@master
data-analyst,data,-cJb8gEBvdVFf7FlgG3Ud,Seaborn,,93,subtopic,,,roadmap.sh:nilbuild/developer-roadmap@master
data-analyst,data,n3M49lgNPn28hm7kzki-a,ggplot2,,94,subtopic,,,roadmap.sh:nilbuild/developer-roadmap@master
data-analyst,data,EVk1H-QLtTlpG7lVEenDt,Bar Charts,,98,subtopic,,,roadmap.sh:nilbuild/developer-roadmap@master
data-analyst,data,v9T0DX56jFNhUz9nzubzS,Line Chart,,99,subtopic,,,roadmap.sh:nilbuild/developer-roadmap@master
data-analyst,data,A5YQv7D4qRcskdZ64XldH,Scatter Plot,,100,subtopic,,,roadmap.sh:nilbuild/developer-roadmap@master
data-analyst,data,muFy-C2agCX9vR_NU7UZF,Funnel Charts,,101,subtopic,,,roadmap.sh:nilbuild/developer-roadmap@master
data-analyst,data,FEyBFZLaGJqTC-IUEcOVS,Histograms,,102,subtopic,,,roadmap.sh:nilbuild/developer-roadmap@master
data-analyst,data,329BrtmXjXNLfi1SFfdeo,Stacked Charts,,103,subtopic,,,roadmap.sh:nilbuild/developer-roadmap@master
data-analyst,data,G8resQXEVEHCaQfDlt3nj,Heatmap,,104,subtopic,,,roadmap.sh:nilbuild/developer-roadmap@master
data-analyst,data,K9xwm_Vpdup9ujYqlD9F3,Pie Charts,,105,subtopic,,,roadmap.sh:nilbuild/developer-roadmap@master
data-analyst,data,2g19zjEASJw2ve57hxpr0,Data Visualisation,,106,topic,,,roadmap.sh:nilbuild/developer-roadmap@master
data-analyst,data,TeewVruErSsD4VLXcaDxp,Statistical Analysis,,107,topic,,,roadmap.sh:nilbuild/developer-roadmap@master
data-analyst,data,Xygwu0m5TeYT6S_8FKKXh,Hypothesis Testing,Statistical Analysis,109,subtopic,,,roadmap.sh:nilbuild/developer-roadmap@master
data-analyst,data,murioZ0NdrTix_lqSGz-8,Correlation Analysis,Statistical Analysis,110,subtopic,,,roadmap.sh:nilbuild/developer-roadmap@master
data-analyst,data,lTycWscyFPi-BtkNg9cdm,Regression,Statistical Analysis,111,subtopic,,,roadmap.sh:nilbuild/developer-roadmap@master
data-analyst,data,mCUW07rx74_dUNi7OGVlj,Visualizing Distributions,Descriptive Analysis,112,subtopic,,,roadmap.sh:nilbuild/developer-roadmap@master
data-analyst,data,f4GuzeokP9w_gwtOquP0g,Machine Learning,,114,topic,http://data.europa.eu/esco/skill/3a2d5b45-56e4-4f5a-a55a-4a4a65afdc43,machine learning,roadmap.sh:nilbuild/developer-roadmap@master
data-analyst,data,XdBwqLoYYiLJNlWPBEDUj,Reinforcement Learning,,115,subtopic,,,roadmap.sh:nilbuild/developer-roadmap@master
data-analyst,data,FntL9E2yVAYwIrlANDNKE,Unsupervised Learning,,116,subtopic,http://data.europa.eu/esco/skill/3a2d5b45-56e4-4f5a-a55a-4a4a65afdc43,machine learning,roadmap.sh:nilbuild/developer-roadmap@master
data-analyst,data,FIYCkGXofKMsXmsqHSMh9,Supervised Learning,,117,subtopic,http://data.europa.eu/esco/skill/3a2d5b45-56e4-4f5a-a55a-4a4a65afdc43,machine learning,roadmap.sh:nilbuild/developer-roadmap@master
data-analyst,data,vHDm_9Lh4EqvXNYSOBaqZ,Decision Trees,,119,subtopic,,,roadmap.sh:nilbuild/developer-roadmap@master
data-analyst,data,zbUw5PyVsdccbgDTRHg7d,Naive Byes,,120,subtopic,,,roadmap.sh:nilbuild/developer-roadmap@master
data-analyst,data,h2xF5bZeUByDgsAi4dga2,K-Means Clustering,,121,subtopic,,,roadmap.sh:nilbuild/developer-roadmap@master
data-analyst,data,7ikA373qH88HBx5irCgIH,Model Evaluation Techniques,,122,subtopic,,,roadmap.sh:nilbuild/developer-roadmap@master
data-analyst,data,_aUQZWUhFRvNu0MZ8CPit,Big Data Technologies,,123,topic,,,roadmap.sh:nilbuild/developer-roadmap@master
data-analyst,data,m1IfG2sEedUxMXrv_B8GW,Big Data Concepts,Big Data Technologies,124,subtopic,,,roadmap.sh:nilbuild/developer-roadmap@master
data-analyst,data,SStzU_iXSvI_9QWbvGNou,KNN,,125,subtopic,,,roadmap.sh:nilbuild/developer-roadmap@master
data-analyst,data,ofOQKAIu4rezWmgZeE-KT,Logistic Regression,,126,subtopic,,,roadmap.sh:nilbuild/developer-roadmap@master
data-analyst,data,Fwwve0j-KDfc605IIgmil,Parallel Processing,,127,subtopic,,,roadmap.sh:nilbuild/developer-roadmap@master
data-analyst,data,wECWIRMlWNoTxz5eKwaSf,Hadoop,,129,subtopic,http://data.europa.eu/esco/skill/e46291c7-52b9-4174-bd59-178884861038,Hadoop,roadmap.sh:nilbuild/developer-roadmap@master
data-analyst,data,vaiigToDh4522rtWamuSM,Spark,,130,subtopic,http://data.europa.eu/esco/skill/af7ae54f-4649-4c16-87c7-59ba41d4d57f,SPARK,roadmap.sh:nilbuild/developer-roadmap@master
data-analyst,data,fqCAH4Enc4AAJHoSkk2Pe,MPI,,132,subtopic,,,roadmap.sh:nilbuild/developer-roadmap@master
data-analyst,data,eAM9orCNwzqh34uvGBVm8,MapReduce,,133,subtopic,,,roadmap.sh:nilbuild/developer-roadmap@master
data-analyst,data,SiYUdtYMDImRPmV2_XPkH,Deep Learning (Optional),,134,topic,,,roadmap.sh:nilbuild/developer-roadmap@master
data-analyst,data,gGHsKcS92StK5FolzmVvm,Neural Networks,,136,subtopic,http://data.europa.eu/esco/skill/5608d5a0-6d5e-43b7-be37-616501729bb4,artificial neural networks,roadmap.sh:nilbuild/developer-roadmap@master
data-analyst,data,XlCv2OirEfuBFa4ranyyE,CNNs,,137,subtopic,,,roadmap.sh:nilbuild/developer-roadmap@master
data-analyst,data,Gocm98_tRg5BGxKcP-7zg,RNN,,138,subtopic,,,roadmap.sh:nilbuild/developer-roadmap@master
data-analyst,data,FJ4Sx477FWxyDsQr0R8rl,Tensorflow,,140,subtopic,http://data.europa.eu/esco/skill/7b0d5000-00da-4864-b776-6de49a87a669,computer vision,roadmap.sh:nilbuild/developer-roadmap@master
data-analyst,data,LJSqfz6aYJbCe_bK8EWI1,Pytorch,,141,subtopic,,,roadmap.sh:nilbuild/developer-roadmap@master
data-analyst,data,bHPJ6yOHtUq5EjJBSrJUE,Image Recognition,,143,subtopic,http://data.europa.eu/esco/skill/45f1ae17-c20d-40fc-9307-7d33b6ca9213,image recognition,roadmap.sh:nilbuild/developer-roadmap@master
data-analyst,data,DFv-eiYDicF4cA4jgVk9_,Natural Language Processing,,144,subtopic,,,roadmap.sh:nilbuild/developer-roadmap@master
data-analyst,data,iTmtpXe7dR4XKslgpsk2q,Data Storage Solutions,,159,subtopic,,,roadmap.sh:nilbuild/developer-roadmap@master
data-engineer,data,WSYIFni7G2C9Jr0pwuami,Introduction,,30,topic,,,roadmap.sh:nilbuild/developer-roadmap@master
data-engineer,data,WB2PRVI9C6RIbJ6l9zdbd,What is Data Engineering?,Introduction,31,subtopic,,,roadmap.sh:nilbuild/developer-roadmap@master
data-engineer,data,jJukG4XxfFcID_VlQKqe-,Data Engineering vs Data Science,Introduction,32,subtopic,,,roadmap.sh:nilbuild/developer-roadmap@master
data-engineer,data,3BxbkrBp8veZj38zdwN8s,Skills and Responsibilities,Introduction,33,subtopic,,,roadmap.sh:nilbuild/developer-roadmap@master
data-engineer,data,Ouph2bHeLQsrHl45ar4Cs,Data Engineering Lifecycle,Introduction,34,subtopic,,,roadmap.sh:nilbuild/developer-roadmap@master
data-engineer,data,_MpdVlvvkrsgzigYMZ_P8,Choosing the Right Technologies,Introduction,35,subtopic,,,roadmap.sh:nilbuild/developer-roadmap@master
data-engineer,data,_2Ofq3Df-VRXDgKyveZ0U,Programming Skills,,37,topic,,,roadmap.sh:nilbuild/developer-roadmap@master
data-engineer,data,ILs5azr4L_uLK0CDFKVaz,Python,,38,subtopic,http://data.europa.eu/esco/skill/ccd0a1d9-afda-43d9-b901-96344886e14d,Python (computer programming),roadmap.sh:nilbuild/developer-roadmap@master
data-engineer,data,LZ4t8CoCjGWMzE0hScTGZ,Java,,39,subtopic,http://data.europa.eu/esco/skill/19a8293b-8e95-4de3-983f-77484079c389,Java (computer programming),roadmap.sh:nilbuild/developer-roadmap@master
data-engineer,data,WHJXJ5ukJd-tK_3LFLJBg,Scala,,40,subtopic,http://data.europa.eu/esco/skill/ffddfc7c-a9dd-449f-9e96-882dc447c8b6,Scala,roadmap.sh:nilbuild/developer-roadmap@master
data-engineer,data,4z2i5NXTo9h3YY0kJvRrz,Go,,41,subtopic,,,roadmap.sh:nilbuild/developer-roadmap@master
data-engineer,data,fqmn6DPOA5MH7UWYv6ayn,Data Structures and Algorithms,,43,topic,,,roadmap.sh:nilbuild/developer-roadmap@master
data-engineer,data,02TADW_PPVtTU_rWV3jf1,Git and GitHub,,44,topic,,,roadmap.sh:nilbuild/developer-roadmap@master
data-engineer,data,FXQ_QsljK59zDULLgTqCB,Linux Basics,,45,topic,,,roadmap.sh:nilbuild/developer-roadmap@master
data-engineer,data,cgkzFMmQils2sYj4NW8VW,Networking Fundamentals,,46,topic,,,roadmap.sh:nilbuild/developer-roadmap@master
data-engineer,data,c1dadtQgbqXwcsQhI6de0,Distributed Systems Basics,,47,topic,,,roadmap.sh:nilbuild/developer-roadmap@master
data-engineer,data,AWf1y87pd1JFW71cZ_iE1,Data Generation,Data Engineering Lifecycle,48,subtopic,,,roadmap.sh:nilbuild/developer-roadmap@master
data-engineer,data,wydtifF3ZhMWCbVt8Hd2t,Data Storage,Data Engineering Lifecycle,49,subtopic,http://data.europa.eu/esco/skill/a7f0fbe0-c546-4f30-8e41-34a58c64567e,data storage,roadmap.sh:nilbuild/developer-roadmap@master
data-engineer,data,CvCOkyWcgzaUJec_v5F4L,Data Ingestion,Data Engineering Lifecycle,50,subtopic,,,roadmap.sh:nilbuild/developer-roadmap@master
data-engineer,data,RspQLpkICyHUmthLlxQ84,Data Serving,Data Engineering Lifecycle,51,subtopic,,,roadmap.sh:nilbuild/developer-roadmap@master
data-engineer,data,w3cfuNC-IdUKA7CEXs0fT,Data Engineering Lifecycle,,52,topic,,,roadmap.sh:nilbuild/developer-roadmap@master
data-engineer,data,zGKTlMUzhrbVbqpLZBsMZ,Sources of Data,,61,topic,,,roadmap.sh:nilbuild/developer-roadmap@master
data-engineer,data,qRHeaD2udDaItAxmiIiUg,Database,Sources of Data,62,subtopic,http://data.europa.eu/esco/skill/43ae58b9-5e56-4524-b45a-b422777a0576,database,roadmap.sh:nilbuild/developer-roadmap@master
data-engineer,data,cxTriSZvrmXP4axKynIZW,APIs,Sources of Data,63,subtopic,,,roadmap.sh:nilbuild/developer-roadmap@master
data-engineer,data,s-wUPMaagyRupT2RdfHks,Logs,,64,subtopic,,,roadmap.sh:nilbuild/developer-roadmap@master
data-engineer,data,dJZqe47kzRqYIG-4AZTlz,Mobile Apps,Sources of Data,65,subtopic,,,roadmap.sh:nilbuild/developer-roadmap@master
data-engineer,data,KeGCHoJRHp-mBX-P5to4Y,IoT,,66,subtopic,http://data.europa.eu/esco/skill/f049d050-12da-4e40-813a-2b5eb6df6b51,Internet of Things,roadmap.sh:nilbuild/developer-roadmap@master
data-engineer,data,wDDWQgMVBYK4WcmHq_d6l,Data Collection Considerations,,67,topic,,,roadmap.sh:nilbuild/developer-roadmap@master
data-engineer,data,g4UC0go7OPCJYJlac9w-i,Database Fundamentals,,69,topic,,,roadmap.sh:nilbuild/developer-roadmap@master
data-engineer,data,kVPEoUX-ZAGwstieD20Qa,Data Normalization,,70,subtopic,,,roadmap.sh:nilbuild/developer-roadmap@master
data-engineer,data,SlQHO8n97F7-_fc6EUXlj,Data Modelling Techniques,,71,subtopic,,,roadmap.sh:nilbuild/developer-roadmap@master
data-engineer,data,AslPFjoakcC44CmPB5nuw,CAP Theorem,,72,subtopic,,,roadmap.sh:nilbuild/developer-roadmap@master
data-engineer,data,-VQQmIUGesnrT1N6kH5et,OLTP vs OLAP,,73,subtopic,,,roadmap.sh:nilbuild/developer-roadmap@master
data-engineer,data,5KgPfywItqLFQRnIZldZH,Slowly Changing Dimension - SCD,Database Fundamentals,74,subtopic,,,roadmap.sh:nilbuild/developer-roadmap@master
data-engineer,data,k_XSLLwb0Jk0Dd1sw-MpR,Horizontal vs Vertical Scaling,,75,subtopic,,,roadmap.sh:nilbuild/developer-roadmap@master
data-engineer,data,OfH_UXnxvGQgwlNQwOEfS,Star vs Snowflake Schema,,76,subtopic,,,roadmap.sh:nilbuild/developer-roadmap@master
data-engineer,data,cslVSSKBMO7I6CpO7vG1H,Relational Databases,,77,topic,,,roadmap.sh:nilbuild/developer-roadmap@master
data-engineer,data,2rRVWPON-o3MvpgZmrU_A,Learn SQL,,78,subtopic,,,roadmap.sh:nilbuild/developer-roadmap@master
data-engineer,data,ilbFKqhfYyykjJ7cOngwx,Indexing,,79,subtopic,,,roadmap.sh:nilbuild/developer-roadmap@master
data-engineer,data,1BJGXWax6CONuFkaYR4Jm,Transactions,,80,subtopic,,,roadmap.sh:nilbuild/developer-roadmap@master
data-engineer,data,_bFj6rbLuqeQB5MjJZpd6,MySQL,,82,subtopic,http://data.europa.eu/esco/skill/4da171e5-779c-4983-a76f-91c16751e99f,MySQL,roadmap.sh:nilbuild/developer-roadmap@master
data-engineer,data,__JFgwxeDLvz8p7DAJnsc,PostgreSQL,,83,subtopic,http://data.europa.eu/esco/skill/a8d07b5a-c1a1-42c6-9d53-db9c7a2ca996,PostgreSQL,roadmap.sh:nilbuild/developer-roadmap@master
data-engineer,data,p7S_6O9Qq722r-F4bl6G3,MariaDB,,84,subtopic,,,roadmap.sh:nilbuild/developer-roadmap@master
data-engineer,data,YZ4G1-6VJ7VdsphdcBTf9,Aurora DB,,85,subtopic,,,roadmap.sh:nilbuild/developer-roadmap@master
data-engineer,data,PJcxM60h85Po0AAkSj7nr,Oracle,,86,subtopic,,,roadmap.sh:nilbuild/developer-roadmap@master
data-engineer,data,YxnIQh6Y5ic795-YsajB8,MS SQL,,87,subtopic,,,roadmap.sh:nilbuild/developer-roadmap@master
data-engineer,data,uZYQ8tqTriXt_JIOjcM9_,NoSQL Databsases,,89,topic,,,roadmap.sh:nilbuild/developer-roadmap@master
data-engineer,data,sGkAOVl3C-xIIAdtDH9jq,Document,,90,topic,,,roadmap.sh:nilbuild/developer-roadmap@master
data-engineer,data,04V0Bcgjusfqdw0b-Aw4W,MongoDB,,91,subtopic,,,roadmap.sh:nilbuild/developer-roadmap@master
data-engineer,data,_F53cV3ln2yu0ics5BFfx,ElasticSearch,,92,subtopic,,,roadmap.sh:nilbuild/developer-roadmap@master
data-engineer,data,goL_GqVVTVxXQMGBw992b,CosmosDB,,93,subtopic,,,roadmap.sh:nilbuild/developer-roadmap@master
data-engineer,data,-IesOBWPSIlbgvTjBqHcb,CouchDB,,94,subtopic,,,roadmap.sh:nilbuild/developer-roadmap@master
data-engineer,data,fBD6ZQoMac8w4kMJw_Jrd,Column,,95,topic,,,roadmap.sh:nilbuild/developer-roadmap@master
data-engineer,data,QYR8ESN7xhi4ZxcoiZbgn,Cassandra,,96,subtopic,,,roadmap.sh:nilbuild/developer-roadmap@master
data-engineer,data,ltZftFsiOo12AkQ-04N3B,BigTable,,97,subtopic,,,roadmap.sh:nilbuild/developer-roadmap@master
data-engineer,data,Uho9OOWSG0bUpyH4P6hKk,HBase,,98,subtopic,,,roadmap.sh:nilbuild/developer-roadmap@master
data-engineer,data,W6RnhoD7fW2xzVwnyJEDr,Graph,,101,topic,,,roadmap.sh:nilbuild/developer-roadmap@master
data-engineer,data,TG63YRbSKL1F9vlUVF1VY,Neo4j,,102,subtopic,,,roadmap.sh:nilbuild/developer-roadmap@master
data-engineer,data,atAK4zGXIbxZvfBTzFEIe,Neptune,,103,subtopic,,,roadmap.sh:nilbuild/developer-roadmap@master
data-engineer,data,fSlBjoNVKstJjWO7rS69V,Key-Value,,104,topic,,,roadmap.sh:nilbuild/developer-roadmap@master
data-engineer,data,dW_eC4vR8BrvKG9wxmEBc,Redis,,105,subtopic,,,roadmap.sh:nilbuild/developer-roadmap@master
data-engineer,data,KYUh29Ok1aeOviboGDS_i,Memcached,,106,subtopic,,,roadmap.sh:nilbuild/developer-roadmap@master
data-engineer,data,BDfpCDOxXZ-Tp0Abj_CVW,DynamoDB,,107,subtopic,,,roadmap.sh:nilbuild/developer-roadmap@master
data-engineer,data,dc3lJI27hJ3zZ45UCVqM1,What is Data Warehouse?,,109,topic,,,roadmap.sh:nilbuild/developer-roadmap@master
data-engineer,data,J854xPM1X0BWlhtJw7Hs_,Data Warehousing Architectures,,110,topic,,,roadmap.sh:nilbuild/developer-roadmap@master
data-engineer,data,ArOoKuf9scAURs8NRjAru,Data Warehouse,,111,topic,http://data.europa.eu/esco/skill/3ec2e4d6-7000-4905-bf1a-c5b1679416de,data warehouse,roadmap.sh:nilbuild/developer-roadmap@master
data-engineer,data,Je2in1n8bMaknyeH79Zbv,Google BigQuery,,112,subtopic,,,roadmap.sh:nilbuild/developer-roadmap@master
data-engineer,data,W3l1_66fsIqR3MqgBJUmU,Snowflake,,113,subtopic,,,roadmap.sh:nilbuild/developer-roadmap@master
data-engineer,data,omrg8QcYmTdQLBKV47b7o,Amazon Redshift,,114,subtopic,,,roadmap.sh:nilbuild/developer-roadmap@master
data-engineer,data,c6Pf3kFcC4iV4a7mPc-WH,Data Mart,Data Warehousing Architectures,115,subtopic,,,roadmap.sh:nilbuild/developer-roadmap@master
data-engineer,data,y0Lxz_wVyQ6lr1hvCsufa,Data Lake,,116,topic,,,roadmap.sh:nilbuild/developer-roadmap@master
data-engineer,data,fhfyoWekmYvEs-jdP2mJo,Databricks Delta Lake,,117,subtopic,,,roadmap.sh:nilbuild/developer-roadmap@master
data-engineer,data,Pf0_CBGkmSEfWDQ2_iFXr,Snowflake,,118,subtopic,,,roadmap.sh:nilbuild/developer-roadmap@master
data-engineer,data,senZEYC9k-C_C4EAYDNeU,Onehouse,,119,subtopic,,,roadmap.sh:nilbuild/developer-roadmap@master
data-engineer,data,D7qtosIbsQuIY3OWl_Hwc,Data Mesh,,120,topic,,,roadmap.sh:nilbuild/developer-roadmap@master
data-engineer,data,-x3QLMYhC67VJQ6EW6BrJ,Data Fabric,,122,subtopic,,,roadmap.sh:nilbuild/developer-roadmap@master
data-engineer,data,OiWleAdMbPtisrJpk2eSJ,Data Hub,,123,subtopic,,,roadmap.sh:nilbuild/developer-roadmap@master
data-engineer,data,14CycunRC1p2qTRn-ncoy,Metadata-first Architecture,,124,subtopic,,,roadmap.sh:nilbuild/developer-roadmap@master
data-engineer,data,ZnGX8pg4GagdSalg_P0oq,Serverless Options,,125,subtopic,,,roadmap.sh:nilbuild/developer-roadmap@master
data-engineer,data,lDeSL9qvgQgyAMcWXF7Fr,Cloud Computing,,126,topic,http://data.europa.eu/esco/skill/bd14968e-e409-45af-b362-3495ed7b10e0,cloud technologies,roadmap.sh:nilbuild/developer-roadmap@master
data-engineer,data,YLfyb_ycgz1hu0yW8SPNE,Cloud Architectures,,127,subtopic,,,roadmap.sh:nilbuild/developer-roadmap@master
data-engineer,data,AHLsBfPfBJOhLlJ-64GcK,Amazon EC2 ( Compute),,130,subtopic,,,roadmap.sh:nilbuild/developer-roadmap@master
data-engineer,data,tbut25IZI2aU7TkI9fFYV,S3 (Storage),,131,subtopic,,,roadmap.sh:nilbuild/developer-roadmap@master
data-engineer,data,GtFk7phYGfXUhxanicYNQ,Amazon RDS (Database),,132,subtopic,,,roadmap.sh:nilbuild/developer-roadmap@master
data-engineer,data,nD36-PXHzOXePM7j9u_O_,Amazon RDS (Database),,133,subtopic,,,roadmap.sh:nilbuild/developer-roadmap@master
data-engineer,data,-yi-xk-kv0njW9GdytiAQ,Azure Virtual Machines,,134,subtopic,,,roadmap.sh:nilbuild/developer-roadmap@master
data-engineer,data,gzbEGCUwMsD1gL4nW668g,Azure Blob Storage,,135,subtopic,,,roadmap.sh:nilbuild/developer-roadmap@master
data-engineer,data,iIZ3g70KRwEJCBNaONd2d,Azure SQL Database,,136,subtopic,,,roadmap.sh:nilbuild/developer-roadmap@master
data-engineer,data,BNGdJSmrNE90rwPa4JoWj,Data Factory (ETL),,137,subtopic,,,roadmap.sh:nilbuild/developer-roadmap@master
data-engineer,data,-cU86vJWJmlmPHXDCo31o,Compute Engine (Compute),,139,subtopic,,,roadmap.sh:nilbuild/developer-roadmap@master
data-engineer,data,2lqvArZdwRX0t3P3yovEH,Google Cloud Storage,,140,subtopic,,,roadmap.sh:nilbuild/developer-roadmap@master
data-engineer,data,9-wQWQIdAxQmMaJC9ojPg,Cloud SQL (Database),,141,subtopic,,,roadmap.sh:nilbuild/developer-roadmap@master
data-engineer,data,YWgVUyIvBRW8eTVR5y73P,Dataflow,,142,subtopic,,,roadmap.sh:nilbuild/developer-roadmap@master
data-engineer,data,GN1Xh3kA25ge-wTbdiSio,Types of Data Ingestion,,147,topic,,,roadmap.sh:nilbuild/developer-roadmap@master
data-engineer,data,f-a3Hy1ldnvSv8W2mFiJK,Batch,Types of Data Ingestion,148,subtopic,,,roadmap.sh:nilbuild/developer-roadmap@master
data-engineer,data,4fugNG5sEDl0kgmN3Mezk,Hybrid,Types of Data Ingestion,149,subtopic,,,roadmap.sh:nilbuild/developer-roadmap@master
data-engineer,data,wwPO5Uc6qnwYgibrbPn7y,Streaming,Types of Data Ingestion,150,subtopic,,,roadmap.sh:nilbuild/developer-roadmap@master
data-engineer,data,oqxNr0Lj34mgRi5Z5wJt_,Realtime,Types of Data Ingestion,151,subtopic,,,roadmap.sh:nilbuild/developer-roadmap@master
data-engineer,data,fqTPu70MJyXBmqYUgCJ_r,Data Pipelines,,152,topic,,,roadmap.sh:nilbuild/developer-roadmap@master
data-engineer,data,nShDMih1HmubBczxu4cfU,Extract Data,,154,subtopic,,,roadmap.sh:nilbuild/developer-roadmap@master
data-engineer,data,TjsxMNyWO3YGwg6zEIid4,Transform Data,,155,subtopic,,,roadmap.sh:nilbuild/developer-roadmap@master
data-engineer,data,y5Aaxe-P68HC5kNsIi88q,Load Data,,156,subtopic,,,roadmap.sh:nilbuild/developer-roadmap@master
data-engineer,data,vfO5Dz6ppsNtbGiQwpUs7,Apache Airflow,,158,subtopic,,,roadmap.sh:nilbuild/developer-roadmap@master
data-engineer,data,SgYLIkMtLVPlw8Qo5j0Fb,dbt,,159,subtopic,,,roadmap.sh:nilbuild/developer-roadmap@master
data-engineer,data,_IiKTZDF_b57l79X6lsq6,Luigi,,160,subtopic,,,roadmap.sh:nilbuild/developer-roadmap@master
data-engineer,data,TAh4__7U58J7fduU9a1Ol,Perfect,,161,subtopic,,,roadmap.sh:nilbuild/developer-roadmap@master
data-engineer,data,hB0y8A2U3owpAbTUb7LN5,Cluster Computing Basics,,162,topic,,,roadmap.sh:nilbuild/developer-roadmap@master
data-engineer,data,Ad10evrGQuYRl5GaMhQwu,What is Cluster Computing,,163,subtopic,,,roadmap.sh:nilbuild/developer-roadmap@master
data-engineer,data,1LLF4466grFDlT9p_WLsi,Distributed File Systems,,164,subtopic,,,roadmap.sh:nilbuild/developer-roadmap@master
data-engineer,data,ccc6_SzDwXpCL1WbFuPNA,Job Scheduling,,165,subtopic,,,roadmap.sh:nilbuild/developer-roadmap@master
data-engineer,data,wpZfbIFtfiUSLMASk4t7f,Cluster Management Tools,,166,subtopic,,,roadmap.sh:nilbuild/developer-roadmap@master
data-engineer,data,I_IueX1DFp-LmBwr1-suX,Kubernetes,,167,subtopic,,,roadmap.sh:nilbuild/developer-roadmap@master
data-engineer,data,pjm_qShAiFk3JsX4Z2d8G,Apache Hadoop YARN,,168,subtopic,,,roadmap.sh:nilbuild/developer-roadmap@master
data-engineer,data,9lSjQBM2hWrkujxZjhQHE,HDFS,,169,subtopic,,,roadmap.sh:nilbuild/developer-roadmap@master
data-engineer,data,03BHmPhYkZrJwRvQdmxxr,Big Data Tools,,171,topic,,,roadmap.sh:nilbuild/developer-roadmap@master
data-engineer,data,0pH2U4GOj8zK3lgkh_r5M,HDFS,,173,subtopic,,,roadmap.sh:nilbuild/developer-roadmap@master
data-engineer,data,__tWu5uZYnmnuR-qO9SOR,MapReduce,,174,subtopic,,,roadmap.sh:nilbuild/developer-roadmap@master
data-engineer,data,KcW4z48pk2x6IjQhZs_Ub,YARN,,175,subtopic,,,roadmap.sh:nilbuild/developer-roadmap@master
data-engineer,data,qHMtJFYcGmESiz_VwRwiI,Apache Spark,Big Data Tools,176,subtopic,,,roadmap.sh:nilbuild/developer-roadmap@master
data-engineer,data,eTHitN2erd6z8-MZiXE9s,Containers & Orchestration,,177,topic,,,roadmap.sh:nilbuild/developer-roadmap@master
data-engineer,data,OQ3RqVgWEMxpAtrrjOG5U,Docker,,178,subtopic,,,roadmap.sh:nilbuild/developer-roadmap@master
data-engineer,data,kcgDW6AFW7WXzXMTPE6J-,Kubernetes,Containers & Orchestration,179,subtopic,,,roadmap.sh:nilbuild/developer-roadmap@master
data-engineer,data,8qEgXYZEbDWC73SQSflDY,Google Cloud GKE,Containers & Orchestration,180,subtopic,,,roadmap.sh:nilbuild/developer-roadmap@master
data-engineer,data,eVqcYI2Sy2Dldl3SfxB2C,AWS EKS,Containers & Orchestration,181,subtopic,,,roadmap.sh:nilbuild/developer-roadmap@master
data-engineer,data,k2SJ4ELGa4B2ZERDAk1uj,CI/CD,,182,topic,,,roadmap.sh:nilbuild/developer-roadmap@master
data-engineer,data,IYIO4S3DO5xkLD__XT5Dp,GitLab CI,CI/CD,183,subtopic,,,roadmap.sh:nilbuild/developer-roadmap@master
data-engineer,data,CewITBPtfVs32LD5Acb2E,Circle CI,,184,subtopic,,,roadmap.sh:nilbuild/developer-roadmap@master
data-engineer,data,N8vpCfSdZCADwO_qceWBK,GitHub Actions,CI/CD,185,subtopic,,,roadmap.sh:nilbuild/developer-roadmap@master
data-engineer,data,PUzHbjwntTSj1REL_dAov,ArgoCD,,186,subtopic,,,roadmap.sh:nilbuild/developer-roadmap@master
data-engineer,data,dk5FQl7Pk3-O5eF7dKwmp,Monitoring,,187,topic,,,roadmap.sh:nilbuild/developer-roadmap@master
data-engineer,data,3QsgoKKxAoyj2LWJ8ad-7,Prometheus,Monitoring,188,subtopic,,,roadmap.sh:nilbuild/developer-roadmap@master
data-engineer,data,Zoa4JEGrSKjVwUNer4Go1,Datadog,,189,subtopic,,,roadmap.sh:nilbuild/developer-roadmap@master
data-engineer,data,i54fx-NV6nWzQVCdi0aKL,Sentry,Monitoring,190,subtopic,,,roadmap.sh:nilbuild/developer-roadmap@master
data-engineer,data,r1KmASWAa_MOqQOC9gvvF,New Relic,Monitoring,191,subtopic,,,roadmap.sh:nilbuild/developer-roadmap@master
data-engineer,data,DZoxLu-j1vq5leoXLRZqt,Testing,,192,topic,,,roadmap.sh:nilbuild/developer-roadmap@master
data-engineer,data,NIG53tyoEiLtwf6LvBZId,Integration Testing,Testing,193,subtopic,,,roadmap.sh:nilbuild/developer-roadmap@master
data-engineer,data,8dXD4ddR_USEbAJhUMcB6,Unit Testing,Testing,194,subtopic,,,roadmap.sh:nilbuild/developer-roadmap@master
data-engineer,data,mC9sWeC_wYHeJJHJAvxpI,End-to-End Testing,Testing,195,subtopic,,,roadmap.sh:nilbuild/developer-roadmap@master
data-engineer,data,E4ND5XaMDGDLtlV7wTzi6,Functional Testing,Testing,196,subtopic,,,roadmap.sh:nilbuild/developer-roadmap@master
data-engineer,data,5qe0q_llTzzNVudbONMYo,A/B Testing,Testing,197,subtopic,,,roadmap.sh:nilbuild/developer-roadmap@master
data-engineer,data,qoMRpAITA7R_KOrwGDPAb,Load Testing,Testing,198,subtopic,,,roadmap.sh:nilbuild/developer-roadmap@master
data-engineer,data,woa5K4Dt9L6aBzlJMNS31,Smoke Testing,Testing,199,subtopic,,,roadmap.sh:nilbuild/developer-roadmap@master
data-engineer,data,dAvizeYvv92KMeAvSDmey,Messaging Systems,,200,topic,,,roadmap.sh:nilbuild/developer-roadmap@master
data-engineer,data,1qju7UlcMo2Ebp4a3BGxH,What and why use them?,Messaging Systems,201,subtopic,,,roadmap.sh:nilbuild/developer-roadmap@master
data-engineer,data,VefHaP7rIOcZVFzglyn66,Async vs Sync Communication,Messaging Systems,202,subtopic,,,roadmap.sh:nilbuild/developer-roadmap@master
data-engineer,data,IZvL-1Xi0R9IuwJ30FDm4,Messages vs Streams,Messaging Systems,203,subtopic,,,roadmap.sh:nilbuild/developer-roadmap@master
data-engineer,data,yyJJGinOv3M21MFuqJs0j,Best Practices,Messaging Systems,204,subtopic,,,roadmap.sh:nilbuild/developer-roadmap@master
data-engineer,data,fTpx6m8U0506ZLCdDU5OG,Apache Kafka,,206,subtopic,,,roadmap.sh:nilbuild/developer-roadmap@master
data-engineer,data,ERcgPTACqYo9BXoRdLjbd,RabbitMQ,,207,subtopic,,,roadmap.sh:nilbuild/developer-roadmap@master
data-engineer,data,uIU5Yncp6hGDcNO1fpjUS,AWS SQS,,208,subtopic,,,roadmap.sh:nilbuild/developer-roadmap@master
data-engineer,data,uFeiTRobSymkvCinhwmZV,AWS SNS,,209,subtopic,,,roadmap.sh:nilbuild/developer-roadmap@master
data-engineer,data,jgz7L8OSuqRNcf9buuMTj,Infrastructure as Code - IaC,,210,topic,,,roadmap.sh:nilbuild/developer-roadmap@master
data-engineer,data,GyC2JctG-Gi0R_qx1lTeg,Declarative vs Imperative,,211,subtopic,,,roadmap.sh:nilbuild/developer-roadmap@master
data-engineer,data,9xoBZgKT9uAGsjc1soelY,Idempotency,,212,subtopic,,,roadmap.sh:nilbuild/developer-roadmap@master
data-engineer,data,Rzk6HlMosx3FN_JD5kELZ,Reusability,,213,subtopic,,,roadmap.sh:nilbuild/developer-roadmap@master
data-engineer,data,WUfJCLTajyLNK19gAAvoW,Environmental Management,,214,subtopic,,,roadmap.sh:nilbuild/developer-roadmap@master
data-engineer,data,N-xRhdOTHijAymcTWPXPJ,Terraform,,217,subtopic,,,roadmap.sh:nilbuild/developer-roadmap@master
data-engineer,data,WdlC0HhJ5YESfjXmdMnLU,OpenTofu,,218,subtopic,,,roadmap.sh:nilbuild/developer-roadmap@master
data-engineer,data,OKJ3HTfreitk2JdrfeLIK,AWS CDK,,219,subtopic,,,roadmap.sh:nilbuild/developer-roadmap@master
data-engineer,data,1A98uTo8l_GQSrFxu5N2X,Google Deployment  Mgr.,,220,subtopic,,,roadmap.sh:nilbuild/developer-roadmap@master
data-engineer,data,V30v5RLQrWSMBUIsZQG1o,Data Analytics,,222,topic,http://data.europa.eu/esco/skill/97bd1c21-66b2-4b7e-ad0f-e3cda590e378,data analytics,roadmap.sh:nilbuild/developer-roadmap@master
data-engineer,data,zA5QqqBMsqymdiPGFdUnt,Business Intelligence,,224,topic,,,roadmap.sh:nilbuild/developer-roadmap@master
data-engineer,data,6Nr5FAGT_oOPZwZWdv7hl,Microsoft Power BI,,226,subtopic,,,roadmap.sh:nilbuild/developer-roadmap@master
data-engineer,data,FfU6Vwf0PXva91FoqxFgp,Streamlit,,227,subtopic,,,roadmap.sh:nilbuild/developer-roadmap@master
data-engineer,data,gqEAOwHFrQiYSejNUdV7-,Tableu,,228,subtopic,,,roadmap.sh:nilbuild/developer-roadmap@master
data-engineer,data,fY0eZzz0aTXm2lelk8l3g,Looker,,229,subtopic,,,roadmap.sh:nilbuild/developer-roadmap@master
data-engineer,data,JpuiYsipNWBcrjmn2ji6b,Reverse ETL,,230,topic,,,roadmap.sh:nilbuild/developer-roadmap@master
data-engineer,data,LMFREK9dH_7qzx_s2xCjI,ETL vs Reverse ETL,Reverse ETL,231,subtopic,,,roadmap.sh:nilbuild/developer-roadmap@master
data-engineer,data,mBOGrJIUaatBe2PnJM2NK,Reverse ETL Usecases,,232,subtopic,,,roadmap.sh:nilbuild/developer-roadmap@master
data-engineer,data,vZGDtlyt_yj4szcPTw3cv,Census,,234,subtopic,,,roadmap.sh:nilbuild/developer-roadmap@master
data-engineer,data,8vqjI-uFwJIr_TBEVyM_3,Segment,,235,subtopic,,,roadmap.sh:nilbuild/developer-roadmap@master
data-engineer,data,8NTe5-XQ5tKAWUyg1rnzb,Hightouch,,236,subtopic,,,roadmap.sh:nilbuild/developer-roadmap@master
data-engineer,data,HDVhttLNMLmIAVEOBCOQ3,Authentication vs Authorization,,238,topic,,,roadmap.sh:nilbuild/developer-roadmap@master
data-engineer,data,2PqRgrYuJi_pPhOS0AkoP,Encryption,,239,topic,,,roadmap.sh:nilbuild/developer-roadmap@master
data-engineer,data,ZAKo9Svb8TQ6KkmOnfB5x,Tokenization,,240,topic,,,roadmap.sh:nilbuild/developer-roadmap@master
data-engineer,data,2Wu1Ufm2l1nrytz1mAxmJ,Data Masking,,241,topic,,,roadmap.sh:nilbuild/developer-roadmap@master
data-engineer,data,rUiYUV4ps6NYYYRwUnjuM,Data Obfuscation,,242,topic,,,roadmap.sh:nilbuild/developer-roadmap@master
data-engineer,data,cStrYgFZA2NuYq8TdWWP_,Data Quality,,244,subtopic,,,roadmap.sh:nilbuild/developer-roadmap@master
data-engineer,data,pKewO7Ef3GBXL4MDK62QG,Data Lineage,,245,subtopic,,,roadmap.sh:nilbuild/developer-roadmap@master
data-engineer,data,a5gzM8msXibxD58eVDkM-,Metadata Management,,246,subtopic,,,roadmap.sh:nilbuild/developer-roadmap@master
data-engineer,data,ghAbtfB5KtbboNjijL1Zf,Data Interoperability,,247,subtopic,,,roadmap.sh:nilbuild/developer-roadmap@master
data-engineer,data,iuNP6W0A2GLTE2PK5y68u,Data Quality,,248,subtopic,,,roadmap.sh:nilbuild/developer-roadmap@master
data-engineer,data,MuPHohc7mJzcH5QdJ-K46,GDPR,,252,subtopic,,,roadmap.sh:nilbuild/developer-roadmap@master
data-engineer,data,g1VwuSupohuDAT2O4hTXx,ECPA,,253,subtopic,,,roadmap.sh:nilbuild/developer-roadmap@master
data-engineer,data,tdqhFFvQ2dQVeQh1qTHjV,EU AI Act,,254,subtopic,,,roadmap.sh:nilbuild/developer-roadmap@master
data-engineer,data,S8XMtFKWlnUqADElFp0Zw,Machine Learning,,267,topic,http://data.europa.eu/esco/skill/3a2d5b45-56e4-4f5a-a55a-4a4a65afdc43,machine learning,roadmap.sh:nilbuild/developer-roadmap@master
data-engineer,data,VQv-c7buU2l-IDzRZBMRo,MLOps,,268,topic,,,roadmap.sh:nilbuild/developer-roadmap@master
ai-engineer,ai_ml,_hYN0gEi9BL24nptEtXWU,Introduction,,27,topic,,,roadmap.sh:nilbuild/developer-roadmap@master
ai-engineer,ai_ml,GN6SnI7RXIeW8JeD-qORW,What is an AI Engineer?,Introduction,28,subtopic,,,roadmap.sh:nilbuild/developer-roadmap@master
ai-engineer,ai_ml,jSZ1LhPdhlkW-9QJhIvFs,AI Engineer vs ML Engineer,Introduction,29,subtopic,,,roadmap.sh:nilbuild/developer-roadmap@master
ai-engineer,ai_ml,wf2BSyUekr1S1q6l8kyq6,LLMs,,30,subtopic,,,roadmap.sh:nilbuild/developer-roadmap@master
ai-engineer,ai_ml,KWjD4xEPhOOYS51dvRLd2,Inference,,31,subtopic,,,roadmap.sh:nilbuild/developer-roadmap@master
ai-engineer,ai_ml,xostGgoaYkqMO28iN2gx8,Training,,32,subtopic,,,roadmap.sh:nilbuild/developer-roadmap@master
ai-engineer,ai_ml,XyEp6jnBSpCxMGwALnYfT,Embeddings,,33,subtopic,,,roadmap.sh:nilbuild/developer-roadmap@master
ai-engineer,ai_ml,LnQ2AatMWpExUHcZhDIPd,Vector Databases,,34,subtopic,,,roadmap.sh:nilbuild/developer-roadmap@master
ai-engineer,ai_ml,9JwWIK0Z2MK8-6EQQJsCO,RAG,,35,subtopic,,,roadmap.sh:nilbuild/developer-roadmap@master
ai-engineer,ai_ml,Dc15ayFlzqMF24RqIF_-X,Prompt Engineering,,36,subtopic,,,roadmap.sh:nilbuild/developer-roadmap@master
ai-engineer,ai_ml,9XCxilAQ7FRet7lHQr1gE,AI Agents,,37,subtopic,,,roadmap.sh:nilbuild/developer-roadmap@master
ai-engineer,ai_ml,5QdihE1lLpMc3DFrGy46M,AI vs AGI,,38,subtopic,,,roadmap.sh:nilbuild/developer-roadmap@master
ai-engineer,ai_ml,qJVgKe9uBvXc-YPfvX_Y7,Impact on Product Development,,46,subtopic,,,roadmap.sh:nilbuild/developer-roadmap@master
ai-engineer,ai_ml,K9EiuFgPBFgeRxY4wxAmb,Roles and Responsiblities,Introduction,47,subtopic,,,roadmap.sh:nilbuild/developer-roadmap@master
ai-engineer,ai_ml,d7fzv_ft12EopsQdmEsel,Pre-trained Models,,49,topic,,,roadmap.sh:nilbuild/developer-roadmap@master
ai-engineer,ai_ml,1Ga6DbOPc6Crz7ilsZMYy,Benefits of Pre-trained Models,Pre-trained Models,50,subtopic,,,roadmap.sh:nilbuild/developer-roadmap@master
ai-engineer,ai_ml,MXqbQGhNM3xpXlMC2ib_6,Limitations and Considerations,Pre-trained Models,51,subtopic,,,roadmap.sh:nilbuild/developer-roadmap@master
ai-engineer,ai_ml,2WbVpRLqwi3Oeqk1JPui4,Open AI Models,,53,subtopic,,,roadmap.sh:nilbuild/developer-roadmap@master
ai-engineer,ai_ml,vvpYkmycH0_W030E-L12f,Capabilities / Context Length,,54,subtopic,,,roadmap.sh:nilbuild/developer-roadmap@master
ai-engineer,ai_ml,LbB2PeytxRSuU07Bk0KlJ,Cut-off Dates / Knowledge,,55,subtopic,,,roadmap.sh:nilbuild/developer-roadmap@master
ai-engineer,ai_ml,hy6EyKiNxk1x84J63dhez,Anthropic's Claude,,56,subtopic,,,roadmap.sh:nilbuild/developer-roadmap@master
ai-engineer,ai_ml,oe8E6ZIQWuYvHVbYJHUc1,Google's Gemini,,57,subtopic,,,roadmap.sh:nilbuild/developer-roadmap@master
ai-engineer,ai_ml,3PQVZbcr4neNMRr6CuNzS,Azure AI,,58,subtopic,,,roadmap.sh:nilbuild/developer-roadmap@master
ai-engineer,ai_ml,OkYO-aSPiuVYuLXHswBCn,AWS Sagemaker,,59,subtopic,,,roadmap.sh:nilbuild/developer-roadmap@master
ai-engineer,ai_ml,8XjkRqHOdyH-DbXHYiBEt,Hugging Face Models,,60,subtopic,,,roadmap.sh:nilbuild/developer-roadmap@master
ai-engineer,ai_ml,n-Ud2dXkqIzK37jlKItN4,Mistral AI,,61,subtopic,,,roadmap.sh:nilbuild/developer-roadmap@master
ai-engineer,ai_ml,a7qsvoauFe5u953I699ps,Cohere,,62,subtopic,,,roadmap.sh:nilbuild/developer-roadmap@master
ai-engineer,ai_ml,5ShWZl1QUqPwO-NRGN85V,OpenAI Models,Pre-trained Models,63,subtopic,,,roadmap.sh:nilbuild/developer-roadmap@master
ai-engineer,ai_ml,zdeuA4GbdBl2DwKgiOA4G,OpenAI API,,65,topic,,,roadmap.sh:nilbuild/developer-roadmap@master
ai-engineer,ai_ml,_bPTciEA1GT1JwfXim19z,Chat Completions API,OpenAI API,66,subtopic,,,roadmap.sh:nilbuild/developer-roadmap@master
ai-engineer,ai_ml,9-5DYeOnKJq9XvEMWP45A,Writing Prompts,OpenAI API,67,subtopic,,,roadmap.sh:nilbuild/developer-roadmap@master
ai-engineer,ai_ml,nyBgEHvUhwF-NANMwkRJW,Open AI Playground,OpenAI API,68,subtopic,,,roadmap.sh:nilbuild/developer-roadmap@master
ai-engineer,ai_ml,15XOFdVp0IC-kLYPXUJWh,Fine-tuning,,69,subtopic,,,roadmap.sh:nilbuild/developer-roadmap@master
ai-engineer,ai_ml,qzvp6YxWDiGakA2mtspfh,Maximum Tokens,,71,subtopic,,,roadmap.sh:nilbuild/developer-roadmap@master
ai-engineer,ai_ml,FjV3oD7G2Ocq5HhUC17iH,Token Counting,,72,subtopic,,,roadmap.sh:nilbuild/developer-roadmap@master
ai-engineer,ai_ml,DZPM9zjCbYYWBPLmQImxQ,Pricing Considerations,,73,subtopic,,,roadmap.sh:nilbuild/developer-roadmap@master
ai-engineer,ai_ml,8ndKHDJgL_gYwaXC7XMer,AI Safety and Ethics,,75,topic,,,roadmap.sh:nilbuild/developer-roadmap@master
ai-engineer,ai_ml,cUyLT6ctYQ1pgmodCKREq,Prompt Injection Attacks,,77,subtopic,,,roadmap.sh:nilbuild/developer-roadmap@master
ai-engineer,ai_ml,lhIU0ulpvDAn1Xc3ooYz_,Bias and Fairness,,78,subtopic,,,roadmap.sh:nilbuild/developer-roadmap@master
ai-engineer,ai_ml,sWBT-j2cRuFqRFYtV_5TK,Security and Privacy Concerns,,79,subtopic,,,roadmap.sh:nilbuild/developer-roadmap@master
ai-engineer,ai_ml,Pt-AJmSJrOxKvolb5_HEv,Conducting adversarial testing,,80,subtopic,,,roadmap.sh:nilbuild/developer-roadmap@master
ai-engineer,ai_ml,ljZLa3yjQpegiZWwtnn_q,OpenAI Moderation API,,81,subtopic,,,roadmap.sh:nilbuild/developer-roadmap@master
ai-engineer,ai_ml,4Q5x2VCXedAWISBXUIyin,Adding end-user IDs in prompts,,82,subtopic,,,roadmap.sh:nilbuild/developer-roadmap@master
ai-engineer,ai_ml,qmx6OHqx4_0JXVIv8dASp,Robust prompt engineering,,83,subtopic,,,roadmap.sh:nilbuild/developer-roadmap@master
ai-engineer,ai_ml,t1SObMWkDZ1cKqNNlcd9L,Know your Customers / Usecases,,84,subtopic,,,roadmap.sh:nilbuild/developer-roadmap@master
ai-engineer,ai_ml,ONLDyczNacGVZGojYyJrU,Constraining outputs and inputs,,85,subtopic,,,roadmap.sh:nilbuild/developer-roadmap@master
ai-engineer,ai_ml,a_3SabylVqzzOyw3tZN5f,OpenSource AI,,87,topic,,,roadmap.sh:nilbuild/developer-roadmap@master
ai-engineer,ai_ml,RBwGsq9DngUsl8PrrCbqx,Open vs Closed Source Models,OpenSource AI,88,subtopic,,,roadmap.sh:nilbuild/developer-roadmap@master
ai-engineer,ai_ml,97eu-XxYUH9pYbD_KjAtA,Popular Open Source Models,OpenSource AI,89,subtopic,,,roadmap.sh:nilbuild/developer-roadmap@master
ai-engineer,ai_ml,v99C5Bml2a6148LCJ9gy9,Hugging Face,,90,topic,,,roadmap.sh:nilbuild/developer-roadmap@master
ai-engineer,ai_ml,YLOdOvLXa5Fa7_mmuvKEi,Hugging Face Hub,,91,subtopic,,,roadmap.sh:nilbuild/developer-roadmap@master
ai-engineer,ai_ml,YKIPOiSj_FNtg0h8uaSMq,Hugging Face Tasks,,92,subtopic,,,roadmap.sh:nilbuild/developer-roadmap@master
ai-engineer,ai_ml,3kRTzlLNBnXdTsAEXVu_M,Inference SDK,,95,subtopic,,,roadmap.sh:nilbuild/developer-roadmap@master
ai-engineer,ai_ml,bGLrbpxKgENe2xS1eQtdh,Transformers.js,,96,subtopic,,,roadmap.sh:nilbuild/developer-roadmap@master
ai-engineer,ai_ml,rTT2UnvqFO3GH6ThPLEjO,Ollama,,97,topic,,,roadmap.sh:nilbuild/developer-roadmap@master
ai-engineer,ai_ml,ro3vY_sp6xMQ-hfzO-rc1,Ollama Models,,98,subtopic,,,roadmap.sh:nilbuild/developer-roadmap@master
ai-engineer,ai_ml,TsG_I7FL-cOCSw8gvZH3r,Ollama SDK,,99,subtopic,,,roadmap.sh:nilbuild/developer-roadmap@master
ai-engineer,ai_ml,--ig0Ume_BnXb9K2U7HJN,What are Embeddings,,100,topic,,,roadmap.sh:nilbuild/developer-roadmap@master
ai-engineer,ai_ml,eMfcyBxnMY_l_5-8eg6sD,Semantic Search,,101,subtopic,,,roadmap.sh:nilbuild/developer-roadmap@master
ai-engineer,ai_ml,HQe9GKy3p0kTUPxojIfSF,Recommendation Systems,,102,subtopic,,,roadmap.sh:nilbuild/developer-roadmap@master
ai-engineer,ai_ml,AglWJ7gb9rTT2rMkstxtk,Anomaly Detection,,103,subtopic,,,roadmap.sh:nilbuild/developer-roadmap@master
ai-engineer,ai_ml,06Xta-OqSci05nV2QMFdF,Data Classification,,104,subtopic,,,roadmap.sh:nilbuild/developer-roadmap@master
ai-engineer,ai_ml,l6priWeJhbdUD5tJ7uHyG,Open AI Embeddings API,,107,topic,,,roadmap.sh:nilbuild/developer-roadmap@master
ai-engineer,ai_ml,y0qD5Kb4Pf-ymIwW-tvhX,Open AI Embedding Models,,108,subtopic,,,roadmap.sh:nilbuild/developer-roadmap@master
ai-engineer,ai_ml,4GArjDYipit4SLqKZAWDf,Pricing Considerations,Open AI Embeddings API,109,subtopic,,,roadmap.sh:nilbuild/developer-roadmap@master
ai-engineer,ai_ml,apVYIV4EyejPft25oAvdI,Open-Source Embeddings,,110,topic,,,roadmap.sh:nilbuild/developer-roadmap@master
ai-engineer,ai_ml,ZV_V6sqOnRodgaw4mzokC,Sentence Transformers,,111,subtopic,,,roadmap.sh:nilbuild/developer-roadmap@master
ai-engineer,ai_ml,dLEg4IA3F5jgc44Bst9if,Models on Hugging Face,,112,subtopic,,,roadmap.sh:nilbuild/developer-roadmap@master
ai-engineer,ai_ml,tt9u3oFlsjEMfPyojuqpc,Vector Databases,,113,topic,,,roadmap.sh:nilbuild/developer-roadmap@master
ai-engineer,ai_ml,WcjX6p-V-Rdd77EL8Ega9,Purpose and Functionality,,114,subtopic,,,roadmap.sh:nilbuild/developer-roadmap@master
ai-engineer,ai_ml,dSd2C9lNl-ymmCRT9_ZC3,Chroma,,115,subtopic,,,roadmap.sh:nilbuild/developer-roadmap@master
ai-engineer,ai_ml,_Cf7S1DCvX7p1_3-tP3C3,Pinecone,,116,subtopic,,,roadmap.sh:nilbuild/developer-roadmap@master
ai-engineer,ai_ml,VgUnrZGKVjAAO4n_llq5-,Weaviate,,117,subtopic,,,roadmap.sh:nilbuild/developer-roadmap@master
ai-engineer,ai_ml,JurLbOO1Z8r6C3yUqRNwf,FAISS,,118,subtopic,,,roadmap.sh:nilbuild/developer-roadmap@master
ai-engineer,ai_ml,rjaCNT3Li45kwu2gXckke,LanceDB,,119,subtopic,,,roadmap.sh:nilbuild/developer-roadmap@master
ai-engineer,ai_ml,DwOAL5mOBgBiw-EQpAzQl,Qdrant,,120,subtopic,,,roadmap.sh:nilbuild/developer-roadmap@master
ai-engineer,ai_ml,9kT7EEQsbeD2WDdN9ADx7,Supabase,,121,subtopic,,,roadmap.sh:nilbuild/developer-roadmap@master
ai-engineer,ai_ml,j6bkm0VUgLkHdMDDJFiMC,MongoDB Atlas,,122,subtopic,,,roadmap.sh:nilbuild/developer-roadmap@master
ai-engineer,ai_ml,5TQnO9B4_LTHwqjI7iHB1,Indexing Embeddings,,124,subtopic,,,roadmap.sh:nilbuild/developer-roadmap@master
ai-engineer,ai_ml,ZcbRPtgaptqKqWBgRrEBU,Performing Similarity Search,,125,subtopic,,,roadmap.sh:nilbuild/developer-roadmap@master
ai-engineer,ai_ml,lVhWhZGR558O-ljHobxIi,RAG & Implementation,,127,topic,,,roadmap.sh:nilbuild/developer-roadmap@master
ai-engineer,ai_ml,GCn4LGNEtPI0NWYAZCRE-,RAG Usecases,,128,subtopic,,,roadmap.sh:nilbuild/developer-roadmap@master
ai-engineer,ai_ml,qlBEXrbV88e_wAGRwO9hW,RAG vs Fine-tuning,,129,subtopic,,,roadmap.sh:nilbuild/developer-roadmap@master
ai-engineer,ai_ml,mX987wiZF7p3V_gExrPeX,Chunking,,130,subtopic,,,roadmap.sh:nilbuild/developer-roadmap@master
ai-engineer,ai_ml,grTcbzT7jKk_sIUwOTZTD,Embedding,,131,subtopic,,,roadmap.sh:nilbuild/developer-roadmap@master
ai-engineer,ai_ml,zZA1FBhf1y4kCoUZ-hM4H,Vector Database,,132,subtopic,,,roadmap.sh:nilbuild/developer-roadmap@master
ai-engineer,ai_ml,OCGCzHQM2LQyUWmiqe6E0,Retrieval Process,,133,subtopic,,,roadmap.sh:nilbuild/developer-roadmap@master
ai-engineer,ai_ml,2jJnS9vRYhaS69d6OxrMh,Generation,,134,subtopic,,,roadmap.sh:nilbuild/developer-roadmap@master
ai-engineer,ai_ml,WZVW8FQu6LyspSKm1C_sl,Using SDKs Directly,,137,subtopic,,,roadmap.sh:nilbuild/developer-roadmap@master
ai-engineer,ai_ml,ebXXEhNRROjbbof-Gym4p,Langchain,,138,subtopic,,,roadmap.sh:nilbuild/developer-roadmap@master
ai-engineer,ai_ml,d0ontCII8KI8wfP-8Y45R,Llama Index,,139,subtopic,,,roadmap.sh:nilbuild/developer-roadmap@master
ai-engineer,ai_ml,eOqCBgBTKM8CmY3nsWjre,Open AI Assistant API,,140,topic,,,roadmap.sh:nilbuild/developer-roadmap@master
ai-engineer,ai_ml,c0RPhpD00VIUgF4HJgN2T,Replicate,,141,subtopic,,,roadmap.sh:nilbuild/developer-roadmap@master
ai-engineer,ai_ml,AeHkNU-uJ_gBdo5-xdpEu,AI Agents,,142,topic,,,roadmap.sh:nilbuild/developer-roadmap@master
ai-engineer,ai_ml,778HsQzTuJ_3c9OSn5DmH,Agents Usecases,,144,subtopic,,,roadmap.sh:nilbuild/developer-roadmap@master
ai-engineer,ai_ml,voDKcKvXtyLzeZdx2g3Qn,ReAct Prompting,,146,subtopic,,,roadmap.sh:nilbuild/developer-roadmap@master
ai-engineer,ai_ml,6xaRB34_g0HGt-y1dGYXR,Manual Implementation,,147,subtopic,,,roadmap.sh:nilbuild/developer-roadmap@master
ai-engineer,ai_ml,Sm0Ne5Nx72hcZCdAcC0C2,OpenAI Functions / Tools,,148,subtopic,,,roadmap.sh:nilbuild/developer-roadmap@master
ai-engineer,ai_ml,mbp2NoL-VZ5hZIIblNBXt,OpenAI Assistant API,,149,subtopic,,,roadmap.sh:nilbuild/developer-roadmap@master
ai-engineer,ai_ml,W7cKPt_UxcUgwp8J6hS4p,Multimodal AI,,151,topic,,,roadmap.sh:nilbuild/developer-roadmap@master
ai-engineer,ai_ml,sGR9qcro68KrzM8qWxcH8,Multimodal AI Usecases,Multimodal AI,152,subtopic,,,roadmap.sh:nilbuild/developer-roadmap@master
ai-engineer,ai_ml,fzVq4hGoa2gdbIzoyY1Zp,Image Understanding,,153,subtopic,,,roadmap.sh:nilbuild/developer-roadmap@master
ai-engineer,ai_ml,49BWxYVFpIgZCCqsikH7l,Image Generation,,154,subtopic,,,roadmap.sh:nilbuild/developer-roadmap@master
ai-engineer,ai_ml,TxaZCtTCTUfwCxAJ2pmND,Video Understanding,,155,subtopic,,,roadmap.sh:nilbuild/developer-roadmap@master
ai-engineer,ai_ml,mxQYB820447DC6kogyZIL,Audio Processing,,156,subtopic,,,roadmap.sh:nilbuild/developer-roadmap@master
ai-engineer,ai_ml,GCERpLz5BcRtWPpv-asUz,Text-to-Speech,,157,subtopic,,,roadmap.sh:nilbuild/developer-roadmap@master
ai-engineer,ai_ml,jQX10XKd_QM5wdQweEkVJ,Speech-to-Text,,158,subtopic,,,roadmap.sh:nilbuild/developer-roadmap@master
ai-engineer,ai_ml,CRrqa-dBw1LlOwVbrZhjK,OpenAI Vision API,,160,subtopic,,,roadmap.sh:nilbuild/developer-roadmap@master
ai-engineer,ai_ml,LKFwwjtcawJ4Z12X102Cb,DALL-E API,,161,subtopic,,,roadmap.sh:nilbuild/developer-roadmap@master
ai-engineer,ai_ml,OTBd6cPUayKaAM-fLWdSt,Whisper API,,162,subtopic,,,roadmap.sh:nilbuild/developer-roadmap@master
ai-engineer,ai_ml,EIDbwbdolR_qsNKVDla6V,Hugging Face Models,,163,subtopic,,,roadmap.sh:nilbuild/developer-roadmap@master
ai-engineer,ai_ml,j9zD3pHysB1CBhLfLjhpD,LangChain for Multimodal Apps,,164,subtopic,,,roadmap.sh:nilbuild/developer-roadmap@master
ai-engineer,ai_ml,akQTCKuPRRelj2GORqvsh,LlamaIndex for Multimodal Apps,,165,subtopic,,,roadmap.sh:nilbuild/developer-roadmap@master
ai-engineer,ai_ml,NYge7PNtfI-y6QWefXJ4d,Development Tools,,171,topic,,,roadmap.sh:nilbuild/developer-roadmap@master
ai-engineer,ai_ml,XcKeQfpTA5ITgdX51I4y-,AI Code Editors,,172,subtopic,,,roadmap.sh:nilbuild/developer-roadmap@master
ai-engineer,ai_ml,TifVhqFm1zXNssA8QR3SM,Code Completion Tools,,173,subtopic,,,roadmap.sh:nilbuild/developer-roadmap@master
machine-learning,ai_ml,MEL6y3vwiqwAV6FQihF34,Introduction,,29,topic,,,roadmap.sh:nilbuild/developer-roadmap@master
machine-learning,ai_ml,GHO6lN3GTiIRH1P70IRaZ,ML Engineer vs AI Engineer,Introduction,30,subtopic,,,roadmap.sh:nilbuild/developer-roadmap@master
machine-learning,ai_ml,BzZd-d5t63dY97SRSIb0J,Skills and Responsibilities,Introduction,31,subtopic,,,roadmap.sh:nilbuild/developer-roadmap@master
machine-learning,ai_ml,FgzPlLUfGdlZPvPku0-Xl,What is an ML Engineer?,Introduction,34,subtopic,,,roadmap.sh:nilbuild/developer-roadmap@master
machine-learning,ai_ml,83UDoO1vC0LjL-qpI0Jh-,Linear Algebra,,36,topic,,,roadmap.sh:nilbuild/developer-roadmap@master
machine-learning,ai_ml,wHlEinHuRARp5OfSulpA-,Calculus,,37,topic,,,roadmap.sh:nilbuild/developer-roadmap@master
machine-learning,ai_ml,jJukG4XxfFcID_VlQKqe-,Chain rule of derivation,,38,subtopic,,,roadmap.sh:nilbuild/developer-roadmap@master
machine-learning,ai_ml,3BxbkrBp8veZj38zdwN8s,"Gradient, Jacobian, Hessian",Calculus,39,subtopic,,,roadmap.sh:nilbuild/developer-roadmap@master
machine-learning,ai_ml,GN6SnI7RXIeW8JeD-qORW,"Derivatives, Partial Derivatives",,40,subtopic,,,roadmap.sh:nilbuild/developer-roadmap@master
machine-learning,ai_ml,d7J8GEkut61NDGRzROJoP,"Scalars, Vectors, Tensors",Linear Algebra,41,subtopic,,,roadmap.sh:nilbuild/developer-roadmap@master
machine-learning,ai_ml,yGs2h10gZcO4GMaWfI3uW,Singular Value Decomposition,Linear Algebra,42,subtopic,,,roadmap.sh:nilbuild/developer-roadmap@master
machine-learning,ai_ml,1IhaXJxNREq2HA1nT-lMM,Matrix & Matrix Operations,Linear Algebra,43,subtopic,,,roadmap.sh:nilbuild/developer-roadmap@master
machine-learning,ai_ml,3p98Uwf8gyALDr-89lBEZ,"Eigenvalues, Diagonalization",Linear Algebra,44,subtopic,,,roadmap.sh:nilbuild/developer-roadmap@master
machine-learning,ai_ml,XmnWnPE1sVXheuc-M_Ew7,"Determinants, inverse of Matrix",Linear Algebra,45,subtopic,,,roadmap.sh:nilbuild/developer-roadmap@master
machine-learning,ai_ml,5DiaZkljhHAGPi9DkaH3b,Statistics,,46,topic,,,roadmap.sh:nilbuild/developer-roadmap@master
machine-learning,ai_ml,p8q1Gtt9x19jw5_-YjAGh,Basics of Probability,,47,subtopic,,,roadmap.sh:nilbuild/developer-roadmap@master
machine-learning,ai_ml,ZaoZ2XxicKuTDn4uxe52L,Descriptive Statistics,,48,subtopic,,,roadmap.sh:nilbuild/developer-roadmap@master
machine-learning,ai_ml,P32Rmnln5NCFWz4LP0k05,Basic concepts,Statistics,49,subtopic,,,roadmap.sh:nilbuild/developer-roadmap@master
machine-learning,ai_ml,WLlZE_vto-CYY5GLV_w7o,Types of Distribution,Linear Algebra,50,subtopic,,,roadmap.sh:nilbuild/developer-roadmap@master
machine-learning,ai_ml,P576TdYcbE6v3RpJntiKw,"Random Variances, PDFs",,51,subtopic,,,roadmap.sh:nilbuild/developer-roadmap@master
machine-learning,ai_ml,7o6g0wQxHH9i9MMCoDq2C,Bayes Theorem,,52,subtopic,,,roadmap.sh:nilbuild/developer-roadmap@master
machine-learning,ai_ml,DUIrJwuYHlhJvZJT2acaY,Inferential Statistics,,53,subtopic,,,roadmap.sh:nilbuild/developer-roadmap@master
machine-learning,ai_ml,MYZUJ1uHIaRd1Gb4ORzwG,Graphs & Charts,,54,subtopic,,,roadmap.sh:nilbuild/developer-roadmap@master
machine-learning,ai_ml,tP0oBkjvJC9hrtARkgLon,Linear Algebra,,55,topic,,,roadmap.sh:nilbuild/developer-roadmap@master
machine-learning,ai_ml,N_vLjBVdsGsoePtqlqh2w,Discrete Mathematics,,56,topic,,,roadmap.sh:nilbuild/developer-roadmap@master
machine-learning,ai_ml,qDn1elMoPIBgQSCWiYkLI,Python,,57,topic,http://data.europa.eu/esco/skill/ccd0a1d9-afda-43d9-b901-96344886e14d,Python (computer programming),roadmap.sh:nilbuild/developer-roadmap@master
machine-learning,ai_ml,hWA7RtuqltMTmHdcCnmES,Basic Syntax,,58,topic,,,roadmap.sh:nilbuild/developer-roadmap@master
machine-learning,ai_ml,dEFLBGpiH6nbSMeR7ecaT,Variables and Data Types,Basic Syntax,59,subtopic,,,roadmap.sh:nilbuild/developer-roadmap@master
machine-learning,ai_ml,NP1kjSk0ujU0Gx-ajNHlR,Conditionals,,60,subtopic,,,roadmap.sh:nilbuild/developer-roadmap@master
machine-learning,ai_ml,R9DQNc0AyAQ2HLpP4HOk6,Data Structures,,61,subtopic,,,roadmap.sh:nilbuild/developer-roadmap@master
machine-learning,ai_ml,fNTb9y3zs1HPYclAmu_Wv,Exceptions,,62,subtopic,,,roadmap.sh:nilbuild/developer-roadmap@master
machine-learning,ai_ml,-DJgS6l2qngfwurExlmmT,"Functions, Builtin Functions",,63,subtopic,,,roadmap.sh:nilbuild/developer-roadmap@master
machine-learning,ai_ml,Dvy7BnNzK55qbh_SgOk8m,Loops,,64,subtopic,,,roadmap.sh:nilbuild/developer-roadmap@master
machine-learning,ai_ml,nN9BumBHi-c9HKFlgL2GH,Object Oriented Programming,,65,topic,,,roadmap.sh:nilbuild/developer-roadmap@master
machine-learning,ai_ml,ybqwtlHG4HMm5lyUKW2SO,Essential libraries,,66,topic,,,roadmap.sh:nilbuild/developer-roadmap@master
machine-learning,ai_ml,nKE9sO-f2fdMiuLu2xby1,Numpy,,67,subtopic,,,roadmap.sh:nilbuild/developer-roadmap@master
machine-learning,ai_ml,PnOoShqB3z4LuUvp0Gh2e,Pandas,,68,subtopic,,,roadmap.sh:nilbuild/developer-roadmap@master
machine-learning,ai_ml,OXbATvlhBXTQ1iRGwPUfb,Matplotlib,,69,subtopic,,,roadmap.sh:nilbuild/developer-roadmap@master
machine-learning,ai_ml,VYVLUxhp3XxxknNr5V966,Seaborn,,70,subtopic,,,roadmap.sh:nilbuild/developer-roadmap@master
machine-learning,ai_ml,-oRH7LgigHcfBkNF1xwxh,Data Sources,,72,topic,,,roadmap.sh:nilbuild/developer-roadmap@master
machine-learning,ai_ml,VdMhrAi48V-JXw544YTKI,"Databases (SQL, No-SQL)",,73,subtopic,,,roadmap.sh:nilbuild/developer-roadmap@master
machine-learning,ai_ml,cxTriSZvrmXP4axKynIZW,Internet,,74,subtopic,,,roadmap.sh:nilbuild/developer-roadmap@master
machine-learning,ai_ml,s-wUPMaagyRupT2RdfHks,APIs,,75,subtopic,,,roadmap.sh:nilbuild/developer-roadmap@master
machine-learning,ai_ml,dJZqe47kzRqYIG-4AZTlz,Mobile Apps,,76,subtopic,,,roadmap.sh:nilbuild/developer-roadmap@master
machine-learning,ai_ml,KeGCHoJRHp-mBX-P5to4Y,IoT,,77,subtopic,http://data.europa.eu/esco/skill/f049d050-12da-4e40-813a-2b5eb6df6b51,Internet of Things,roadmap.sh:nilbuild/developer-roadmap@master
machine-learning,ai_ml,U4LGIEE3igeE5Ed3EWzsu,Data Formats,,78,topic,,,roadmap.sh:nilbuild/developer-roadmap@master
machine-learning,ai_ml,kagKVPUyLtx8UPAFjRvbN,JSON,,79,subtopic,,,roadmap.sh:nilbuild/developer-roadmap@master
machine-learning,ai_ml,tq6WRwUpaCok9fX-0bY7m,Parquet,,80,subtopic,,,roadmap.sh:nilbuild/developer-roadmap@master
machine-learning,ai_ml,MWfdLCb_w06A0jqwUJUxl,CSV,,81,subtopic,,,roadmap.sh:nilbuild/developer-roadmap@master
machine-learning,ai_ml,K9Si7kJe946CcGWBGmDsZ,Excel,,82,subtopic,,,roadmap.sh:nilbuild/developer-roadmap@master
machine-learning,ai_ml,qRHeaD2udDaItAxmiIiUg,Other Data Formats,,83,subtopic,,,roadmap.sh:nilbuild/developer-roadmap@master
machine-learning,ai_ml,MdhfkuKWTDCE73hczzG3D,Preprocessing Techniques,,85,topic,,,roadmap.sh:nilbuild/developer-roadmap@master
machine-learning,ai_ml,5v0jRBYrRuVXQC90IseRG,Data Cleaning,,86,subtopic,,,roadmap.sh:nilbuild/developer-roadmap@master
machine-learning,ai_ml,y3-nWiDjlY6ZwqmxBUvhd,Dimensionality Reduction,,87,subtopic,,,roadmap.sh:nilbuild/developer-roadmap@master
machine-learning,ai_ml,UmGdV94afOIbAL8MaxOWv,Feature Engineering,,88,subtopic,,,roadmap.sh:nilbuild/developer-roadmap@master
machine-learning,ai_ml,cigwKoltemM0q-M5O50Is,Feature Selection,,89,subtopic,,,roadmap.sh:nilbuild/developer-roadmap@master
machine-learning,ai_ml,iBkTNbk8Xz626F_a3Bo5J,Feature Scaling & Normalization,,90,subtopic,,,roadmap.sh:nilbuild/developer-roadmap@master
machine-learning,ai_ml,Ns2zKn8BL_kTEI6O65pCp,Types of Machine Learning,,92,topic,,,roadmap.sh:nilbuild/developer-roadmap@master
machine-learning,ai_ml,36ryjK5isV1MD4MgZP2Jn,Unsupervised Learning,Types of Machine Learning,93,subtopic,http://data.europa.eu/esco/skill/3a2d5b45-56e4-4f5a-a55a-4a4a65afdc43,machine learning,roadmap.sh:nilbuild/developer-roadmap@master
machine-learning,ai_ml,Yho0zf9F-ROhEnTxRMq_M,Semi-supervised Learning,,94,subtopic,http://data.europa.eu/esco/skill/3a2d5b45-56e4-4f5a-a55a-4a4a65afdc43,machine learning,roadmap.sh:nilbuild/developer-roadmap@master
machine-learning,ai_ml,5MUwKGfSTKlam8KCG0A1U,Supervised Learning,Types of Machine Learning,95,subtopic,http://data.europa.eu/esco/skill/3a2d5b45-56e4-4f5a-a55a-4a4a65afdc43,machine learning,roadmap.sh:nilbuild/developer-roadmap@master
machine-learning,ai_ml,NC1A2SQVyc1n-KEf6yl-4,Reinforcement Learning,,96,subtopic,,,roadmap.sh:nilbuild/developer-roadmap@master
machine-learning,ai_ml,lgO7luG7-R_FY5nwFjRE0,Self-supervised Learning,,97,subtopic,,,roadmap.sh:nilbuild/developer-roadmap@master
machine-learning,ai_ml,rzhVFzl5H5MWtcvr8ayRk,What is Machine Learning?,,98,topic,,,roadmap.sh:nilbuild/developer-roadmap@master
machine-learning,ai_ml,ajKU5CPlbn7BbWHEhUNaB,What is Supervised Learning?,,99,topic,,,roadmap.sh:nilbuild/developer-roadmap@master
machine-learning,ai_ml,cffITx6oAcnvJlK1VLdi8,Classification,,101,topic,,,roadmap.sh:nilbuild/developer-roadmap@master
machine-learning,ai_ml,aHOjajXwkDMOssqW1VGrm,Logistic Regression,,102,subtopic,,,roadmap.sh:nilbuild/developer-roadmap@master
machine-learning,ai_ml,_jS66rGAWecXH3zVF-5ds,Support Vector Machines,,103,subtopic,,,roadmap.sh:nilbuild/developer-roadmap@master
machine-learning,ai_ml,x7vlCNAxfJzobj9HcTaJy,K-Nearest Neighbors (KNN),Classification,104,subtopic,,,roadmap.sh:nilbuild/developer-roadmap@master
machine-learning,ai_ml,JuTTbL_pm1ltGvhUsIzQd,Gradient Boosting Machines,,105,subtopic,,,roadmap.sh:nilbuild/developer-roadmap@master
machine-learning,ai_ml,arlmRF5pYglsbHb-HR-2x,"Decision Trees, Random Forest",,106,subtopic,,,roadmap.sh:nilbuild/developer-roadmap@master
machine-learning,ai_ml,gKu6tnpTO2PhDDMYp2u7F,Regression,,107,topic,,,roadmap.sh:nilbuild/developer-roadmap@master
machine-learning,ai_ml,xGO1X9aZRgKcgzi6r1xq8,Linear Regression,Regression,108,subtopic,,,roadmap.sh:nilbuild/developer-roadmap@master
machine-learning,ai_ml,hfr2MU8QkVt9KhVi1Okpv,Polynomial Regression,,109,subtopic,,,roadmap.sh:nilbuild/developer-roadmap@master
machine-learning,ai_ml,9oWdnQd-vwVJi62JQLgJ5,What is Unsupervised Learning?,,111,topic,,,roadmap.sh:nilbuild/developer-roadmap@master
machine-learning,ai_ml,CBSGvGPoI53p7BezXNm6M,Clustering,,112,topic,,,roadmap.sh:nilbuild/developer-roadmap@master
machine-learning,ai_ml,vQI-4uFQJ6694nm1SCpDR,Dimensionality Reduction,,113,topic,,,roadmap.sh:nilbuild/developer-roadmap@master
machine-learning,ai_ml,BzUunjJrUMlh6K1NOOD87,Overlapping,,114,subtopic,,,roadmap.sh:nilbuild/developer-roadmap@master
machine-learning,ai_ml,jJ8cXfHV2LG5PJGZRTHxB,Hierarchical,,115,subtopic,,,roadmap.sh:nilbuild/developer-roadmap@master
machine-learning,ai_ml,eErzKbR8sRNlrYcwNSRSh,Exclusive,,116,subtopic,,,roadmap.sh:nilbuild/developer-roadmap@master
machine-learning,ai_ml,VrLaUipVKWvwnFF0ZbIlo,Probabilistic,,117,subtopic,,,roadmap.sh:nilbuild/developer-roadmap@master
machine-learning,ai_ml,owSUO9Ut9sggd1OiWr3O7,Autoencoders,,118,subtopic,,,roadmap.sh:nilbuild/developer-roadmap@master
machine-learning,ai_ml,K-x_L3z8JTSHwtTeHm4EG,Principal Component Analysis,Dimensionality Reduction,119,subtopic,,,roadmap.sh:nilbuild/developer-roadmap@master
machine-learning,ai_ml,EtU_9MOklVBvnvyg30Yfx,What is Reinforcement Learning?,,121,topic,,,roadmap.sh:nilbuild/developer-roadmap@master
machine-learning,ai_ml,PZ-WxKGTcWTrXmYI_inD_,Policy Gradient,,122,subtopic,,,roadmap.sh:nilbuild/developer-roadmap@master
machine-learning,ai_ml,4Vy6lW9vF_SWwbKLU0qno,Actor-Critic Methods,,123,subtopic,,,roadmap.sh:nilbuild/developer-roadmap@master
machine-learning,ai_ml,9o-ZT9oZIE3hCXD6eWZI0,Deep-Q Networks,,124,subtopic,,,roadmap.sh:nilbuild/developer-roadmap@master
machine-learning,ai_ml,wxq5dkrpgvs3axmLmeHCk,Q-Learning,,125,subtopic,,,roadmap.sh:nilbuild/developer-roadmap@master
machine-learning,ai_ml,99TI95HVGrXIYr-PIDxhC,What is Model Evaluation?,,127,topic,,,roadmap.sh:nilbuild/developer-roadmap@master
machine-learning,ai_ml,5dKl6SUQhOsZfUtVR5hzw,Metrics to Evaluate,,128,topic,,,roadmap.sh:nilbuild/developer-roadmap@master
machine-learning,ai_ml,3wib9UH0_OLhKjqKoZEMv,Accuracy,Metrics to Evaluate,129,subtopic,,,roadmap.sh:nilbuild/developer-roadmap@master
machine-learning,ai_ml,mja35tndhAT5z_ysv-hDe,Precision,,130,subtopic,,,roadmap.sh:nilbuild/developer-roadmap@master
machine-learning,ai_ml,DH33Na9zz_WGmbD-Dxvq1,Recall,,131,subtopic,,,roadmap.sh:nilbuild/developer-roadmap@master
machine-learning,ai_ml,FdNY8QUbPPpeHFgD8TTaD,F1-Score,Metrics to Evaluate,132,subtopic,,,roadmap.sh:nilbuild/developer-roadmap@master
machine-learning,ai_ml,anEGWHVpcp75e3jQrj_LZ,ROC-AUC,Metrics to Evaluate,133,subtopic,,,roadmap.sh:nilbuild/developer-roadmap@master
machine-learning,ai_ml,7fOp3t283GeOn6Tf4kEuN,Log Loss,,134,subtopic,,,roadmap.sh:nilbuild/developer-roadmap@master
machine-learning,ai_ml,oyL0M2OP4NTNbIO3zq-Hz,Confusion Matrix,Metrics to Evaluate,135,subtopic,,,roadmap.sh:nilbuild/developer-roadmap@master
machine-learning,ai_ml,LWLqa61GK5ukYzHpjinYi,Forward propagation,,137,subtopic,,,roadmap.sh:nilbuild/developer-roadmap@master
machine-learning,ai_ml,0meihv22e11GwqnRdSJ9g,Back Propagation,,138,subtopic,,,roadmap.sh:nilbuild/developer-roadmap@master
machine-learning,ai_ml,8425N_E43Dv5mcmEcXRIa,"Perceptron, Multi-layer Perceptrons",,139,subtopic,,,roadmap.sh:nilbuild/developer-roadmap@master
machine-learning,ai_ml,RXTci1N6i6D9HqTbsLYIy,Activation Functions,,140,subtopic,,,roadmap.sh:nilbuild/developer-roadmap@master
machine-learning,ai_ml,4dxZmLg0UEaaVEORupOOC,Neural Network (NN) Basics,,141,topic,,,roadmap.sh:nilbuild/developer-roadmap@master
machine-learning,ai_ml,KcfFjpxFTFxI6HR6hBPrl,Loss Functions,,142,subtopic,,,roadmap.sh:nilbuild/developer-roadmap@master
machine-learning,ai_ml,ZVbnAF9I1r8qWFFYG6nXv,Scikit-learn,,143,topic,,,roadmap.sh:nilbuild/developer-roadmap@master
machine-learning,ai_ml,1aX_vO5zxfTV8_kUIFHkR,Ridge,,147,subtopic,,,roadmap.sh:nilbuild/developer-roadmap@master
machine-learning,ai_ml,EXogp25SPW1bBfb1gRDAe,Lasso,,148,subtopic,,,roadmap.sh:nilbuild/developer-roadmap@master
machine-learning,ai_ml,0hi0LdCtj9Paimgfc-l1O,Validation Techniques,,149,topic,,,roadmap.sh:nilbuild/developer-roadmap@master
machine-learning,ai_ml,GKMhIXEuSKdW75-24Zopb,LOOCV,Validation Techniques,150,subtopic,,,roadmap.sh:nilbuild/developer-roadmap@master
machine-learning,ai_ml,vRS7DW2WUaXiHk9oJgg3z,K-Fold Cross Validation,Validation Techniques,151,subtopic,,,roadmap.sh:nilbuild/developer-roadmap@master
machine-learning,ai_ml,_Z2miSW4PwILMRtBFajBn,Deep Learning Architectures,,152,topic,,,roadmap.sh:nilbuild/developer-roadmap@master
machine-learning,ai_ml,BtO2wH7YYqE25HShI6sd9,Convolutional Neural Network,,153,topic,,,roadmap.sh:nilbuild/developer-roadmap@master
machine-learning,ai_ml,I-GEE7PvpQmhQSfZmxqwA,Pooling,Convolutional Neural Network,154,subtopic,,,roadmap.sh:nilbuild/developer-roadmap@master
machine-learning,ai_ml,a2PGTDnXKp759vFZzkjSF,Padding,,155,subtopic,,,roadmap.sh:nilbuild/developer-roadmap@master
machine-learning,ai_ml,MtoYStcZBduLSbjRuPjq0,Convolution,,156,subtopic,,,roadmap.sh:nilbuild/developer-roadmap@master
machine-learning,ai_ml,YWxSI45e5K_4YOrvmh6LV,Strides,Convolutional Neural Network,157,subtopic,,,roadmap.sh:nilbuild/developer-roadmap@master
machine-learning,ai_ml,gCGHtxqD4V_Ite_AXMspf,Applications of CNNs,,158,topic,,,roadmap.sh:nilbuild/developer-roadmap@master
machine-learning,ai_ml,E4k6WgNXdnNoApR675VKb,Image Classification,,159,subtopic,,,roadmap.sh:nilbuild/developer-roadmap@master
machine-learning,ai_ml,iSX9YExs1gS4L2CBQux5w,Image Segmentation,,160,subtopic,,,roadmap.sh:nilbuild/developer-roadmap@master
machine-learning,ai_ml,jPvZdgye7cBf0bPMVGf7a,Image & Video Recognition,,161,subtopic,,,roadmap.sh:nilbuild/developer-roadmap@master
machine-learning,ai_ml,_eKuBhCCwUHnEGwHNQY-g,Recommendation Systems,,162,subtopic,,,roadmap.sh:nilbuild/developer-roadmap@master
machine-learning,ai_ml,H0cscBaExZPNZuFubBUv7,Recurrent Neural Networks,,163,topic,,,roadmap.sh:nilbuild/developer-roadmap@master
machine-learning,ai_ml,LpggrF1MMvAxtO9EJe3wY,RNN,,164,subtopic,,,roadmap.sh:nilbuild/developer-roadmap@master
machine-learning,ai_ml,ZWDSLqxmfg3aPBZFH479q,GRU,,165,subtopic,,,roadmap.sh:nilbuild/developer-roadmap@master
machine-learning,ai_ml,LdUwTWfCIcowwC-e6q3ac,LSTM,,166,subtopic,,,roadmap.sh:nilbuild/developer-roadmap@master
machine-learning,ai_ml,-tzeA13f2jYDm4aO5JciT,Attention Mechanisms,,167,topic,,,roadmap.sh:nilbuild/developer-roadmap@master
machine-learning,ai_ml,kvf2CUKBe4qSbZla4Brh3,Autoencoders,,168,topic,,,roadmap.sh:nilbuild/developer-roadmap@master
machine-learning,ai_ml,rDIg16eb6B6um1P8uMy51,Transformers,Attention Mechanisms,169,subtopic,,,roadmap.sh:nilbuild/developer-roadmap@master
machine-learning,ai_ml,J1aGPkZqDZfUwpVmC88AL,Multi-head Attention,Attention Mechanisms,170,subtopic,,,roadmap.sh:nilbuild/developer-roadmap@master
machine-learning,ai_ml,oTKC1o1OOnPiTh60a8yVc,Self-Attention,Attention Mechanisms,171,subtopic,,,roadmap.sh:nilbuild/developer-roadmap@master
machine-learning,ai_ml,IR0wVIcu1MxOOBiLBnn8S,Generative Adversarial Networks,,172,topic,,,roadmap.sh:nilbuild/developer-roadmap@master
machine-learning,ai_ml,JVXe2QDQaqiJYPupIMhWe,Natural Language Processing,,174,topic,,,roadmap.sh:nilbuild/developer-roadmap@master
machine-learning,ai_ml,QbftToskhtBlTz1jyiRkb,Tokenization,,175,subtopic,,,roadmap.sh:nilbuild/developer-roadmap@master
machine-learning,ai_ml,pP0VeUSK9CDodgz-BQmrP,Lemmatization,,176,subtopic,,,roadmap.sh:nilbuild/developer-roadmap@master
machine-learning,ai_ml,UO1GEUe8e22uRB6DAxfpe,Stemming,,177,subtopic,,,roadmap.sh:nilbuild/developer-roadmap@master
machine-learning,ai_ml,CaHbAXDIJQXcQ9DZqziod,Embeddings,,178,subtopic,,,roadmap.sh:nilbuild/developer-roadmap@master
machine-learning,ai_ml,sChxcuQ2OruKVx8P4wAK_,Attention Models,,179,subtopic,,,roadmap.sh:nilbuild/developer-roadmap@master
machine-learning,ai_ml,Tv3sZvus76dmu0X9AqCIU,Explainable AI,,186,topic,,,roadmap.sh:nilbuild/developer-roadmap@master
machine-learning,ai_ml,5xxAg18h74pDAUPy6P8NQ,Train - Test Data,Scikit-learn,187,subtopic,,,roadmap.sh:nilbuild/developer-roadmap@master
machine-learning,ai_ml,-W2uAccH7Y2XIwhfl9mDF,Data Preparation,Scikit-learn,188,subtopic,,,roadmap.sh:nilbuild/developer-roadmap@master
machine-learning,ai_ml,bIhGv4886V4RWJD3tX0a0,Data Loading,Scikit-learn,189,subtopic,,,roadmap.sh:nilbuild/developer-roadmap@master
machine-learning,ai_ml,m4vmnxRMBf7zwNnwrMEnk,Tuning,Scikit-learn,190,subtopic,,,roadmap.sh:nilbuild/developer-roadmap@master
machine-learning,ai_ml,vBnqnIh_xSn0OuY9oQ5e-,Prediction,Scikit-learn,191,subtopic,,,roadmap.sh:nilbuild/developer-roadmap@master
machine-learning,ai_ml,Ddhph9saFgfMi-uUFGK75,Model Selection,Scikit-learn,192,subtopic,,,roadmap.sh:nilbuild/developer-roadmap@master
machine-learning,ai_ml,A_Kx3pEj0jpnLJzdOpcQ9,Deep Learning Libraries,,193,topic,,,roadmap.sh:nilbuild/developer-roadmap@master
machine-learning,ai_ml,Ru8_xMyFxye1hyzCUYvnj,TensorFlow,,194,subtopic,http://data.europa.eu/esco/skill/7b0d5000-00da-4864-b776-6de49a87a669,computer vision,roadmap.sh:nilbuild/developer-roadmap@master
machine-learning,ai_ml,zoXnXI4Wf5sxddHqYwQjP,Keras,,195,subtopic,http://data.europa.eu/esco/skill/7b0d5000-00da-4864-b776-6de49a87a669,computer vision,roadmap.sh:nilbuild/developer-roadmap@master
machine-learning,ai_ml,7RSW-Pypf3QpZp4O21AGl,PyTorch,,196,subtopic,,,roadmap.sh:nilbuild/developer-roadmap@master
machine-learning,ai_ml,yKtRmgwrJ75VVz7_txZ-S,Scikit-learn,,197,subtopic,,,roadmap.sh:nilbuild/developer-roadmap@master
machine-learning,ai_ml,0-6BV-MggAyD7g3JH45B7,ElasticNet Regularization,,198,subtopic,,,roadmap.sh:nilbuild/developer-roadmap@master
machine-learning,ai_ml,vmERbhRIevLLNc7Ny2pWp,Why is it important?,,199,topic,,,roadmap.sh:nilbuild/developer-roadmap@master
mlops,ai_ml,_7uvOebQUI4xaSwtMjpEd,Programming Fundamentals,,6,topic,,,roadmap.sh:nilbuild/developer-roadmap@master
mlops,ai_ml,Vh81GnOUOZvDOlOyI5PwT,Python,Programming Fundamentals,9,subtopic,http://data.europa.eu/esco/skill/ccd0a1d9-afda-43d9-b901-96344886e14d,Python (computer programming),roadmap.sh:nilbuild/developer-roadmap@master
mlops,ai_ml,vdVq3RQvQF3mF8PQc6DMg,Go,Programming Fundamentals,10,subtopic,,,roadmap.sh:nilbuild/developer-roadmap@master
mlops,ai_ml,mMzqJF2KQ49TDEk5F3VAI,Bash,Programming Fundamentals,11,subtopic,http://data.europa.eu/esco/skill/21d2f96d-35f7-4e3f-9745-c533d2dd6e97,computer programming,roadmap.sh:nilbuild/developer-roadmap@master
mlops,ai_ml,oUhlUoWQQ1txx_sepD5ev,Version Control Systems,,12,topic,,,roadmap.sh:nilbuild/developer-roadmap@master
mlops,ai_ml,06T5CbZAGJU6fJhCmqCC8,Git,Version Control Systems,13,subtopic,http://data.europa.eu/esco/skill/9d2e926f-53d9-41f5-98f3-19dfaa687f3f,tools for software configuration management,roadmap.sh:nilbuild/developer-roadmap@master
mlops,ai_ml,7t7jSb3YgyWlhgCe8Se1I,GitHub,,14,subtopic,,,roadmap.sh:nilbuild/developer-roadmap@master
mlops,ai_ml,00GZcwe25QYi7rDzaOoMt,Cloud Computing,,17,topic,http://data.europa.eu/esco/skill/bd14968e-e409-45af-b362-3495ed7b10e0,cloud technologies,roadmap.sh:nilbuild/developer-roadmap@master
mlops,ai_ml,u3E7FGW4Iwdsu61KYFxCX,AWS / Azure / GCP,Cloud Computing,18,subtopic,,,roadmap.sh:nilbuild/developer-roadmap@master
mlops,ai_ml,kbfucfIO5KCsuv3jKbHTa,Cloud-native ML Services,Cloud Computing,19,subtopic,,,roadmap.sh:nilbuild/developer-roadmap@master
mlops,ai_ml,tKeejLv8Q7QX40UtOjpav,Containerization,,20,topic,,,roadmap.sh:nilbuild/developer-roadmap@master
mlops,ai_ml,XIdCvT-4HyyglHJLRrHlz,Docker,Containerization,22,subtopic,,,roadmap.sh:nilbuild/developer-roadmap@master
mlops,ai_ml,XQoK9l-xtN2J8ZV8dw53X,Kubernetes,Containerization,23,subtopic,,,roadmap.sh:nilbuild/developer-roadmap@master
mlops,ai_ml,ulka7VEVjz6ls5SnI6a6z,Machine Learning Fundamentals,,24,topic,,,roadmap.sh:nilbuild/developer-roadmap@master
mlops,ai_ml,VykbCu7LWIx8fQpqKzoA7,Data Engineering Fundamentals,,25,topic,,,roadmap.sh:nilbuild/developer-roadmap@master
mlops,ai_ml,cOg3ejZRYE-u-M0c89IjM,Data Pipelines,Data Engineering Fundamentals,26,subtopic,,,roadmap.sh:nilbuild/developer-roadmap@master
mlops,ai_ml,wOogVDV4FIDLXVPwFqJ8C,Data Lakes & Warehouses,Data Engineering Fundamentals,27,subtopic,,,roadmap.sh:nilbuild/developer-roadmap@master
mlops,ai_ml,Berd78HvnulNEGOsHCf8n,Data Ingestion Architecture,Data Engineering Fundamentals,28,subtopic,,,roadmap.sh:nilbuild/developer-roadmap@master
mlops,ai_ml,pVSlVHXIap0unFxLGM-lQ,Airflow,,29,subtopic,,,roadmap.sh:nilbuild/developer-roadmap@master
mlops,ai_ml,UljuqA89_SlCSDWWMD_C_,Spark,Data Engineering Fundamentals,30,subtopic,http://data.europa.eu/esco/skill/af7ae54f-4649-4c16-87c7-59ba41d4d57f,SPARK,roadmap.sh:nilbuild/developer-roadmap@master
mlops,ai_ml,fMNwzhgLgHlAZJ9NvKikR,Kafka,Data Engineering Fundamentals,31,subtopic,,,roadmap.sh:nilbuild/developer-roadmap@master
mlops,ai_ml,o6GQ3-8DgDtHzdX6yeg1w,Flink,Data Engineering Fundamentals,32,subtopic,,,roadmap.sh:nilbuild/developer-roadmap@master
mlops,ai_ml,iTsEHVCo6KGq7H2HMgy5S,MLOps Principles,,33,topic,,,roadmap.sh:nilbuild/developer-roadmap@master
mlops,ai_ml,l1xasxQy2vAY34NWaqKEe,MLOps Components,,34,topic,,,roadmap.sh:nilbuild/developer-roadmap@master
mlops,ai_ml,kHDSwlSq8WkLey4EJIQSR,Version Control,,35,subtopic,,,roadmap.sh:nilbuild/developer-roadmap@master
mlops,ai_ml,a6vawajw7BpL6plH_nuAz,CI/CD,,36,subtopic,,,roadmap.sh:nilbuild/developer-roadmap@master
mlops,ai_ml,fes7M--Y8i08_zeP98tVV,Orchestration,,37,subtopic,,,roadmap.sh:nilbuild/developer-roadmap@master
mlops,ai_ml,fGGWKmAJ50Ke6wWJBEgby,Experiment Tracking & Model Registry,,38,subtopic,,,roadmap.sh:nilbuild/developer-roadmap@master
mlops,ai_ml,6XgP_2NLuiw654zvTyueT,Data Lineage & Feature Stores,,39,subtopic,,,roadmap.sh:nilbuild/developer-roadmap@master
mlops,ai_ml,zsW1NRb0dMgS-KzWsI0QU,Model Training & Serving,,40,subtopic,,,roadmap.sh:nilbuild/developer-roadmap@master
mlops,ai_ml,r4fbUwD83uYumEO1X8f09,Monitoring & Observability,,41,subtopic,,,roadmap.sh:nilbuild/developer-roadmap@master
mlops,ai_ml,sf67bSL7HAx6iN7S6MYKs,Infrastructure as Code,,42,topic,,,roadmap.sh:nilbuild/developer-roadmap@master
blockchain,blockchain,MvpHHpbS-EksUfuOKILOq,Basic Blockchain Knowledge,,24,topic,,,roadmap.sh:nilbuild/developer-roadmap@master
blockchain,blockchain,Atv-4Q7edtvfySs_XhgEq,Blockchain Structure,Basic Blockchain Knowledge,25,subtopic,http://data.europa.eu/esco/skill/296f6b56-de45-4aac-aa96-43e4a4864724,blockchain architecture,roadmap.sh:nilbuild/developer-roadmap@master
blockchain,blockchain,9z0Fqn1qqN8eo6s7_kwcb,Basic Blockchain Operations,Basic Blockchain Knowledge,26,subtopic,,,roadmap.sh:nilbuild/developer-roadmap@master
blockchain,blockchain,WD2JH4X4tEE4J0W0XFQ_4,Applications and Uses,Basic Blockchain Knowledge,27,subtopic,,,roadmap.sh:nilbuild/developer-roadmap@master
blockchain,blockchain,edO8iEehsZtYavlsEKhOy,What is Blockchain,Basic Blockchain Knowledge,28,subtopic,,,roadmap.sh:nilbuild/developer-roadmap@master
blockchain,blockchain,H9jvIlxX6P-C_cgPfZop4,Decentralization,Basic Blockchain Knowledge,29,subtopic,,,roadmap.sh:nilbuild/developer-roadmap@master
blockchain,blockchain,Nc9AH6L7EqeQxh0m6Hddz,Why it matters?,Basic Blockchain Knowledge,30,subtopic,,,roadmap.sh:nilbuild/developer-roadmap@master
blockchain,blockchain,bA4V_9AbV3uQi3qrtLWk0,General Blockchain Knowledge,,31,topic,,,roadmap.sh:nilbuild/developer-roadmap@master
blockchain,blockchain,B7niNXMOTbHn_1ixKQ8ri,Mining and Incentive Models,General Blockchain Knowledge,32,subtopic,,,roadmap.sh:nilbuild/developer-roadmap@master
blockchain,blockchain,E9HR_voxQ2a2tvWUuva_p,Decentralization vs Trust,General Blockchain Knowledge,33,subtopic,,,roadmap.sh:nilbuild/developer-roadmap@master
blockchain,blockchain,L08v-78UsEhcg-mZtMVuk,Blockchain Forking,General Blockchain Knowledge,34,subtopic,,,roadmap.sh:nilbuild/developer-roadmap@master
blockchain,blockchain,s1QqQc0We5yQaNF3Ogt4k,Cryptocurrencies,General Blockchain Knowledge,35,subtopic,,,roadmap.sh:nilbuild/developer-roadmap@master
blockchain,blockchain,FSThY0R1OAZCIL98W3AMj,Cryptowallets,General Blockchain Knowledge,36,subtopic,,,roadmap.sh:nilbuild/developer-roadmap@master
blockchain,blockchain,e_I-4Q6_qIW09Hcn-pgKm,Cryptography,General Blockchain Knowledge,37,subtopic,,,roadmap.sh:nilbuild/developer-roadmap@master
blockchain,blockchain,_BkpK9qgp9up8nXNH7q4m,Consensus Protocols,General Blockchain Knowledge,38,subtopic,,,roadmap.sh:nilbuild/developer-roadmap@master
blockchain,blockchain,nNPa6jKRUaitmHwBip_LE,Blockchain Interoperability,General Blockchain Knowledge,39,subtopic,,,roadmap.sh:nilbuild/developer-roadmap@master
blockchain,blockchain,JYHK95Xr0R1MVCda1Epl6,Solana,,40,subtopic,,,roadmap.sh:nilbuild/developer-roadmap@master
blockchain,blockchain,ug4FB4RXItHU0ADnisvve,TON,,41,subtopic,,,roadmap.sh:nilbuild/developer-roadmap@master
blockchain,blockchain,tSJyp46rkJcOtDqVpJX1s,EVM-Based,,42,subtopic,,,roadmap.sh:nilbuild/developer-roadmap@master
blockchain,blockchain,EQgb4LqXnyq3gOX7Fb85s,Blockchains,,43,topic,,,roadmap.sh:nilbuild/developer-roadmap@master
blockchain,blockchain,JLXIbP-y8C2YktIk3R12m,Ethereum,,44,subtopic,,,roadmap.sh:nilbuild/developer-roadmap@master
blockchain,blockchain,JNilHFQnnVDOz-Gz6eNo5,Polygon,,45,subtopic,,,roadmap.sh:nilbuild/developer-roadmap@master
blockchain,blockchain,sJj-6wG5KjjzYYia_eo63,Binance Smart Chain,,46,subtopic,,,roadmap.sh:nilbuild/developer-roadmap@master
blockchain,blockchain,UQ9AejYV6_Sk6ZJkXYWf7,Gnosis Chain,,47,subtopic,,,roadmap.sh:nilbuild/developer-roadmap@master
blockchain,blockchain,PkRAYBZQAUAHxWEeCCX4U,Huobi Eco Chain,,48,subtopic,,,roadmap.sh:nilbuild/developer-roadmap@master
blockchain,blockchain,txQ9U1wcnZkQVh6B49krk,Avalanche,,49,subtopic,,,roadmap.sh:nilbuild/developer-roadmap@master
blockchain,blockchain,trcGwYcFW5LQUUrAcbUf_,Fantom,,50,subtopic,http://data.europa.eu/esco/skill/21d2f96d-35f7-4e3f-9745-c533d2dd6e97,computer programming,roadmap.sh:nilbuild/developer-roadmap@master
blockchain,blockchain,VVbvueVMJKLUoJYhbJB1z,Moonbeam / Moonriver,,51,subtopic,,,roadmap.sh:nilbuild/developer-roadmap@master
blockchain,blockchain,YC385OLECWjpZjVeWKksO,Everscale,,52,subtopic,,,roadmap.sh:nilbuild/developer-roadmap@master
blockchain,blockchain,5MGtl00EEZdSnJdrNYPJ7,Gosh,,53,subtopic,,,roadmap.sh:nilbuild/developer-roadmap@master
blockchain,blockchain,4tAyunbYVwlbzybuVq7fr,TON,,54,subtopic,,,roadmap.sh:nilbuild/developer-roadmap@master
blockchain,blockchain,3HCpgWWPIkhK3gPRJuJQf,Venom,,55,subtopic,,,roadmap.sh:nilbuild/developer-roadmap@master
blockchain,blockchain,miBEG3x_foKYxwfX4Tr4f,TVM-Based,,56,subtopic,,,roadmap.sh:nilbuild/developer-roadmap@master
blockchain,blockchain,i_Dw3kUZ7qKPG-tk-sFPf,L2 Blockchains,,57,subtopic,,,roadmap.sh:nilbuild/developer-roadmap@master
blockchain,blockchain,ixTIn2Uhs-i5-UPt9jKAa,Arbitrum,,58,subtopic,,,roadmap.sh:nilbuild/developer-roadmap@master
blockchain,blockchain,Ib9STGxQa8yeoB-GFeGDE,Moonbeam / Moonriver,,59,subtopic,,,roadmap.sh:nilbuild/developer-roadmap@master
blockchain,blockchain,hlcavpstLnXkJcjccQUL8,TVM-Based,,60,subtopic,,,roadmap.sh:nilbuild/developer-roadmap@master
blockchain,blockchain,sK8G-41D3EfYNSLFJ3XYf,Oracles,,61,topic,,,roadmap.sh:nilbuild/developer-roadmap@master
blockchain,blockchain,JbgBwG6KmeTdyle9U6WAv,Hybrid Smart Contracts,Oracles,62,subtopic,,,roadmap.sh:nilbuild/developer-roadmap@master
blockchain,blockchain,omQOhNfMO09pBc7oy76Wo,Chainlink,Oracles,63,subtopic,,,roadmap.sh:nilbuild/developer-roadmap@master
blockchain,blockchain,CzfsAQIk3zIsDaDAorG9K,Oracle Networks,Oracles,64,subtopic,,,roadmap.sh:nilbuild/developer-roadmap@master
blockchain,blockchain,BV6lEwCAKaYxSPWD0LV_d,Smart Contracts,,65,topic,,,roadmap.sh:nilbuild/developer-roadmap@master
blockchain,blockchain,chaIKoE1uE8rpZLkDSfV-,Solidity,,66,subtopic,http://data.europa.eu/esco/skill/605399ce-4736-4b41-b41e-92ecf2139454,Solidity,roadmap.sh:nilbuild/developer-roadmap@master
blockchain,blockchain,jgHa_LeCac0pl6dSADizF,Vyper,,67,subtopic,http://data.europa.eu/esco/skill/53780150-1581-4ae6-b435-34068c172caf,Vyper,roadmap.sh:nilbuild/developer-roadmap@master
blockchain,blockchain,Larbhjzi-MnPQKH1Pzn2R,Rust,,68,subtopic,,,roadmap.sh:nilbuild/developer-roadmap@master
blockchain,blockchain,IXs4nUzy_A5vBjI_44kaT,Unit Tests,,70,subtopic,,,roadmap.sh:nilbuild/developer-roadmap@master
blockchain,blockchain,QNfnbUGkT3N-pj5epnHcM,Integration Tests,,71,subtopic,,,roadmap.sh:nilbuild/developer-roadmap@master
blockchain,blockchain,4V-dj9x9hSAAGCxpBWsbE,Code Coverage,,72,subtopic,,,roadmap.sh:nilbuild/developer-roadmap@master
blockchain,blockchain,7goaYnedUlfgfl5qApoO2,Deployment,,74,subtopic,,,roadmap.sh:nilbuild/developer-roadmap@master
blockchain,blockchain,H3jNM_0sJrB7ZbYzrVhF7,Monitoring,,75,subtopic,,,roadmap.sh:nilbuild/developer-roadmap@master
blockchain,blockchain,OotJnHgm622NQJc2WRI7c,Upgrades,,76,subtopic,,,roadmap.sh:nilbuild/developer-roadmap@master
blockchain,blockchain,bjUuL7WALETzgFxL6-ivU,ERC Tokens,,77,subtopic,,,roadmap.sh:nilbuild/developer-roadmap@master
blockchain,blockchain,SM8Wt3iNM_nncLj69KCuy,Crypto Wallets,,78,subtopic,,,roadmap.sh:nilbuild/developer-roadmap@master
blockchain,blockchain,lXukWXEatsF87EWFSYyOO,IDEs,,79,subtopic,,,roadmap.sh:nilbuild/developer-roadmap@master
blockchain,blockchain,S68IUKs0k_FFHEH97xxs7,Crypto Faucets,,80,subtopic,,,roadmap.sh:nilbuild/developer-roadmap@master
blockchain,blockchain,tvk1Wh04BcFbAAwYWMx27,Decentralized Storage,,81,subtopic,,,roadmap.sh:nilbuild/developer-roadmap@master
blockchain,blockchain,KRtEN0845lV5e85SOi6oZ,Smart Contract Frameworks,,82,topic,,,roadmap.sh:nilbuild/developer-roadmap@master
blockchain,blockchain,l110d4NqTQt9lfEoxqXMX,Hardhat,,83,subtopic,,,roadmap.sh:nilbuild/developer-roadmap@master
blockchain,blockchain,Q64AbQlvYPiqJl8BtoJj9,Brownie,,84,subtopic,,,roadmap.sh:nilbuild/developer-roadmap@master
blockchain,blockchain,Vl9XHtc22HnqaCnF9yJv9,Truffle,,85,subtopic,,,roadmap.sh:nilbuild/developer-roadmap@master
blockchain,blockchain,F1EUAxODBJ3GEoh7cqM-K,Foundry,,86,subtopic,,,roadmap.sh:nilbuild/developer-roadmap@master
blockchain,blockchain,snQA5_4H2dDkT1pENgaYD,Security,,87,topic,,,roadmap.sh:nilbuild/developer-roadmap@master
blockchain,blockchain,UOF7Ep97i1l3Own6YEWlq,Practices,Security,88,subtopic,,,roadmap.sh:nilbuild/developer-roadmap@master
blockchain,blockchain,wypJdjTW4jHm9FCqv7Lhb,Fuzz Testing & Static Analysis,,89,subtopic,,,roadmap.sh:nilbuild/developer-roadmap@master
blockchain,blockchain,GxD-KybtmkwT3wqDzIfHp,Common Threat Vectors,,90,subtopic,,,roadmap.sh:nilbuild/developer-roadmap@master
blockchain,blockchain,f60P5RNNdgCbrhDDzkY25,Source of Randomness Attacks,,91,subtopic,,,roadmap.sh:nilbuild/developer-roadmap@master
blockchain,blockchain,n3pipnNb76aaQeUwrDLk_,Tools,,92,subtopic,,,roadmap.sh:nilbuild/developer-roadmap@master
blockchain,blockchain,YA3-7EZBRW-T-8HuVI7lk,Slither,,93,subtopic,,,roadmap.sh:nilbuild/developer-roadmap@master
blockchain,blockchain,twR3UdzUNSztjpwbAUT4F,Manticore,,94,subtopic,,,roadmap.sh:nilbuild/developer-roadmap@master
blockchain,blockchain,XIgczUc3yKo6kw-_3gskC,MythX,,95,subtopic,,,roadmap.sh:nilbuild/developer-roadmap@master
blockchain,blockchain,U4H62lVac8wIgxNJ3N3ga,Echidna,,96,subtopic,,,roadmap.sh:nilbuild/developer-roadmap@master
blockchain,blockchain,fbESHQGYqxKRi-5DW8TY3,Management Platforms,,97,topic,,,roadmap.sh:nilbuild/developer-roadmap@master
blockchain,blockchain,qox-x_q-Q7aWcNFWD7RkT,OpenZeppelin,Management Platforms,98,subtopic,,,roadmap.sh:nilbuild/developer-roadmap@master
blockchain,blockchain,Fs9rcEh_f9fJ2tF-bkAUE,Version Control Systems,,99,topic,,,roadmap.sh:nilbuild/developer-roadmap@master
blockchain,blockchain,gpS5CckcQZX3TMFQ2jtIL,Git,Version Control Systems,100,subtopic,http://data.europa.eu/esco/skill/9d2e926f-53d9-41f5-98f3-19dfaa687f3f,tools for software configuration management,roadmap.sh:nilbuild/developer-roadmap@master
blockchain,blockchain,oSK3MRQD_4j1gGDORN7RO,Repo Hosting Services,,101,topic,,,roadmap.sh:nilbuild/developer-roadmap@master
blockchain,blockchain,GOgeaQoRvqg-7mAfL_A8t,GitHub,Repo Hosting Services,102,subtopic,,,roadmap.sh:nilbuild/developer-roadmap@master
blockchain,blockchain,CWqwv4asouS-dssAwIdxv,GitLab,Repo Hosting Services,103,subtopic,,,roadmap.sh:nilbuild/developer-roadmap@master
blockchain,blockchain,TMPB62h9LGIA0pMmjfUun,Bitbucket,Repo Hosting Services,104,subtopic,,,roadmap.sh:nilbuild/developer-roadmap@master
blockchain,blockchain,SXXvFtf_7Rx64cHSEWxMS,dApps - Decentralized Applications,,105,topic,,,roadmap.sh:nilbuild/developer-roadmap@master
blockchain,blockchain,aATSuiqPG-yctr3ChEBa_,Applicability,,106,topic,,,roadmap.sh:nilbuild/developer-roadmap@master
blockchain,blockchain,1AhombZUkZN6Ra5fysSpg,Defi,,107,subtopic,,,roadmap.sh:nilbuild/developer-roadmap@master
blockchain,blockchain,RsoOgixZlyQU6h7nIaY9J,DAOs,,108,subtopic,,,roadmap.sh:nilbuild/developer-roadmap@master
blockchain,blockchain,e4OHLOfa_AqEShpMQe6Dx,NFTs,,109,subtopic,,,roadmap.sh:nilbuild/developer-roadmap@master
blockchain,blockchain,vTGSDThkDDHvCanNlgP07,Payments,,110,subtopic,,,roadmap.sh:nilbuild/developer-roadmap@master
blockchain,blockchain,uMXcKCUoUN8-Hq_IOBRCp,Insurance,,111,subtopic,,,roadmap.sh:nilbuild/developer-roadmap@master
blockchain,blockchain,dDPhMNPpl3rZh3EgXy13P,Node as a Service,,112,topic,,,roadmap.sh:nilbuild/developer-roadmap@master
blockchain,blockchain,lOoubzXNILBk18jGsc-JX,Alchemy,,113,subtopic,,,roadmap.sh:nilbuild/developer-roadmap@master
blockchain,blockchain,hJmNuEMHaMSM0QQlABFRS,Infura,,114,subtopic,,,roadmap.sh:nilbuild/developer-roadmap@master
blockchain,blockchain,pJhR9OQo8YFQmAZXQbikJ,Moralis,,115,subtopic,,,roadmap.sh:nilbuild/developer-roadmap@master
blockchain,blockchain,FGih8w9We52PHpBnnGO6H,Quicknode,,116,subtopic,,,roadmap.sh:nilbuild/developer-roadmap@master
blockchain,blockchain,NK02dunI3i6C6z7krENCC,Supporting Languages,,117,topic,,,roadmap.sh:nilbuild/developer-roadmap@master
blockchain,blockchain,fF06XiQV4CPEJnt_ESOvv,JavaScript,,118,subtopic,http://data.europa.eu/esco/skill/3cd569a2-4f88-4c1e-9995-8dce8c5e51a7,JavaScript,roadmap.sh:nilbuild/developer-roadmap@master
blockchain,blockchain,pVG7bGqVGCeSBlZxRNHJs,Python,,119,subtopic,http://data.europa.eu/esco/skill/ccd0a1d9-afda-43d9-b901-96344886e14d,Python (computer programming),roadmap.sh:nilbuild/developer-roadmap@master
blockchain,blockchain,jxlQ1ibcCv6ZlcEvobZ_G,Go,,120,subtopic,,,roadmap.sh:nilbuild/developer-roadmap@master
blockchain,blockchain,YR-U2njkUrEMO0JxCU1PH,Frontend Frameworks,,121,topic,,,roadmap.sh:nilbuild/developer-roadmap@master
blockchain,blockchain,0DUYS40_-BTpk2rLQ1a0e,React,,122,subtopic,,,roadmap.sh:nilbuild/developer-roadmap@master
blockchain,blockchain,UY_vAsixTyocvo8zvAF4b,Angular,,123,subtopic,http://data.europa.eu/esco/skill/1ffac4ac-fda7-407d-8ed1-ca8f4a8dc146,Angular,roadmap.sh:nilbuild/developer-roadmap@master
blockchain,blockchain,Ke97bMHGfb-8hB_xSwMbk,Vue,,124,subtopic,,,roadmap.sh:nilbuild/developer-roadmap@master
blockchain,blockchain,-7Bq2ktD0nt7of9liuCDL,Testing,,125,subtopic,,,roadmap.sh:nilbuild/developer-roadmap@master
blockchain,blockchain,cW3_Ki9Bx7fYluDLKKKgl,Deployment,,126,subtopic,,,roadmap.sh:nilbuild/developer-roadmap@master
blockchain,blockchain,XvVpnlYhT_yOsvjAvwZpr,Maintenance,,127,subtopic,,,roadmap.sh:nilbuild/developer-roadmap@master
blockchain,blockchain,B6GGTUbzEaIz5yu32WrAq,Architecture,,128,subtopic,,,roadmap.sh:nilbuild/developer-roadmap@master
blockchain,blockchain,PBTrg9ivOpw9uNTVisIpx,Security,,129,subtopic,,,roadmap.sh:nilbuild/developer-roadmap@master
blockchain,blockchain,vZiDpX9pEB9gfueSKZiQL,Client Libraries,,130,topic,,,roadmap.sh:nilbuild/developer-roadmap@master
blockchain,blockchain,i-ltfXPTCu3WaBo-xaN05,ethers.js,,131,subtopic,,,roadmap.sh:nilbuild/developer-roadmap@master
blockchain,blockchain,jwuMeo9TwaQviGIMO13Jf,web3.js,,132,subtopic,,,roadmap.sh:nilbuild/developer-roadmap@master
blockchain,blockchain,RFgetmTvKvpV2PG6Vfev7,Moralis,,133,subtopic,,,roadmap.sh:nilbuild/developer-roadmap@master
blockchain,blockchain,CoYEwHNNmrQ0i0sSQTcB7,Client Nodes,,134,topic,,,roadmap.sh:nilbuild/developer-roadmap@master
blockchain,blockchain,DBRaXtwvdq2UGE8rVCmI1,Geth,,135,subtopic,,,roadmap.sh:nilbuild/developer-roadmap@master
blockchain,blockchain,Gnnp5qrFmuSVtaq31rvMX,Besu,,136,subtopic,,,roadmap.sh:nilbuild/developer-roadmap@master
blockchain,blockchain,xtYwg0WAcE8Ea9VgC2RSc,Nethermind,,137,subtopic,,,roadmap.sh:nilbuild/developer-roadmap@master
blockchain,blockchain,E4uuJZFZz-M1vlpZmdJTO,Substrate,,138,subtopic,,,roadmap.sh:nilbuild/developer-roadmap@master
blockchain,blockchain,bTdRKEiIUmu1pnp8UbJK9,Building for Scale,,140,topic,,,roadmap.sh:nilbuild/developer-roadmap@master
blockchain,blockchain,5T5c3SrFfMZLEKAzxJ-_S,State & Payment Channels,,141,subtopic,,,roadmap.sh:nilbuild/developer-roadmap@master
blockchain,blockchain,ti6-LSK52dTCLVdxArp9q,Optimistic Rollups & Fraud Proofs,,142,subtopic,,,roadmap.sh:nilbuild/developer-roadmap@master
blockchain,blockchain,PykoX4j5Q3eJWIpUoczjM,Zk Rollups & Zero Knowledge Proof,,143,subtopic,,,roadmap.sh:nilbuild/developer-roadmap@master
blockchain,blockchain,chmxDwNVOefp98IbjEgNl,Validium,,144,subtopic,,,roadmap.sh:nilbuild/developer-roadmap@master
blockchain,blockchain,dMesiPUPBegYQ7hgeMMJK,Plasma,,145,subtopic,,,roadmap.sh:nilbuild/developer-roadmap@master
blockchain,blockchain,lSQA3CfQBugEBhAh2yxro,Sidechains,,146,subtopic,,,roadmap.sh:nilbuild/developer-roadmap@master
blockchain,blockchain,9uz6LBQwYpOid61LrK5dl,Ethereum 2.0,,147,subtopic,,,roadmap.sh:nilbuild/developer-roadmap@master
blockchain,blockchain,1bUD9-vFo-tsHiB1a06tO,On-Chain Scaling,Building for Scale,148,subtopic,,,roadmap.sh:nilbuild/developer-roadmap@master
blockchain,blockchain,ecT4W5z8Vq9pXjnuhMdpl,Why it matters?,,158,subtopic,,,roadmap.sh:nilbuild/developer-roadmap@master
blockchain,blockchain,zvUCR0KeigEi9beqFpwny,Storage,,159,subtopic,,,roadmap.sh:nilbuild/developer-roadmap@master
game-developer,game,rQArtuVKGVgLn_fw9yO3b,Client Side Development,,18,topic,,,roadmap.sh:nilbuild/developer-roadmap@master
game-developer,game,m1wX27XBWKXZcTMH2U1xp,Game Mathematics,,19,topic,,,roadmap.sh:nilbuild/developer-roadmap@master
game-developer,game,grRf-MmaXimDB4iODOV47,Linear Algebra,Game Mathematics,20,subtopic,,,roadmap.sh:nilbuild/developer-roadmap@master
game-developer,game,yLEyh5XJ3sl8eHD-PoSvJ,Vector,,21,subtopic,,,roadmap.sh:nilbuild/developer-roadmap@master
game-developer,game,Kg6Mg9ieUUGXWX9Lai7B0,Matrix,Game Mathematics,22,subtopic,,,roadmap.sh:nilbuild/developer-roadmap@master
game-developer,game,XWxW2ZBw3LcQ4DRk4tgAG,Geometry,,23,subtopic,,,roadmap.sh:nilbuild/developer-roadmap@master
game-developer,game,XABzEU9owCx9-zw1id9xU,Linear Transformation,Game Mathematics,24,subtopic,,,roadmap.sh:nilbuild/developer-roadmap@master
game-developer,game,r5TcXQsU9s4NlAQIPvZ3U,Affine Space,Game Mathematics,25,subtopic,,,roadmap.sh:nilbuild/developer-roadmap@master
game-developer,game,SkCreb6g4i-OFtJWhRYqO,Affine Transformation,Game Mathematics,26,subtopic,,,roadmap.sh:nilbuild/developer-roadmap@master
game-developer,game,iIWEjpkNFBj4R5wQ0mcWY,Orientation,,27,topic,,,roadmap.sh:nilbuild/developer-roadmap@master
game-developer,game,zPs_LlDvkfxvvCrk5fXB2,Quaternion,,28,subtopic,,,roadmap.sh:nilbuild/developer-roadmap@master
game-developer,game,L0J2kvveJNsmN9ueXhqKf,Euler Angle,,29,subtopic,,,roadmap.sh:nilbuild/developer-roadmap@master
game-developer,game,YTkOF_33oL1ZkA-loc_DP,Curve,,30,topic,,,roadmap.sh:nilbuild/developer-roadmap@master
game-developer,game,nTiHZXRh2j3_FsBotmlGf,Spline,,31,subtopic,,,roadmap.sh:nilbuild/developer-roadmap@master
game-developer,game,m4AuHjEBnHS0wyATG-I1Z,Hermite,,32,subtopic,,,roadmap.sh:nilbuild/developer-roadmap@master
game-developer,game,DUEEm9sAaZqSI-W-PFZ8f,Bezier,,33,subtopic,,,roadmap.sh:nilbuild/developer-roadmap@master
game-developer,game,N9GoA3YvOaKwYjljj6NZv,Catmull-Rom,,34,subtopic,,,roadmap.sh:nilbuild/developer-roadmap@master
game-developer,game,5qfoD77wU4ETI7rUSy4Nc,Projection,,35,topic,,,roadmap.sh:nilbuild/developer-roadmap@master
game-developer,game,LEJymJ2EaAW5FM5LgKW38,Perspective,,36,subtopic,,,roadmap.sh:nilbuild/developer-roadmap@master
game-developer,game,d6C1qFv-Tad3AtMBDLI6r,Orthogonal,,37,subtopic,,,roadmap.sh:nilbuild/developer-roadmap@master
game-developer,game,UTBnrQiZ6Bf96yJYIUf3b,Game Physics,,38,topic,,,roadmap.sh:nilbuild/developer-roadmap@master
game-developer,game,0D7KQlF-9ylmILTBBVxot,Dynamics,,39,topic,,,roadmap.sh:nilbuild/developer-roadmap@master
game-developer,game,HWtU4q-YPXxSi64t43VNF,Center of Mass,,40,subtopic,,,roadmap.sh:nilbuild/developer-roadmap@master
game-developer,game,6E2mkXuAzoYnrT1SEIA16,Moment of Inertia,,41,subtopic,,,roadmap.sh:nilbuild/developer-roadmap@master
game-developer,game,ejZMnxZ0QrN-jBqo9Vrj8,Acceleration,,42,subtopic,,,roadmap.sh:nilbuild/developer-roadmap@master
game-developer,game,m2_wUW2VHMCXHnn5B91qr,Joints,,43,subtopic,,,roadmap.sh:nilbuild/developer-roadmap@master
game-developer,game,qduFRhmrzJ2sn0g7L-tza,Force,,44,subtopic,,,roadmap.sh:nilbuild/developer-roadmap@master
game-developer,game,egOcxFTQP7vPIGrxcieuk,Restitution,,45,subtopic,,,roadmap.sh:nilbuild/developer-roadmap@master
game-developer,game,Y7HYY5eq7OG42V9yQz0Q1,Angular Velocity,,46,subtopic,,,roadmap.sh:nilbuild/developer-roadmap@master
game-developer,game,WzcmdW_fKHv3gwdBnvI0_,Buoyancy,,47,subtopic,,,roadmap.sh:nilbuild/developer-roadmap@master
game-developer,game,Z_U6abGV_wVkTGZ2LVkFK,Linear Velocity,,48,subtopic,,,roadmap.sh:nilbuild/developer-roadmap@master
game-developer,game,Hz9R4YGYtD0jAur8rYist,Friction,,49,subtopic,,,roadmap.sh:nilbuild/developer-roadmap@master
game-developer,game,AdOfOJtLtNgDwuABb6orE,Collision Detection,,50,topic,,,roadmap.sh:nilbuild/developer-roadmap@master
game-developer,game,SuemqQuiePab0Qpm2EGy9,Narrow Phase,,51,subtopic,,,roadmap.sh:nilbuild/developer-roadmap@master
game-developer,game,AKd2UpITqBZV7cZszSRps,Broad Phase,,52,subtopic,,,roadmap.sh:nilbuild/developer-roadmap@master
game-developer,game,YLusnwCba7BIdKOYUoY6F,Convexity,,53,subtopic,,,roadmap.sh:nilbuild/developer-roadmap@master
game-developer,game,pG_V12qhS4HevoP_KHTvh,Convex,,54,subtopic,,,roadmap.sh:nilbuild/developer-roadmap@master
game-developer,game,jslk7Gy58VspO1uXGDgBp,Concave,,55,subtopic,,,roadmap.sh:nilbuild/developer-roadmap@master
game-developer,game,jixffcPBELkhoG0e7Te8g,Convex Hull,,56,subtopic,,,roadmap.sh:nilbuild/developer-roadmap@master
game-developer,game,bgP9NpD0DJGqN4VCt65xP,Convex Decomposition,,57,subtopic,,,roadmap.sh:nilbuild/developer-roadmap@master
game-developer,game,vmRYaXNVCe0N73xG8bsEK,Intersection,,58,subtopic,,,roadmap.sh:nilbuild/developer-roadmap@master
game-developer,game,kSMz7mZ243qMKtT_YD3AD,SAT,,59,subtopic,,,roadmap.sh:nilbuild/developer-roadmap@master
game-developer,game,lwd3Gz9bJEKCIwhXD6m-v,GJK,,60,subtopic,,,roadmap.sh:nilbuild/developer-roadmap@master
game-developer,game,vWLKYK2KUzV1fO-vQunzW,EPA,,61,subtopic,,,roadmap.sh:nilbuild/developer-roadmap@master
game-developer,game,PLR_4yoRifoTzkOR4c7ym,Bounding Volume,,62,subtopic,,,roadmap.sh:nilbuild/developer-roadmap@master
game-developer,game,aTeYGd4JlPr5txNPyBezn,AABB,,63,subtopic,,,roadmap.sh:nilbuild/developer-roadmap@master
game-developer,game,7nGtvbxoEAheiF4IPMfPf,OBB,,64,subtopic,,,roadmap.sh:nilbuild/developer-roadmap@master
game-developer,game,9Fk3XSINBr2NNdbMtwsIK,Spatial Partitioning,,65,subtopic,,,roadmap.sh:nilbuild/developer-roadmap@master
game-developer,game,STdvFYM9V0a36IkPXjvrB,Sort & Sweep,,66,subtopic,,,roadmap.sh:nilbuild/developer-roadmap@master
game-developer,game,FCc5xwb_G3VsDRXOcg3hV,BVH,,67,subtopic,,,roadmap.sh:nilbuild/developer-roadmap@master
game-developer,game,XHFV4d6Ab4kWQ3-XcZTyT,DBVT,,68,subtopic,,,roadmap.sh:nilbuild/developer-roadmap@master
game-developer,game,1yK8TH4Pn7Ag8VQoug54i,CCD,,69,subtopic,,,roadmap.sh:nilbuild/developer-roadmap@master
game-developer,game,fv5tivGad2P9GRZOodfn2,Game Engine,,70,topic,,,roadmap.sh:nilbuild/developer-roadmap@master
game-developer,game,7OffO2mBmfBKqPBTZ9ngI,Godot,Game Engine,71,subtopic,,,roadmap.sh:nilbuild/developer-roadmap@master
game-developer,game,a6H-cZtp3A_fB8jnfMxBR,Unreal Engine,Game Engine,72,subtopic,,,roadmap.sh:nilbuild/developer-roadmap@master
game-developer,game,CeAUEN233L4IoFSZtIvvl,Native,Game Engine,73,subtopic,,,roadmap.sh:nilbuild/developer-roadmap@master
game-developer,game,rNeOti8DDyWTMP9FB9kJ_,Unity 3D,Game Engine,74,subtopic,,,roadmap.sh:nilbuild/developer-roadmap@master
game-developer,game,4YgbrXLXf5mfaL2tlYkzk,Programming Languages,,75,topic,,,roadmap.sh:nilbuild/developer-roadmap@master
game-developer,game,jsq0UXnIIC0Z_nbK2w48f,C/C++,Programming Languages,76,subtopic,,,roadmap.sh:nilbuild/developer-roadmap@master
game-developer,game,Ph3ZqmSnwwzUBUC-6dgf-,C#,,77,subtopic,http://data.europa.eu/esco/skill/4c016b68-4116-468c-9dc6-42710c239e4a,C#,roadmap.sh:nilbuild/developer-roadmap@master
game-developer,game,AaRZiItRcn8fYb5R62vfT,GDScript,,78,subtopic,,,roadmap.sh:nilbuild/developer-roadmap@master
game-developer,game,ts9pWxUimvFqfNJYCmNNw,Rust,,79,subtopic,,,roadmap.sh:nilbuild/developer-roadmap@master
game-developer,game,AJp_QRLgSG5ETXDIjUjmm,Python,,80,subtopic,http://data.europa.eu/esco/skill/ccd0a1d9-afda-43d9-b901-96344886e14d,Python (computer programming),roadmap.sh:nilbuild/developer-roadmap@master
game-developer,game,lIb5MeDoqVj6HycveOgTS,Computer Graphics,,81,topic,,,roadmap.sh:nilbuild/developer-roadmap@master
game-developer,game,JW5c_0JEtO-OiBoXUia6A,Ray Tracing,Computer Graphics,82,subtopic,,,roadmap.sh:nilbuild/developer-roadmap@master
game-developer,game,vYNj9nzu90e9xlrzHULnP,Rasterization,Computer Graphics,83,subtopic,,,roadmap.sh:nilbuild/developer-roadmap@master
game-developer,game,shSRnMf4NONuZ3TGPAoQc,Graphics Pipeline,Computer Graphics,84,subtopic,,,roadmap.sh:nilbuild/developer-roadmap@master
game-developer,game,rmtxybcavWV6A53R4ZWgc,Sampling,Computer Graphics,85,subtopic,,,roadmap.sh:nilbuild/developer-roadmap@master
game-developer,game,qIrePusMuvcUva9LMDmDx,Shader,Computer Graphics,86,subtopic,,,roadmap.sh:nilbuild/developer-roadmap@master
game-developer,game,WVgozaQPFbYthZLWMbNUg,Rendering Equation,,87,subtopic,,,roadmap.sh:nilbuild/developer-roadmap@master
game-developer,game,eI2jym4AAz3ani-lreSKE,Reflection,,88,subtopic,,,roadmap.sh:nilbuild/developer-roadmap@master
game-developer,game,0g1z5G2dsF4PTIfFAG984,Diffuse,,89,subtopic,,,roadmap.sh:nilbuild/developer-roadmap@master
game-developer,game,odfZWKtPbb-lC35oeTCNV,Specular,,90,subtopic,,,roadmap.sh:nilbuild/developer-roadmap@master
game-developer,game,THMmnx8p_P0X-dSPoHvst,Mapping,,91,subtopic,,,roadmap.sh:nilbuild/developer-roadmap@master
game-developer,game,iBZ1JsEWI0xuLgUvfWfl-,Texture,,92,subtopic,,,roadmap.sh:nilbuild/developer-roadmap@master
game-developer,game,r4UkMd5QURbvJ3Jlr_H9H,Bump,,93,subtopic,,,roadmap.sh:nilbuild/developer-roadmap@master
game-developer,game,YGeGleEN203nokiZIYJN8,Parallax,,94,subtopic,,,roadmap.sh:nilbuild/developer-roadmap@master
game-developer,game,9cBOfj58I4hBlxlQIyV9g,Horizon,,95,subtopic,,,roadmap.sh:nilbuild/developer-roadmap@master
game-developer,game,1RdyzTI_TXqmct2bIbNh9,Computer Animation,,96,subtopic,,,roadmap.sh:nilbuild/developer-roadmap@master
game-developer,game,WK6fLWJq9Vh2ySVrSqd-U,Color,,97,subtopic,,,roadmap.sh:nilbuild/developer-roadmap@master
game-developer,game,1S1qPogijW2SQCiF7KLZe,Visual Perception,,98,subtopic,,,roadmap.sh:nilbuild/developer-roadmap@master
game-developer,game,RgC9TOc0wbr2QSuvrpIDV,Tone Reproduction,,99,subtopic,,,roadmap.sh:nilbuild/developer-roadmap@master
game-developer,game,DDN3mn0LTueBhjRzXFcbU,Lighting and Shadow,,102,subtopic,,,roadmap.sh:nilbuild/developer-roadmap@master
game-developer,game,ygtru6fqQ3gpFZRN_I8rP,Shadow Map,,103,subtopic,,,roadmap.sh:nilbuild/developer-roadmap@master
game-developer,game,Wq8siopWTD7sylNi0575X,2D,,104,subtopic,,,roadmap.sh:nilbuild/developer-roadmap@master
game-developer,game,cv1-AwewuqJsZDBI3h84G,Cube,,105,subtopic,,,roadmap.sh:nilbuild/developer-roadmap@master
game-developer,game,Lu38SfZ38y89BffLRMmGk,Cascaded,,106,subtopic,,,roadmap.sh:nilbuild/developer-roadmap@master
game-developer,game,VLrcBE1vb6N5fw5YESCge,Light Source,,107,subtopic,,,roadmap.sh:nilbuild/developer-roadmap@master
game-developer,game,foD8K7V0yIxgeXwl687Bv,Directional,,108,subtopic,,,roadmap.sh:nilbuild/developer-roadmap@master
game-developer,game,aNhyXWW2b7yKTv8y14zk9,Point,,109,subtopic,,,roadmap.sh:nilbuild/developer-roadmap@master
game-developer,game,FetbhcK1RDt4izZ6NEUEP,Spot,,110,subtopic,,,roadmap.sh:nilbuild/developer-roadmap@master
game-developer,game,sC3omOmL2DOyTSvET5cDa,Infinite,,111,subtopic,,,roadmap.sh:nilbuild/developer-roadmap@master
game-developer,game,OcxesFnB5wO6VXrHYnhz-,Visibility and Occlusion,,112,subtopic,,,roadmap.sh:nilbuild/developer-roadmap@master
game-developer,game,MlLYqO_8JDNOwKRvaM-bf,Occluder,,113,subtopic,,,roadmap.sh:nilbuild/developer-roadmap@master
game-developer,game,1gdDeUPBRco10LpOxug4k,Culling,,114,subtopic,,,roadmap.sh:nilbuild/developer-roadmap@master
game-developer,game,xP_VDMu1z9jiVnZaBFKJQ,Clipping,,115,subtopic,,,roadmap.sh:nilbuild/developer-roadmap@master
game-developer,game,2ocwC0P1-ZFmjA9EmA1lV,Fog,,116,subtopic,,,roadmap.sh:nilbuild/developer-roadmap@master
game-developer,game,UcLGWYu41Ok2NYdLNIY5C,Frustum,,117,subtopic,,,roadmap.sh:nilbuild/developer-roadmap@master
game-developer,game,_1LkU258hzizSIgXipE0b,Light,,118,subtopic,,,roadmap.sh:nilbuild/developer-roadmap@master
game-developer,game,lqfW8hkuN3vWtacrqBBtI,Shadow,,119,subtopic,,,roadmap.sh:nilbuild/developer-roadmap@master
game-developer,game,-r15srXTBLnUGokpXKclH,Polygon,,120,subtopic,,,roadmap.sh:nilbuild/developer-roadmap@master
game-developer,game,GHfLMtgmc36OCvjQvW_Su,Polyhedron,,121,subtopic,,,roadmap.sh:nilbuild/developer-roadmap@master
game-developer,game,AEAVc8Ih4fctSGGVJG0Np,Stencil Shadow,,122,subtopic,,,roadmap.sh:nilbuild/developer-roadmap@master
game-developer,game,Kx7O7RLp7aPGtOvK8e314,Graphics API,,124,topic,,,roadmap.sh:nilbuild/developer-roadmap@master
game-developer,game,bgWFV09AtDv1yJS5t0EaB,DirectX,,125,subtopic,,,roadmap.sh:nilbuild/developer-roadmap@master
game-developer,game,ffa5-YxRhE3zhWg7KXQ4r,OpenGL,,126,subtopic,,,roadmap.sh:nilbuild/developer-roadmap@master
game-developer,game,CeydBMwckqKll-2AgOlyd,WebGL,,127,subtopic,,,roadmap.sh:nilbuild/developer-roadmap@master
game-developer,game,wYUDJb-q1rtM4w2QV3Wr1,HLSL,,128,subtopic,,,roadmap.sh:nilbuild/developer-roadmap@master
game-developer,game,j8mWMFMQCEIPUzegDDsm1,GLSL,,129,subtopic,,,roadmap.sh:nilbuild/developer-roadmap@master
game-developer,game,EVOiWAeZsIvjLTt3EYu-6,OpenGL ES,,130,subtopic,,,roadmap.sh:nilbuild/developer-roadmap@master
game-developer,game,oEznLciLxZJaulMlBGgg4,Metal,,131,subtopic,,,roadmap.sh:nilbuild/developer-roadmap@master
game-developer,game,yPfhJSTFS7a72UcqF1ROK,Vulkan,,132,subtopic,,,roadmap.sh:nilbuild/developer-roadmap@master
game-developer,game,DvV32n3NoXNEej8Fsqqs2,SPIR-V,,133,subtopic,,,roadmap.sh:nilbuild/developer-roadmap@master
game-developer,game,Hpf_CPmLpCSP8Qo07Kq1X,Game AI,,134,topic,,,roadmap.sh:nilbuild/developer-roadmap@master
game-developer,game,Ky-95ipdgyPZGAIdqwMCk,Decision Making,Game AI,135,subtopic,,,roadmap.sh:nilbuild/developer-roadmap@master
game-developer,game,rwGivalwv2ozdSlVMSc4U,Decision Tree,,136,subtopic,,,roadmap.sh:nilbuild/developer-roadmap@master
game-developer,game,aJa_2xkZuSjQ5bt6Kj5oe,State Machine,,137,subtopic,,,roadmap.sh:nilbuild/developer-roadmap@master
game-developer,game,ztoW8fBY73Es624A_tjd7,Behavior Tree,,138,subtopic,,,roadmap.sh:nilbuild/developer-roadmap@master
game-developer,game,4ZCVUpYrCT14d_JULulLe,Fuzzy Logic,,139,subtopic,,,roadmap.sh:nilbuild/developer-roadmap@master
game-developer,game,c6j-30p84vk3MZEF1R2hN,Markov System,,140,subtopic,,,roadmap.sh:nilbuild/developer-roadmap@master
game-developer,game,Cuc0xvCAkVyUtwOxO_Uua,Goal Oriented Behavior,,141,subtopic,,,roadmap.sh:nilbuild/developer-roadmap@master
game-developer,game,mUyzX-DXnIKDl-r9o8d38,Movement,,142,subtopic,,,roadmap.sh:nilbuild/developer-roadmap@master
game-developer,game,eoK70YRCz73GmzbNhh5kg,Board Game,,143,subtopic,,,roadmap.sh:nilbuild/developer-roadmap@master
game-developer,game,oOjGqicW3eqRwWyIwJdBA,Minimax,,144,subtopic,,,roadmap.sh:nilbuild/developer-roadmap@master
game-developer,game,KYCi4d475zZfNwlj6HZVD,AB Pruning,,145,subtopic,,,roadmap.sh:nilbuild/developer-roadmap@master
game-developer,game,QD9TfZn3yhGPVwiyJ6d0V,MCTS,,146,subtopic,,,roadmap.sh:nilbuild/developer-roadmap@master
game-developer,game,Hpk8eOaOepERMmOvUgkxa,Game AI,,147,topic,,,roadmap.sh:nilbuild/developer-roadmap@master
game-developer,game,ul5XnVwQCwr4ZaL4kBNpd,Decision Learning,,150,subtopic,,,roadmap.sh:nilbuild/developer-roadmap@master
game-developer,game,aw1BAGqrdBBmUwB6vMF_A,Naive Bayes Classifier,,151,subtopic,,,roadmap.sh:nilbuild/developer-roadmap@master
game-developer,game,sz1047M8_kScjth84yPwU,Decision Tree Learning,,152,subtopic,,,roadmap.sh:nilbuild/developer-roadmap@master
game-developer,game,ltkEyfuDxExs7knqs79ya,Deep Learning,,153,subtopic,http://data.europa.eu/esco/skill/ecc4552a-92c5-4222-b18d-faf5ac841080,deep learning,roadmap.sh:nilbuild/developer-roadmap@master
game-developer,game,AoH2r4EOHyZd8YaV24rBk,Artificial Neural Network,,154,subtopic,,,roadmap.sh:nilbuild/developer-roadmap@master
game-developer,game,rGEHTfdNeBAX3_XqC-vvI,Reinforcements Learning,,155,subtopic,,,roadmap.sh:nilbuild/developer-roadmap@master
game-developer,game,9_OcZ9rzedDFfwEYxAghh,Learning,,157,subtopic,,,roadmap.sh:nilbuild/developer-roadmap@master
game-developer,game,CDYszS1U4v95GozB_drbt,Advanced Rendering,,158,topic,,,roadmap.sh:nilbuild/developer-roadmap@master
game-developer,game,_i7BXZq-iLxQc3QZRMees,Real-time Ray Tracing,Advanced Rendering,159,subtopic,,,roadmap.sh:nilbuild/developer-roadmap@master
game-developer,game,qoIkw9o8iMx7MzUyVYoR2,DirectX Ray Tracing,Advanced Rendering,160,subtopic,,,roadmap.sh:nilbuild/developer-roadmap@master
game-developer,game,tDGnV8dGIFr_diz4HcEjr,Vulkan Ray Tracing,,161,subtopic,,,roadmap.sh:nilbuild/developer-roadmap@master
game-developer,game,GDLysy3__cbYidEaOmFze,OptiX,,162,subtopic,,,roadmap.sh:nilbuild/developer-roadmap@master
game-developer,game,XvFtMHrYsBREmuerE7CGc,Physically-Based Rendering,Advanced Rendering,163,subtopic,,,roadmap.sh:nilbuild/developer-roadmap@master
game-developer,game,PuhXaRZ-Ql5PCqzMyz3en,Translucency & Transparency,,164,subtopic,,,roadmap.sh:nilbuild/developer-roadmap@master
game-developer,game,H3hkafXO9zqEnWuwHa38P,Conservation of Energy,,165,subtopic,,,roadmap.sh:nilbuild/developer-roadmap@master
game-developer,game,olY1ibR7kw1yJ58TfU-37,Metallicity,,166,subtopic,,,roadmap.sh:nilbuild/developer-roadmap@master
game-developer,game,YrQgfjsdLCIUxrwflpEHO,Microsurface Scattering,Advanced Rendering,167,subtopic,,,roadmap.sh:nilbuild/developer-roadmap@master
qa,qa,m1wX27XBWKXZcTMH2U1xp,Learn the Fundamentals,,29,topic,,,roadmap.sh:nilbuild/developer-roadmap@master
qa,qa,Zja25damM2vXMOYCyRZiq,Test Oracles,Learn the Fundamentals,30,subtopic,,,roadmap.sh:nilbuild/developer-roadmap@master
qa,qa,1976f2-opqLqV4ImPJlt0,Test Prioritization,Learn the Fundamentals,31,subtopic,,,roadmap.sh:nilbuild/developer-roadmap@master
qa,qa,pH9h2tjO6raO_g4W8EgKq,Manage your Testing,,32,subtopic,,,roadmap.sh:nilbuild/developer-roadmap@master
qa,qa,FE_Wp2RPWFDHNaQIBLqH6,qTest,,33,subtopic,,,roadmap.sh:nilbuild/developer-roadmap@master
qa,qa,5Tn6Wtw8QE56LZ9BlRAmW,TestRail,,34,subtopic,,,roadmap.sh:nilbuild/developer-roadmap@master
qa,qa,leiCCxLJgXCpk1a--mE83,TestLink,,35,subtopic,,,roadmap.sh:nilbuild/developer-roadmap@master
qa,qa,aGvbxmZCHbbt9PgXL1ooJ,Zephyr,,36,subtopic,,,roadmap.sh:nilbuild/developer-roadmap@master
qa,qa,JInFH3JRvAxjvpIFKjUiP,What is Quality Assurance?,Learn the Fundamentals,37,subtopic,,,roadmap.sh:nilbuild/developer-roadmap@master
qa,qa,vZv4Ow5bg_PbKoF557G9S,QA Mindset,Learn the Fundamentals,38,subtopic,,,roadmap.sh:nilbuild/developer-roadmap@master
qa,qa,uFOVuenPyOKZGgoJXkwRZ,Testing Approaches,Learn the Fundamentals,39,subtopic,,,roadmap.sh:nilbuild/developer-roadmap@master
qa,qa,y4QnZ2xQyc4x6Kr-eGBer,White Box Testing,,40,subtopic,,,roadmap.sh:nilbuild/developer-roadmap@master
qa,qa,ZmWEG7Wu-h7bZe6pGxqDg,Gray Box Testing,,41,subtopic,,,roadmap.sh:nilbuild/developer-roadmap@master
qa,qa,2zfwE6uzGYc2qnvOZ47LB,Black Box Testing,,42,subtopic,,,roadmap.sh:nilbuild/developer-roadmap@master
qa,qa,ZqgeqqZTGA-y7jVNyPCt4,Project Management,,43,subtopic,,,roadmap.sh:nilbuild/developer-roadmap@master
qa,qa,wVqbs8Rh0WjLQqJZ0XiF0,Atlassian,,44,subtopic,,,roadmap.sh:nilbuild/developer-roadmap@master
qa,qa,xLPE9CqqiYz0miMFI3ThY,Assembla,,45,subtopic,,,roadmap.sh:nilbuild/developer-roadmap@master
qa,qa,6bS1YjGJHARAUKTywYMU9,YouTrack,,46,subtopic,,,roadmap.sh:nilbuild/developer-roadmap@master
qa,qa,dmfMp6ydjtHo6oKv97AzB,Trello,,47,subtopic,http://data.europa.eu/esco/skill/fdf15b35-9028-4acb-bfd2-43f00a015cd9,use personal organization software,roadmap.sh:nilbuild/developer-roadmap@master
qa,qa,gQLbDFP00itL260i1BiDe,Testing Techniques,,48,subtopic,,,roadmap.sh:nilbuild/developer-roadmap@master
qa,qa,wmMIL-0ytz7a3JygyB-wc,Load Testing,,49,subtopic,,,roadmap.sh:nilbuild/developer-roadmap@master
qa,qa,bapKhjye4oWQxTEZ4fl_c,Performance Testing,,50,subtopic,,,roadmap.sh:nilbuild/developer-roadmap@master
qa,qa,skrOrieK1T0hHj_mJBNsW,Stress Testing,,51,subtopic,,,roadmap.sh:nilbuild/developer-roadmap@master
qa,qa,MahtxMJD3ETHfgk_PQabQ,Security Testing,,52,subtopic,,,roadmap.sh:nilbuild/developer-roadmap@master
qa,qa,zGzpjxz3nvVH9Eu3NOPbk,Accessibility Testing,,53,subtopic,,,roadmap.sh:nilbuild/developer-roadmap@master
qa,qa,vYIEsjTKoO1ciypGIDlil,Non-Functional Testing,,54,subtopic,,,roadmap.sh:nilbuild/developer-roadmap@master
qa,qa,o4xmFhw_ilWdhpCiEotck,Functional Testing,,55,subtopic,,,roadmap.sh:nilbuild/developer-roadmap@master
qa,qa,Ls_pezva7_ZW2HHn7RvO4,UAT,,56,subtopic,,,roadmap.sh:nilbuild/developer-roadmap@master
qa,qa,2h6mJeIFCU72J7aggTvnQ,Exploratory Testing,,57,subtopic,,,roadmap.sh:nilbuild/developer-roadmap@master
qa,qa,Lve3xpC1FU91TQqoDOYv7,Sanity Testing,,58,subtopic,,,roadmap.sh:nilbuild/developer-roadmap@master
qa,qa,XCeXiKvBblmDArfbWjDvw,Regression Testing,,59,subtopic,,,roadmap.sh:nilbuild/developer-roadmap@master
qa,qa,MVShii4LZiWW_gPTJzkty,Smoke Testing,,60,subtopic,,,roadmap.sh:nilbuild/developer-roadmap@master
qa,qa,PMO3M33U6RuvNdINvqIAA,Unit Testing,,61,subtopic,,,roadmap.sh:nilbuild/developer-roadmap@master
qa,qa,a_vwz-onn6QEoc27N6oBc,Integration Testing,,62,subtopic,,,roadmap.sh:nilbuild/developer-roadmap@master
qa,qa,Pb3QkhSCgRByJHuPxVAlU,SDLC Delivery Model,,63,topic,,,roadmap.sh:nilbuild/developer-roadmap@master
qa,qa,zELjfWwfEYSc1YO8JLoJn,V Model,,64,subtopic,,,roadmap.sh:nilbuild/developer-roadmap@master
qa,qa,7h-Xfp2Foiyn7-pI0w7ft,Waterfall,,65,subtopic,,,roadmap.sh:nilbuild/developer-roadmap@master
qa,qa,47NXgbc1OTGE06qXxlQoh,Agile Model,SDLC Delivery Model,66,subtopic,,,roadmap.sh:nilbuild/developer-roadmap@master
qa,qa,cJyQx-LBcOL11nkK-P2JH,Kanban,,67,subtopic,,,roadmap.sh:nilbuild/developer-roadmap@master
qa,qa,k3xPwDzA1WUEAwJ6-Q8PW,Scrum,,68,subtopic,,,roadmap.sh:nilbuild/developer-roadmap@master
qa,qa,4SLrNPD_No05CKeAVDFn5,XP,,69,subtopic,,,roadmap.sh:nilbuild/developer-roadmap@master
qa,qa,Tdj051ANlwwpo03X1hjbF,SAFe,,70,subtopic,,,roadmap.sh:nilbuild/developer-roadmap@master
qa,qa,daUEq4xlh4PIltSdiD4F2,Manual Testing,,71,topic,,,roadmap.sh:nilbuild/developer-roadmap@master
qa,qa,M78baCVYpsk7C6j-VPvPZ,TDD,,72,subtopic,,,roadmap.sh:nilbuild/developer-roadmap@master
qa,qa,2U8WRKkuF-YCEWtpgTspF,Test Planning,Manual Testing,73,subtopic,,,roadmap.sh:nilbuild/developer-roadmap@master
qa,qa,ELnCFVRkO_s5qI_3Yzf5U,Test Cases and Scenarios,Manual Testing,74,subtopic,,,roadmap.sh:nilbuild/developer-roadmap@master
qa,qa,RD0vRC-OL2ReYLT1leJMs,Compatibility,Manual Testing,75,subtopic,,,roadmap.sh:nilbuild/developer-roadmap@master
qa,qa,vP76hqx-8Pri7sxdJDGV5,Verification and Validation,Manual Testing,76,subtopic,,,roadmap.sh:nilbuild/developer-roadmap@master
qa,qa,pYkfl-4gMHRj9wIeH8RTP,"HTML, CSS, JavaScript",,77,subtopic,,,roadmap.sh:nilbuild/developer-roadmap@master
qa,qa,cHI05cf8fLh3XB1Bt6jNP,Browser / Dev Tools,,78,subtopic,,,roadmap.sh:nilbuild/developer-roadmap@master
qa,qa,jn02FD5hjhZFVWaJjjNN3,Ajax,,79,subtopic,http://data.europa.eu/esco/skill/b4dc6e4f-dc7d-445f-8ce2-d7b9d225e282,AJAX,roadmap.sh:nilbuild/developer-roadmap@master
qa,qa,qvlA7iIOvoWMXm5MCAysZ,Caching,,80,subtopic,,,roadmap.sh:nilbuild/developer-roadmap@master
qa,qa,_2IwBNhB5SqbPRxGhZyhq,"SWAs, PWAs, JAMStack",,81,subtopic,,,roadmap.sh:nilbuild/developer-roadmap@master
qa,qa,-2RU50LUPwCQ8XRaMslY-,CSR vs SSR,,82,subtopic,,,roadmap.sh:nilbuild/developer-roadmap@master
qa,qa,6cGPxfJ9ipij40hnmckxV,Responsive vs Adaptive,,83,subtopic,,,roadmap.sh:nilbuild/developer-roadmap@master
qa,qa,_3HfVT8IDlcgvUM4h6A0_,Selenium IDE,,84,subtopic,,,roadmap.sh:nilbuild/developer-roadmap@master
qa,qa,mX7bNNP7WjFdlsRK6qIgy,Ghost Inspector,,85,subtopic,,,roadmap.sh:nilbuild/developer-roadmap@master
qa,qa,wUq-qEIh-tazYhgQQUqGG,Bug Magnet,,86,subtopic,,,roadmap.sh:nilbuild/developer-roadmap@master
qa,qa,cFhOYHgq1_MUSXjDI_fFN,Webdriver.io,,87,subtopic,,,roadmap.sh:nilbuild/developer-roadmap@master
qa,qa,CHqfXjRRdS_c6XMnfVVx-,Playwright,,88,subtopic,,,roadmap.sh:nilbuild/developer-roadmap@master
qa,qa,414xO4PX9rU0f39aC7awu,QA Wolf,,89,subtopic,,,roadmap.sh:nilbuild/developer-roadmap@master
qa,qa,iQ7xwiA6xmbLyRIkI7tXM,Cypress,,90,subtopic,,,roadmap.sh:nilbuild/developer-roadmap@master
qa,qa,HP55XWH18THmCNjCq-gBl,Jasmine,,91,subtopic,,,roadmap.sh:nilbuild/developer-roadmap@master
qa,qa,Ta1leBdu-Y9LryB-0U-CT,Nightwatch,,92,subtopic,,,roadmap.sh:nilbuild/developer-roadmap@master
qa,qa,nf76o_NYm0-pSIVBFm7IH,Robot,,93,subtopic,,,roadmap.sh:nilbuild/developer-roadmap@master
qa,qa,s3HMrqNEVogftCIOZYO61,Selenium,,94,subtopic,http://data.europa.eu/esco/skill/7557f0f4-b8bc-4ac0-b91e-222ab1ba744f,tools for ICT test automation,roadmap.sh:nilbuild/developer-roadmap@master
qa,qa,ZeJSeYs8fkZLQ-Pc3TqEM,Jest,,95,subtopic,,,roadmap.sh:nilbuild/developer-roadmap@master
qa,qa,YKHlLKIlL-Y4ZtHTLfApu,Puppeteer,,96,subtopic,,,roadmap.sh:nilbuild/developer-roadmap@master
qa,qa,hU5OCnEe3tG206xuGsVFd,Frontend Automation,,98,topic,,,roadmap.sh:nilbuild/developer-roadmap@master
qa,qa,mPaMQ5h8ZcXKOfcuSwB2-,Backend Automation,,102,topic,,,roadmap.sh:nilbuild/developer-roadmap@master
qa,qa,5cMhZ-7YMQ6ccs-AaIi-0,Cypress,,103,subtopic,,,roadmap.sh:nilbuild/developer-roadmap@master
qa,qa,ZKOU7dWcrkKzTdt0wxwuO,Playwright,,104,subtopic,,,roadmap.sh:nilbuild/developer-roadmap@master
qa,qa,eE9F3YviSpmgor6V5NMj5,Soap UI,,105,subtopic,,,roadmap.sh:nilbuild/developer-roadmap@master
qa,qa,8zXn8R9OGWTmreBpstj03,Karateframework,,106,subtopic,,,roadmap.sh:nilbuild/developer-roadmap@master
qa,qa,X_nLwzc1QmShivEjfy6v9,Postman / Newman,,107,subtopic,,,roadmap.sh:nilbuild/developer-roadmap@master
qa,qa,gECIgOii7C5MzilSbQP9t,REST Assured,,108,subtopic,,,roadmap.sh:nilbuild/developer-roadmap@master
qa,qa,ITtBvrJ8dsW-5LQV8tWgO,Mobile Automation,,109,topic,,,roadmap.sh:nilbuild/developer-roadmap@master
qa,qa,stMeB1U3SfuefZ-yS8wGF,Espresso,,110,subtopic,,,roadmap.sh:nilbuild/developer-roadmap@master
qa,qa,gZnNHDjFMI003Od7u2RNa,Detox,,111,subtopic,,,roadmap.sh:nilbuild/developer-roadmap@master
qa,qa,UIKUiCfSw5MkrRJZ3Ah3x,Appium,,112,subtopic,,,roadmap.sh:nilbuild/developer-roadmap@master
qa,qa,Q6eNkuRI6dPa9X44pwrea,XCUITest,,113,subtopic,,,roadmap.sh:nilbuild/developer-roadmap@master
qa,qa,mmDIqSD6MU3ZhWREGI5E2,Accessibility Tests,,115,topic,,,roadmap.sh:nilbuild/developer-roadmap@master
qa,qa,Lb1ctvpMcKIvsC0WQ5q43,Wave,,116,subtopic,,,roadmap.sh:nilbuild/developer-roadmap@master
qa,qa,_4jJ8YQeLcaT-z38kxRRR,AXE,,117,subtopic,,,roadmap.sh:nilbuild/developer-roadmap@master
qa,qa,Xadg2WZTz6Cc_Ir9FsbgY,Chrome DevTools,,118,subtopic,,,roadmap.sh:nilbuild/developer-roadmap@master
qa,qa,wTfvbS62eyitDT8pLsVhj,Load & Performance Testing,,119,topic,,,roadmap.sh:nilbuild/developer-roadmap@master
qa,qa,fkUxhrP3LhtIVgIP9Dxar,Lighthouse,,120,subtopic,,,roadmap.sh:nilbuild/developer-roadmap@master
qa,qa,igbQfUpmMSKYyAOVkSCLM,Webpage Test,,121,subtopic,,,roadmap.sh:nilbuild/developer-roadmap@master
qa,qa,J1Yx1VcO20Lc3r3PdGpUW,Gatling,,122,subtopic,,,roadmap.sh:nilbuild/developer-roadmap@master
qa,qa,Jcp29_ASj9QZ_DjDBIapJ,K6,,123,subtopic,,,roadmap.sh:nilbuild/developer-roadmap@master
qa,qa,j1DYOQbIUT1tw_9WIPBkE,Artillery,,124,subtopic,,,roadmap.sh:nilbuild/developer-roadmap@master
qa,qa,LGZlOPNYQp0O_vapnciEI,Vegeta,,125,subtopic,,,roadmap.sh:nilbuild/developer-roadmap@master
qa,qa,UeeDNUPZ61_HHgcaF9-__,JMeter,,126,subtopic,,,roadmap.sh:nilbuild/developer-roadmap@master
qa,qa,QjAJIfSQe7WjbyYdGWSP8,Locust,,127,subtopic,,,roadmap.sh:nilbuild/developer-roadmap@master
qa,qa,wsJXMvRbOTh_VXKhmhPmQ,Security Testing,,128,topic,,,roadmap.sh:nilbuild/developer-roadmap@master
qa,qa,75-XdVA4BL6UrcvpC9grx,Authentication / Authorization,,129,subtopic,,,roadmap.sh:nilbuild/developer-roadmap@master
qa,qa,mKM27KrX1CEViOwz1EDtQ,Vulnerability Scanning,,130,subtopic,,,roadmap.sh:nilbuild/developer-roadmap@master
qa,qa,YV6ST78AH4J0i2Rw9zhZj,Secrets Management,,131,subtopic,,,roadmap.sh:nilbuild/developer-roadmap@master
qa,qa,JR-MkszNvv96-S3DpyLeX,OWASP 10,,132,subtopic,,,roadmap.sh:nilbuild/developer-roadmap@master
qa,qa,x3HEti8-xF9Mxe5ELBM9T,Attack Vectors,,133,subtopic,http://data.europa.eu/esco/skill/501537a7-9d63-491d-ae02-09f04767ff1e,attack vectors,roadmap.sh:nilbuild/developer-roadmap@master
qa,qa,G-F6jQTOAZ2kQ36F-VrBB,Email Testing,,134,topic,,,roadmap.sh:nilbuild/developer-roadmap@master
qa,qa,rFjtp3-cnaUmHiKfjPZBn,Mailinator,Email Testing,135,subtopic,,,roadmap.sh:nilbuild/developer-roadmap@master
qa,qa,mIM9ausl_tSUNPUerIfEr,Gmail Tester,,136,subtopic,,,roadmap.sh:nilbuild/developer-roadmap@master
qa,qa,MyAAsHteSr4JCPEpqjsy9,Reporting,,137,topic,,,roadmap.sh:nilbuild/developer-roadmap@master
qa,qa,o4nkmhEDGwi8yE6DSwZi5,TestRail,Reporting,138,subtopic,,,roadmap.sh:nilbuild/developer-roadmap@master
qa,qa,jaHOo-vZGjTnABxQKMT3_,Allure,Reporting,139,subtopic,,,roadmap.sh:nilbuild/developer-roadmap@master
qa,qa,5bNdrymdzqL0VbTqWt8r2,jUnit,Reporting,140,subtopic,,,roadmap.sh:nilbuild/developer-roadmap@master
qa,qa,pJvijtG-a0vOq16EFu3Gr,Monitoring & Logs,,141,topic,,,roadmap.sh:nilbuild/developer-roadmap@master
qa,qa,8CztIu0BOPZZRZsqR9asW,Grafana,Monitoring & Logs,142,subtopic,,,roadmap.sh:nilbuild/developer-roadmap@master
qa,qa,QnNUZQlQ2Jhv34daeIuW8,New Relic,Monitoring & Logs,143,subtopic,,,roadmap.sh:nilbuild/developer-roadmap@master
qa,qa,iceaqeXRYXoGtagWn_B7b,RunScope,Monitoring & Logs,144,subtopic,,,roadmap.sh:nilbuild/developer-roadmap@master
qa,qa,H-2wWlKxD_Q1xVv99GlBj,Sentry,Monitoring & Logs,145,subtopic,,,roadmap.sh:nilbuild/developer-roadmap@master
qa,qa,DCZyXcx8H2MTPcyKOhn2_,Kibana,Monitoring & Logs,146,subtopic,,,roadmap.sh:nilbuild/developer-roadmap@master
qa,qa,Y2I_dcVZb4xZremXoajjx,Datadog,Monitoring & Logs,147,subtopic,,,roadmap.sh:nilbuild/developer-roadmap@master
qa,qa,DJDegO78Elo83eHjq8IHN,Pager Duty,Monitoring & Logs,148,subtopic,,,roadmap.sh:nilbuild/developer-roadmap@master
qa,qa,s8o5fXu3XHrMduh8snLwu,Version Control System,,149,topic,,,roadmap.sh:nilbuild/developer-roadmap@master
qa,qa,WrqKdOTRUiOnc1aIhTZeB,Git,Version Control System,150,subtopic,http://data.europa.eu/esco/skill/9d2e926f-53d9-41f5-98f3-19dfaa687f3f,tools for software configuration management,roadmap.sh:nilbuild/developer-roadmap@master
qa,qa,M6v8VUpVtw5blU2gi4F2r,Repo Hosting Services,,151,topic,,,roadmap.sh:nilbuild/developer-roadmap@master
qa,qa,v4gjV1qolrFXdESrY9bzG,GitHub,,152,subtopic,,,roadmap.sh:nilbuild/developer-roadmap@master
qa,qa,4xlbvY7NS3cemSZsEQAkD,Bitbucket,,153,subtopic,,,roadmap.sh:nilbuild/developer-roadmap@master
qa,qa,RfwyTgwfb_xu5H9N-8_s9,GitLab,,154,subtopic,,,roadmap.sh:nilbuild/developer-roadmap@master
qa,qa,-n2yAprKdWg3YVi2vp25d,CI / CD,,155,topic,,,roadmap.sh:nilbuild/developer-roadmap@master
qa,qa,z1kZkWTL_RRPZY59aWylU,Circle CI,,156,subtopic,,,roadmap.sh:nilbuild/developer-roadmap@master
qa,qa,3oDyxhhbCCqxuCh1sT9VC,Drone,,157,subtopic,,,roadmap.sh:nilbuild/developer-roadmap@master
qa,qa,3l2dkN1vBy9johFhAgZhT,Jenkins,,158,subtopic,http://data.europa.eu/esco/skill/f47a1998-0beb-43be-9f46-380aa4d183da,Jenkins (tools for software configuration management),roadmap.sh:nilbuild/developer-roadmap@master
qa,qa,Rz1E97EQCxESu44dTQd5t,Travis CI,,159,subtopic,,,roadmap.sh:nilbuild/developer-roadmap@master
qa,qa,iW3oaTl7c3a1kNlCKy-13,GitLab CI,,160,subtopic,,,roadmap.sh:nilbuild/developer-roadmap@master
qa,qa,j4J5OhHEf7t-LVNkNVW3M,Bamboo,,161,subtopic,,,roadmap.sh:nilbuild/developer-roadmap@master
qa,qa,k3TBVtepeQEGzKGceDkPJ,TeamCity,CI / CD,162,subtopic,,,roadmap.sh:nilbuild/developer-roadmap@master
qa,qa,u0tKd7HZVN2gGv9Cz3jHz,Azure DevOps Services,,163,subtopic,,,roadmap.sh:nilbuild/developer-roadmap@master
qa,qa,Pm-Wx7Z3jCUFcafetsQYi,Headless Testing,,164,topic,,,roadmap.sh:nilbuild/developer-roadmap@master
qa,qa,XoYsStVqfMeCHkGBlbRhD,Repo Hosting Services,,165,topic,,,roadmap.sh:nilbuild/developer-roadmap@master
qa,qa,m0gT774b59xsSJKrrjTxq,Zombie.js,Headless Testing,166,subtopic,,,roadmap.sh:nilbuild/developer-roadmap@master
qa,qa,sHyFCf7XQKxGxchaYxp2B,Puppeteer,,167,subtopic,,,roadmap.sh:nilbuild/developer-roadmap@master
qa,qa,0TUq4KRbWTLsLuYI9sgi0,Playwright,,168,subtopic,,,roadmap.sh:nilbuild/developer-roadmap@master
qa,qa,D7zGshmgwqWluF-W7OTWe,Cypress,Headless Testing,169,subtopic,,,roadmap.sh:nilbuild/developer-roadmap@master
qa,qa,JO--NVMs3saUNjh3mcd7z,Headless Chrome,Headless Testing,170,subtopic,,,roadmap.sh:nilbuild/developer-roadmap@master
qa,qa,ryoSezFNeiunCAZygCbaQ,Headless Fox,Headless Testing,171,subtopic,,,roadmap.sh:nilbuild/developer-roadmap@master
qa,qa,-Sf7DLr8Ywoorrmsx3bfd,HTML Unit,Headless Testing,172,subtopic,,,roadmap.sh:nilbuild/developer-roadmap@master
cyber-security,security,oimYzZYFXKjgvc7D4c-2u,Fundamental IT Skills,,26,topic,,,roadmap.sh:nilbuild/developer-roadmap@master
cyber-security,security,Ih0YZt8u9vDwYo8y1t41n,Computer Hardware Components,,28,subtopic,,,roadmap.sh:nilbuild/developer-roadmap@master
cyber-security,security,F1QVCEmGkgvz-_H5lTxY2,Connection Types and their function,,29,subtopic,,,roadmap.sh:nilbuild/developer-roadmap@master
cyber-security,security,pJUhQin--BGMuXHPwx3JJ,OS-Independent Troubleshooting,,30,subtopic,,,roadmap.sh:nilbuild/developer-roadmap@master
cyber-security,security,_7RjH4Goi0x6Noy6za0rP,Understand Basics of Popular Suites,,31,subtopic,,,roadmap.sh:nilbuild/developer-roadmap@master
cyber-security,security,T0aU8ZQGShmF9uXhWY4sD,Basics of Computer Networking,,32,subtopic,,,roadmap.sh:nilbuild/developer-roadmap@master
cyber-security,security,hwAUFLYpc_ftCfXq95dey,NFC,,33,subtopic,,,roadmap.sh:nilbuild/developer-roadmap@master
cyber-security,security,fUBNKHNPXbemRYrnzH3VT,WiFi,,34,subtopic,,,roadmap.sh:nilbuild/developer-roadmap@master
cyber-security,security,DbWf5LdqiByPiJa4xHtl_,Bluetooth,,35,subtopic,,,roadmap.sh:nilbuild/developer-roadmap@master
cyber-security,security,KsZ63c3KQLLn373c5CZnp,Infrared,,36,subtopic,,,roadmap.sh:nilbuild/developer-roadmap@master
cyber-security,security,E7yfALgu9E2auOYDOTmex,iCloud,,37,subtopic,,,roadmap.sh:nilbuild/developer-roadmap@master
cyber-security,security,IOK_FluAv34j3Tj_NvwdO,Google Suite,,38,subtopic,,,roadmap.sh:nilbuild/developer-roadmap@master
cyber-security,security,-5haJATqlmj0SFSFAqN6A,MS Office Suite,,39,subtopic,,,roadmap.sh:nilbuild/developer-roadmap@master
cyber-security,security,wkuE_cChPZT2MHyGjUuU4,HackTheBox,,41,subtopic,,,roadmap.sh:nilbuild/developer-roadmap@master
cyber-security,security,kht-L7_v-DbglMYUHuchp,TryHackMe,,42,subtopic,,,roadmap.sh:nilbuild/developer-roadmap@master
cyber-security,security,W94wY_otBuvVW_-EFlKA6,VulnHub,,43,subtopic,,,roadmap.sh:nilbuild/developer-roadmap@master
cyber-security,security,pou5xHwnz9Zsy5J6lNlKq,picoCTF,,44,subtopic,,,roadmap.sh:nilbuild/developer-roadmap@master
cyber-security,security,WCeJrvWl837m1BIjuA1Mu,SANS Holiday Hack Challenge,,45,subtopic,,,roadmap.sh:nilbuild/developer-roadmap@master
cyber-security,security,lbAgU5lR1O7L_5mCbNz_D,CompTIA A+,,48,subtopic,,,roadmap.sh:nilbuild/developer-roadmap@master
cyber-security,security,p34Qwlj2sjwEPR2ay1WOK,CompTIA Linux+,,49,subtopic,,,roadmap.sh:nilbuild/developer-roadmap@master
cyber-security,security,4RGbNOfMPDbBcvUFWTTCV,CompTIA Network+,,50,subtopic,,,roadmap.sh:nilbuild/developer-roadmap@master
cyber-security,security,4RD22UZATfL8dc71YkJwQ,CCNA,,51,subtopic,,,roadmap.sh:nilbuild/developer-roadmap@master
cyber-security,security,AxeDcKK3cUtEojtHQPBw7,CompTIA Security+,,52,subtopic,,,roadmap.sh:nilbuild/developer-roadmap@master
cyber-security,security,AAo7DXB7hyBzO6p05gx1i,CEH,,54,subtopic,,,roadmap.sh:nilbuild/developer-roadmap@master
cyber-security,security,lqFp4VLY_S-5tAbhNQTew,CISA,,55,subtopic,,,roadmap.sh:nilbuild/developer-roadmap@master
cyber-security,security,s86x24SHPEbbOB9lYNU-w,CISM,,56,subtopic,,,roadmap.sh:nilbuild/developer-roadmap@master
cyber-security,security,nlmATCTgHoIoMcEOW8bUW,GSEC,,57,subtopic,,,roadmap.sh:nilbuild/developer-roadmap@master
cyber-security,security,t4h9rEKWz5Us0qJKXhxlX,GPEN,,58,subtopic,,,roadmap.sh:nilbuild/developer-roadmap@master
cyber-security,security,rwniCTWfYpKP5gi02Pa9f,GWAPT,,59,subtopic,,,roadmap.sh:nilbuild/developer-roadmap@master
cyber-security,security,ZiUT-lyIBfHTzG-dwSy96,GIAC,,60,subtopic,,,roadmap.sh:nilbuild/developer-roadmap@master
cyber-security,security,SwVGVP2bbCFs2uNg9Qtxb,OSCP,,61,subtopic,,,roadmap.sh:nilbuild/developer-roadmap@master
cyber-security,security,rA1skdztev3-8VmAtIlmr,CREST,,62,subtopic,,,roadmap.sh:nilbuild/developer-roadmap@master
cyber-security,security,BqvijNoRzSGYLCMP-6hhr,CISSP,,63,subtopic,,,roadmap.sh:nilbuild/developer-roadmap@master
cyber-security,security,UY6xdt_V3YMkZxZ1hZLvW,Operating Systems,,64,topic,http://data.europa.eu/esco/skill/f9a6f35b-01a7-40c9-8b61-b6ee46f97272,operating systems,roadmap.sh:nilbuild/developer-roadmap@master
cyber-security,security,BNUKEQ4YpZmIhSPQdkHgU,Windows,,65,subtopic,,,roadmap.sh:nilbuild/developer-roadmap@master
cyber-security,security,4frVcjYI1VlVU9hQgpwcT,Linux,,66,subtopic,,,roadmap.sh:nilbuild/developer-roadmap@master
cyber-security,security,dztwr-DSckggQbcNIi4_2,MacOS,,67,subtopic,,,roadmap.sh:nilbuild/developer-roadmap@master
cyber-security,security,02aaEP9E5tlefeGBxf_Rj,Installation and Configuration,,68,subtopic,,,roadmap.sh:nilbuild/developer-roadmap@master
cyber-security,security,yXOGqlufAZ69uiBzKFfh6,Different Versions and Differences,,69,subtopic,,,roadmap.sh:nilbuild/developer-roadmap@master
cyber-security,security,MGitS_eJBoY99zOR-W3F4,Navigating using GUI and CLI,,70,subtopic,,,roadmap.sh:nilbuild/developer-roadmap@master
cyber-security,security,bTfL7cPOmBBFl-eHxUJI6,Understand Permissions,,71,subtopic,,,roadmap.sh:nilbuild/developer-roadmap@master
cyber-security,security,Ot3LGpM-CT_nKsNqIKIye,Installing Software and Applications,,72,subtopic,,,roadmap.sh:nilbuild/developer-roadmap@master
cyber-security,security,zRXyoJMap9irOYo3AdHE8,Performing CRUD on Files,,73,subtopic,,,roadmap.sh:nilbuild/developer-roadmap@master
cyber-security,security,xeRWOX1fWQDLNLWMAFTEe,Troubleshooting,,74,subtopic,,,roadmap.sh:nilbuild/developer-roadmap@master
cyber-security,security,WDrSO7wBNn-2jB8mcyT7j,Common Commands,,75,subtopic,,,roadmap.sh:nilbuild/developer-roadmap@master
cyber-security,security,gSLr-Lc119eX9Ig-kDzJ2,Networking Knowledge,,77,topic,,,roadmap.sh:nilbuild/developer-roadmap@master
cyber-security,security,OXUd1UPPsBhNoUGLKZJGV,Understand the OSI Model,,78,subtopic,,,roadmap.sh:nilbuild/developer-roadmap@master
cyber-security,security,ViF-mpR17MB3_KJ1rV8mS,Common Protocols and their Uses,,79,subtopic,,,roadmap.sh:nilbuild/developer-roadmap@master
cyber-security,security,0tx2QYDYXhm85iYrCWd9U,Common Ports and their Uses,,80,subtopic,,,roadmap.sh:nilbuild/developer-roadmap@master
cyber-security,security,dJ0NUsODFhk52W2zZxoPh,SSL and TLS Basics,,81,subtopic,,,roadmap.sh:nilbuild/developer-roadmap@master
cyber-security,security,umbMBQ0yYmB5PgWfY6zfO,Basics of NAS and SAN,,82,subtopic,,,roadmap.sh:nilbuild/developer-roadmap@master
cyber-security,security,E8Z7qFFW-I9ivr0HzoXCq,Basics of Subnetting,,83,subtopic,,,roadmap.sh:nilbuild/developer-roadmap@master
cyber-security,security,2nQfhnvBjJg1uDZ28aE4v,Public vs Private IP Addresses,,84,subtopic,,,roadmap.sh:nilbuild/developer-roadmap@master
cyber-security,security,0TWwox-4pSwuXojI8ixFO,localhost,,86,subtopic,,,roadmap.sh:nilbuild/developer-roadmap@master
cyber-security,security,W_oloLu2Euz5zRSy7v_T8,loopback,,87,subtopic,,,roadmap.sh:nilbuild/developer-roadmap@master
cyber-security,security,PPIH1oHW4_ZDyD3U3shDg,CIDR,,88,subtopic,,,roadmap.sh:nilbuild/developer-roadmap@master
cyber-security,security,f-v8qtweWXFY_Ryo3oYUF,subnet mask,,89,subtopic,,,roadmap.sh:nilbuild/developer-roadmap@master
cyber-security,security,5rKaFtjYx0n2iF8uTLs8X,default gateway,,90,subtopic,,,roadmap.sh:nilbuild/developer-roadmap@master
cyber-security,security,d5Cv3EXf6OXW19yPJ4x6e,VLAN,,92,subtopic,,,roadmap.sh:nilbuild/developer-roadmap@master
cyber-security,security,gfpvDQz61I3zTB7tGu7vp,DMZ,,93,subtopic,,,roadmap.sh:nilbuild/developer-roadmap@master
cyber-security,security,M52V7hmG4ORf4TIVw3W3J,ARP,,94,subtopic,,,roadmap.sh:nilbuild/developer-roadmap@master
cyber-security,security,ZTC5bLWEIQcdmowc7sk_E,VM,,95,subtopic,,,roadmap.sh:nilbuild/developer-roadmap@master
cyber-security,security,T4312p70FqRBkzVfWKMaR,DHCP,,96,subtopic,,,roadmap.sh:nilbuild/developer-roadmap@master
cyber-security,security,ORIdKG8H97VkBUYpiDtXf,DNS,,97,subtopic,http://data.europa.eu/esco/skill/071233c4-ad2b-4f50-b79f-768d2231163e,domain name service,roadmap.sh:nilbuild/developer-roadmap@master
cyber-security,security,Kkd3f_0OYNCdpDgrJ-_Ju,NAT,,98,subtopic,,,roadmap.sh:nilbuild/developer-roadmap@master
cyber-security,security,FdoqB2---uDAyz6xZjk_u,IP,,99,subtopic,,,roadmap.sh:nilbuild/developer-roadmap@master
cyber-security,security,lwSFIbIX-xOZ0QK2sGFb1,Router,,100,subtopic,,,roadmap.sh:nilbuild/developer-roadmap@master
cyber-security,security,r9byGV8XuBPzoqj5ZPf2W,Switch,,101,subtopic,,,roadmap.sh:nilbuild/developer-roadmap@master
cyber-security,security,gTozEpxJeG1NTkVBHH-05,VPN,,102,subtopic,,,roadmap.sh:nilbuild/developer-roadmap@master
cyber-security,security,LrwTMH_1fTd8iB9wJg-0t,MAN,,103,subtopic,,,roadmap.sh:nilbuild/developer-roadmap@master
cyber-security,security,xWxusBtMEWnd-6n7oqjHz,LAN,,104,subtopic,,,roadmap.sh:nilbuild/developer-roadmap@master
cyber-security,security,vCkTJMkDXcQmwsmeNUAX5,WAN,,105,subtopic,,,roadmap.sh:nilbuild/developer-roadmap@master
cyber-security,security,QCVYF1rmPsMVtklBNDNaB,WLAN,,106,subtopic,,,roadmap.sh:nilbuild/developer-roadmap@master
cyber-security,security,R5HEeh6jwpQDo27rz1KSH,DHCP,,109,subtopic,,,roadmap.sh:nilbuild/developer-roadmap@master
cyber-security,security,r1IKvhpwg2umazLGlQZL1,DNS,,110,subtopic,http://data.europa.eu/esco/skill/071233c4-ad2b-4f50-b79f-768d2231163e,domain name service,roadmap.sh:nilbuild/developer-roadmap@master
cyber-security,security,tf0TymdPHbplDHvuVIIh4,NTP,,111,subtopic,,,roadmap.sh:nilbuild/developer-roadmap@master
cyber-security,security,hN8p5YBcSaPm-byQUIz8L,IPAM,,112,subtopic,,,roadmap.sh:nilbuild/developer-roadmap@master
cyber-security,security,P0ZhAXd_H-mTOMr13Ag31,Star,,115,subtopic,,,roadmap.sh:nilbuild/developer-roadmap@master
cyber-security,security,9vEUVJ8NTh0wKyIE6-diY,Ring,,116,subtopic,,,roadmap.sh:nilbuild/developer-roadmap@master
cyber-security,security,PYeF15e7iVB9seFrrO7W6,Mesh,,117,subtopic,,,roadmap.sh:nilbuild/developer-roadmap@master
cyber-security,security,0DWh4WmLK_ENDuqQmQcu4,Bus,,118,subtopic,,,roadmap.sh:nilbuild/developer-roadmap@master
cyber-security,security,8Mog890Lj-gVBpWa05EzT,SSH,,121,subtopic,,,roadmap.sh:nilbuild/developer-roadmap@master
cyber-security,security,Ia6M1FKPNpqLDiWx7CwDh,RDP,,122,subtopic,,,roadmap.sh:nilbuild/developer-roadmap@master
cyber-security,security,ftYYMxRpVer-jgSswHLNa,FTP,,123,subtopic,,,roadmap.sh:nilbuild/developer-roadmap@master
cyber-security,security,YEy6o-clTBKZp1yOkLwNb,SFTP,,124,subtopic,,,roadmap.sh:nilbuild/developer-roadmap@master
cyber-security,security,3Awm221OJHxXNLiL9yxfd,HTTP / HTTPS,,126,subtopic,,,roadmap.sh:nilbuild/developer-roadmap@master
cyber-security,security,LKK1A5-xawA7yCIAWHS8P,SSL / TLS,,127,subtopic,,,roadmap.sh:nilbuild/developer-roadmap@master
cyber-security,security,AjywuCZdBi9atGUbetlUL,VMWare,,128,subtopic,,,roadmap.sh:nilbuild/developer-roadmap@master
cyber-security,security,vGVFhZXYOZOy4qFpLLbxp,VirtualBox,,129,subtopic,,,roadmap.sh:nilbuild/developer-roadmap@master
cyber-security,security,BisNooct1vJDKaBKsGR7_,esxi,,130,subtopic,,,roadmap.sh:nilbuild/developer-roadmap@master
cyber-security,security,jqX1A5hFF3Qznqup4lfiF,proxmox,,131,subtopic,,,roadmap.sh:nilbuild/developer-roadmap@master
cyber-security,security,CIoLaRv5I3sCr9tBnZHEi,Hypervisor,,133,subtopic,,,roadmap.sh:nilbuild/developer-roadmap@master
cyber-security,security,251sxqoHggQ4sZ676iX5w,VM,,134,subtopic,,,roadmap.sh:nilbuild/developer-roadmap@master
cyber-security,security,LocGETHz6ANYinNd5ZLsS,GuestOS,,135,subtopic,,,roadmap.sh:nilbuild/developer-roadmap@master
cyber-security,security,p7w3C94xjLwSMm5qA8XlL,HostOS,,136,subtopic,,,roadmap.sh:nilbuild/developer-roadmap@master
cyber-security,security,tk4iG5i1Ml9w9KRO1tGJU,nslookup,,139,subtopic,,,roadmap.sh:nilbuild/developer-roadmap@master
cyber-security,security,jr8JlyqmN3p7Ol3_kD9AH,iptables,,140,subtopic,,,roadmap.sh:nilbuild/developer-roadmap@master
cyber-security,security,k6UX0BJho5arjGD2RWPgH,Packet Sniffers,,141,subtopic,,,roadmap.sh:nilbuild/developer-roadmap@master
cyber-security,security,u-6xuZUyOrogh1bU4cwER,ipconfig,,142,subtopic,,,roadmap.sh:nilbuild/developer-roadmap@master
cyber-security,security,2M3PRbGzo14agbEPe32ww,netstat,,143,subtopic,,,roadmap.sh:nilbuild/developer-roadmap@master
cyber-security,security,iJRQHzh5HXADuWpCouwxv,Port Scanners,,144,subtopic,,,roadmap.sh:nilbuild/developer-roadmap@master
cyber-security,security,GuuY-Q6FZzfspB3wrH64r,ping,,145,subtopic,,,roadmap.sh:nilbuild/developer-roadmap@master
cyber-security,security,D2YYv1iTRGken75sHO0Gt,dig,,146,subtopic,,,roadmap.sh:nilbuild/developer-roadmap@master
cyber-security,security,hkO3Ga6KctKODr4gos6qX,arp,,147,subtopic,,,roadmap.sh:nilbuild/developer-roadmap@master
cyber-security,security,K05mEAsjImyPge0hDtsU0,Protocol Analyzers,,148,subtopic,,,roadmap.sh:nilbuild/developer-roadmap@master
cyber-security,security,xqwIEyGfdZFxk6QqbPswe,nmap,,149,subtopic,http://data.europa.eu/esco/skill/de586dcf-d7e5-4340-bf5b-d59026f1b436,penetration testing tool,roadmap.sh:nilbuild/developer-roadmap@master
cyber-security,security,xFuWk7M-Vctk_xb7bHbWs,route,,150,subtopic,,,roadmap.sh:nilbuild/developer-roadmap@master
cyber-security,security,y8GaUNpaCT1Ai88wPOk6d,tcpdump,,151,subtopic,,,roadmap.sh:nilbuild/developer-roadmap@master
cyber-security,security,cSz9Qx3PGwmhq3SSKYKfg,tracert,,152,subtopic,,,roadmap.sh:nilbuild/developer-roadmap@master
cyber-security,security,lG6afUOx3jSQFxbH92otL,Kerberos,,153,subtopic,,,roadmap.sh:nilbuild/developer-roadmap@master
cyber-security,security,lV3swvD6QGLmD9iVfbKIF,LDAP,,154,subtopic,http://data.europa.eu/esco/skill/a57a54b6-2f2e-43e4-9621-b52f4a63cb08,LDAP,roadmap.sh:nilbuild/developer-roadmap@master
cyber-security,security,xL32OqDKm6O043TYgVV1r,SSO,,155,subtopic,,,roadmap.sh:nilbuild/developer-roadmap@master
cyber-security,security,tH3RLnJseqOzRIbZMklHD,RADIUS,,156,subtopic,,,roadmap.sh:nilbuild/developer-roadmap@master
cyber-security,security,WXRaVCYwuGQsjJ5wyvbea,Certificates,,157,subtopic,,,roadmap.sh:nilbuild/developer-roadmap@master
cyber-security,security,vYvFuz7lAJXZ1vK_4999a,Local Auth,,158,subtopic,,,roadmap.sh:nilbuild/developer-roadmap@master
cyber-security,security,_hYN0gEi9BL24nptEtXWU,Security Skills and Knowledge,,160,topic,,,roadmap.sh:nilbuild/developer-roadmap@master
cyber-security,security,rzY_QsvnC1shDTPQ-til0,Understand Common Hacking Tools,,163,subtopic,,,roadmap.sh:nilbuild/developer-roadmap@master
cyber-security,security,Lg7mz4zeCToEzZBFxYuaU,Understand Common Exploit Frameworks,,164,subtopic,,,roadmap.sh:nilbuild/developer-roadmap@master
cyber-security,security,Rae-f9DHDZuwIwW6eRtKF,Understand Concept of Defense in Depth,,165,subtopic,,,roadmap.sh:nilbuild/developer-roadmap@master
cyber-security,security,Ec6EairjFJLCHc7b-1xxe,Understand Concept of Runbooks,,166,subtopic,,,roadmap.sh:nilbuild/developer-roadmap@master
cyber-security,security,7KLGFfco-hw7a62kXtS3d,Understand Basics of Forensics,,167,subtopic,,,roadmap.sh:nilbuild/developer-roadmap@master
cyber-security,security,_x3BgX93N-Pt1_JK7wk0p,Basics and Concepts of Threat Hunting,,168,subtopic,,,roadmap.sh:nilbuild/developer-roadmap@master
cyber-security,security,lcxAXtO6LoGd85nOFnLo8,Basics of Vulnerability Management,,169,subtopic,,,roadmap.sh:nilbuild/developer-roadmap@master
cyber-security,security,uoGA4T_-c-2ip_zfEUcJJ,Basics of Reverse Engineering,,170,subtopic,,,roadmap.sh:nilbuild/developer-roadmap@master
cyber-security,security,NkAAQikwH-A6vrF8fWpuB,Penetration Testing Rules of Engagement,,171,subtopic,,,roadmap.sh:nilbuild/developer-roadmap@master
cyber-security,security,PUgPgpKio4Npzs86qEXa7,Perimiter vs DMZ vs Segmentation,,172,subtopic,,,roadmap.sh:nilbuild/developer-roadmap@master
cyber-security,security,HavEL0u65ZxHt92TfbLzk,Core Concepts of Zero Trust,,173,subtopic,,,roadmap.sh:nilbuild/developer-roadmap@master
cyber-security,security,kqT0FRLt9Ak9P8PhHldO-,Roles of Compliance and Auditors,,174,subtopic,,,roadmap.sh:nilbuild/developer-roadmap@master
cyber-security,security,ggAja18sBUUdCfVsT0vCv,Understand the Definition of Risk,,175,subtopic,,,roadmap.sh:nilbuild/developer-roadmap@master
cyber-security,security,9asy3STW4oTYYHcUazaRj,Understand Backups and Resiliency,,176,subtopic,,,roadmap.sh:nilbuild/developer-roadmap@master
cyber-security,security,H38Vb7xvuBJXVzgPBdRdT,Cyber Kill Chain,,177,subtopic,,,roadmap.sh:nilbuild/developer-roadmap@master
cyber-security,security,pnfVrOjDeG1uYAeqHxhJP,MFA & 2FA,,178,subtopic,,,roadmap.sh:nilbuild/developer-roadmap@master
cyber-security,security,_S25EOGS3P8647zLM5i-g,Operating System Hardening,,179,subtopic,,,roadmap.sh:nilbuild/developer-roadmap@master
cyber-security,security,aDF7ZcOX9uR8l0W4aqhYn,Understand Concept of Isolation,,180,subtopic,,,roadmap.sh:nilbuild/developer-roadmap@master
cyber-security,security,FJsEBOFexbDyAj86XWBCc,Basics of IDS and IPS,,181,subtopic,,,roadmap.sh:nilbuild/developer-roadmap@master
cyber-security,security,bj5YX8zhlam0yoNckL8e4,Honeypots,,182,subtopic,,,roadmap.sh:nilbuild/developer-roadmap@master
cyber-security,security,WG7DdsxESm31VcLFfkVTz,Authentication vs Authorization,,183,subtopic,,,roadmap.sh:nilbuild/developer-roadmap@master
cyber-security,security,7tDxTcKJNAUxbHLPCnPFO,Blue / Red / Purple Teams,Security Skills and Knowledge,184,subtopic,,,roadmap.sh:nilbuild/developer-roadmap@master
cyber-security,security,XwRCZf-yHJsXVjaRfb3R4,False Negative / False Positive,,185,subtopic,,,roadmap.sh:nilbuild/developer-roadmap@master
cyber-security,security,M6uwyD4ibguxytf1od-og,True Negative / True Positive,,186,subtopic,,,roadmap.sh:nilbuild/developer-roadmap@master
cyber-security,security,wN5x5pY53B8d0yopa1z8F,"Basics of Threat Intel, OSINT",,187,subtopic,,,roadmap.sh:nilbuild/developer-roadmap@master
cyber-security,security,zQx_VUS1zRmF4zCGjJD5-,Understand Handshakes,,188,subtopic,,,roadmap.sh:nilbuild/developer-roadmap@master
cyber-security,security,uz6ELaLEu9U4fHVfnQiOa,Understand CIA Triad,,189,subtopic,,,roadmap.sh:nilbuild/developer-roadmap@master
cyber-security,security,cvI8-sxY5i8lpelW9iY_5,Privilege Escalation,,190,subtopic,,,roadmap.sh:nilbuild/developer-roadmap@master
cyber-security,security,fyOYVqiBqyKC4aqc6-y0q,Web Based Attacks and OWASP10,,191,subtopic,,,roadmap.sh:nilbuild/developer-roadmap@master
cyber-security,security,v7CD_sHqLWbm9ibXXESIK,Learn how Malware works and Types,,192,subtopic,,,roadmap.sh:nilbuild/developer-roadmap@master
cyber-security,security,Hoou7kWyfB2wx_yFHug_H,nmap,,194,subtopic,http://data.europa.eu/esco/skill/de586dcf-d7e5-4340-bf5b-d59026f1b436,penetration testing tool,roadmap.sh:nilbuild/developer-roadmap@master
cyber-security,security,jJtS0mgCYc0wbjuXssDRO,tracert,,195,subtopic,,,roadmap.sh:nilbuild/developer-roadmap@master
cyber-security,security,OUarb1oS1-PX_3OXNR0rV,nslookup,,196,subtopic,,,roadmap.sh:nilbuild/developer-roadmap@master
cyber-security,security,W7iQUCjODGYgE4PjC5TZI,curl,,197,subtopic,http://data.europa.eu/esco/skill/21d2f96d-35f7-4e3f-9745-c533d2dd6e97,computer programming,roadmap.sh:nilbuild/developer-roadmap@master
cyber-security,security,Cclbt4bNfkHwFwZOvJuLK,hping,,198,subtopic,,,roadmap.sh:nilbuild/developer-roadmap@master
cyber-security,security,yfTpp-ePuDB931FnvNB-Y,ping,,199,subtopic,,,roadmap.sh:nilbuild/developer-roadmap@master
cyber-security,security,fzdZF-nzIL69kaA7kwOCn,arp,,200,subtopic,,,roadmap.sh:nilbuild/developer-roadmap@master
cyber-security,security,D2ptX6ja_HvFEafMIzWOy,cat,,201,subtopic,,,roadmap.sh:nilbuild/developer-roadmap@master
cyber-security,security,9xbU_hrEOUtMm-Q09Fe6t,dd,,202,subtopic,,,roadmap.sh:nilbuild/developer-roadmap@master
cyber-security,security,VNmrb5Dm4UKUgL8JBfhnE,head,,203,subtopic,,,roadmap.sh:nilbuild/developer-roadmap@master
cyber-security,security,Dfz-6aug0juUpMmOJLCJ9,grep,,204,subtopic,,,roadmap.sh:nilbuild/developer-roadmap@master
cyber-security,security,Sm9bxKUElINHND8FdZ5f2,wireshark,,205,subtopic,http://data.europa.eu/esco/skill/8fa510d0-a8a6-4932-a361-00f8442cfe23,Wireshark,roadmap.sh:nilbuild/developer-roadmap@master
cyber-security,security,gNan93Mg9Ym2AF3Q2gqoi,winhex,,206,subtopic,,,roadmap.sh:nilbuild/developer-roadmap@master
cyber-security,security,wspNQPmqWRjKoFm6x_bVw,memdump,,207,subtopic,,,roadmap.sh:nilbuild/developer-roadmap@master
cyber-security,security,_jJhL1RtaqHJmlcWrd-Ak,FTK Imager,,208,subtopic,,,roadmap.sh:nilbuild/developer-roadmap@master
cyber-security,security,bIwpjIoxSUZloxDuQNpMu,autopsy,,209,subtopic,,,roadmap.sh:nilbuild/developer-roadmap@master
cyber-security,security,XyaWZZ45axJMKXoWwsyFj,dig,,210,subtopic,,,roadmap.sh:nilbuild/developer-roadmap@master
cyber-security,security,762Wf_Eh-3zq69CZZiIjR,tail,,211,subtopic,,,roadmap.sh:nilbuild/developer-roadmap@master
cyber-security,security,IXNGFF4sOFbQ_aND-ELK0,ipconfig,,212,subtopic,,,roadmap.sh:nilbuild/developer-roadmap@master
cyber-security,security,jqWhR6oTyX6yolUBv71VC,Salting,,214,subtopic,,,roadmap.sh:nilbuild/developer-roadmap@master
cyber-security,security,0UZmAECMnfioi-VeXcvg8,Hashing,,215,subtopic,,,roadmap.sh:nilbuild/developer-roadmap@master
cyber-security,security,rmR6HJqEhHDgX55Xy5BAW,Key Exchange,,216,subtopic,,,roadmap.sh:nilbuild/developer-roadmap@master
cyber-security,security,fxyJxrf3mnFTa3wXk1MCW,PKI,,217,subtopic,,,roadmap.sh:nilbuild/developer-roadmap@master
cyber-security,security,7svh9qaaPp0Hz23yinIye,Private vs Public Keys,,218,subtopic,,,roadmap.sh:nilbuild/developer-roadmap@master
cyber-security,security,kxlg6rpfqqoBfmMMg3EkJ,Obfuscation,,219,subtopic,,,roadmap.sh:nilbuild/developer-roadmap@master
cyber-security,security,auR7fNyd77W2UA-PjXeJS,ATT&CK,,221,subtopic,,,roadmap.sh:nilbuild/developer-roadmap@master
cyber-security,security,7Bmp4x6gbvWMuVDdGRUGj,Kill Chain,,222,subtopic,,,roadmap.sh:nilbuild/developer-roadmap@master
cyber-security,security,AY-hoPGnAZSd1ExaYX8LR,Diamond Model,,223,subtopic,,,roadmap.sh:nilbuild/developer-roadmap@master
cyber-security,security,oRssaVG-K-JwlL6TAHhXw,ISO,,225,subtopic,,,roadmap.sh:nilbuild/developer-roadmap@master
cyber-security,security,SOkJUTd1NUKSwYMIprv4m,NIST,,226,subtopic,,,roadmap.sh:nilbuild/developer-roadmap@master
cyber-security,security,fjEdufrZAfW4Rl6yDU8Hk,RMF,,227,subtopic,,,roadmap.sh:nilbuild/developer-roadmap@master
cyber-security,security,sSihnptkoEqUsHjDpckhG,CIS,,228,subtopic,,,roadmap.sh:nilbuild/developer-roadmap@master
cyber-security,security,HjfgaSEZjW9BOXy_Ixzkk,CSF,,229,subtopic,,,roadmap.sh:nilbuild/developer-roadmap@master
cyber-security,security,c2kY3wZVFKZYxMARhLIwO,SIEM,,231,subtopic,,,roadmap.sh:nilbuild/developer-roadmap@master
cyber-security,security,i0ulrA-GJrNhIVmzdWDrn,SOAR,,232,subtopic,,,roadmap.sh:nilbuild/developer-roadmap@master
cyber-security,security,zR6djXnfTSFVEfvJonQjf,ParrotOS,,234,subtopic,,,roadmap.sh:nilbuild/developer-roadmap@master
cyber-security,security,w6wXkoLrv0_d-Ah0txUHd,Kali Linux,,235,subtopic,http://data.europa.eu/esco/skill/625b57ee-29d4-425b-bf99-9fd54dd021fe,Kali Linux,roadmap.sh:nilbuild/developer-roadmap@master
cyber-security,security,10qbxX8DCrfyH7tgYexxQ,LOLBAS,,236,subtopic,,,roadmap.sh:nilbuild/developer-roadmap@master
cyber-security,security,KbFwL--xF-eYjGy8PZdrM,Event Logs,,239,subtopic,,,roadmap.sh:nilbuild/developer-roadmap@master
cyber-security,security,7oFwRkmoZom8exMDtMslX,syslogs,,240,subtopic,,,roadmap.sh:nilbuild/developer-roadmap@master
cyber-security,security,xXz-SwvXA2cLfdCd-hLtW,netflow,,241,subtopic,,,roadmap.sh:nilbuild/developer-roadmap@master
cyber-security,security,TIxEkfBrN6EXQ3IKP1B7u,Packet Captures,,242,subtopic,,,roadmap.sh:nilbuild/developer-roadmap@master
cyber-security,security,np0PwKy-EvIa_f_LC6Eem,Firewall Logs,,243,subtopic,,,roadmap.sh:nilbuild/developer-roadmap@master
cyber-security,security,OAukNfV5T0KTnIF9jKYRF,MAC-based,,245,subtopic,,,roadmap.sh:nilbuild/developer-roadmap@master
cyber-security,security,6oAzYfwsHQYNVbi7c2Tly,NAC-based,,246,subtopic,,,roadmap.sh:nilbuild/developer-roadmap@master
cyber-security,security,W7bcydXdwlubXF2PHKOuq,Port Blocking,,247,subtopic,,,roadmap.sh:nilbuild/developer-roadmap@master
cyber-security,security,FxuMJmDoDkIsPFp2iocFg,Group Policy,,248,subtopic,,,roadmap.sh:nilbuild/developer-roadmap@master
cyber-security,security,8JM95sonFUhZCdaynUA_M,ACLs,,249,subtopic,,,roadmap.sh:nilbuild/developer-roadmap@master
cyber-security,security,oFgyQYL3Ws-l7B5AF-bTR,Sinkholes,,250,subtopic,,,roadmap.sh:nilbuild/developer-roadmap@master
cyber-security,security,e-MDyUR3GEv-e4Qsx_5vV,Patching,,251,subtopic,,,roadmap.sh:nilbuild/developer-roadmap@master
cyber-security,security,UF3BV1sEEOrqh5ilnfM1B,Jump Server,,252,subtopic,,,roadmap.sh:nilbuild/developer-roadmap@master
cyber-security,security,LEgJtu1GZKOtoAXyOGWLE,Endpoint Security,,253,subtopic,,,roadmap.sh:nilbuild/developer-roadmap@master
cyber-security,security,9Z6HPHPj4escSVDWftFEx,FTP vs SFTP,,255,subtopic,,,roadmap.sh:nilbuild/developer-roadmap@master
cyber-security,security,6ILPXeUDDmmYRiA_gNTSr,SSL vs TLS,,256,subtopic,,,roadmap.sh:nilbuild/developer-roadmap@master
cyber-security,security,gNFVtBxSYP5Uw3o3tlJ0M,IPSEC,,257,subtopic,,,roadmap.sh:nilbuild/developer-roadmap@master
cyber-security,security,LLGXONul7JfZGUahnK0AZ,DNSSEC,,258,subtopic,,,roadmap.sh:nilbuild/developer-roadmap@master
cyber-security,security,z_fDvTgKw51Uepo6eMQd9,LDAPS,,259,subtopic,,,roadmap.sh:nilbuild/developer-roadmap@master
cyber-security,security,_9lQSG6fn69Yd9rs1pQdL,SRTP,,260,subtopic,,,roadmap.sh:nilbuild/developer-roadmap@master
cyber-security,security,9rmDvycXFcsGOq3v-_ziD,S/MIME,,261,subtopic,,,roadmap.sh:nilbuild/developer-roadmap@master
cyber-security,security,3140n5prZYySsuBHjqGOJ,Antivirus,,263,subtopic,,,roadmap.sh:nilbuild/developer-roadmap@master
cyber-security,security,9QtY1hMJ7NKLFztYK-mHY,Antimalware,,264,subtopic,,,roadmap.sh:nilbuild/developer-roadmap@master
cyber-security,security,QvHWrmMzO8IvNQ234E_wf,EDR,,265,subtopic,,,roadmap.sh:nilbuild/developer-roadmap@master
cyber-security,security,iolsTC-63d_1wzKGul-cT,DLP,,266,subtopic,,,roadmap.sh:nilbuild/developer-roadmap@master
cyber-security,security,35oCRzhzpVfitQPL4K9KC,ACL,,267,subtopic,,,roadmap.sh:nilbuild/developer-roadmap@master
cyber-security,security,tWDo5R3KU5KOjDdtv801x,Firewall & Nextgen Firewall,,268,subtopic,,,roadmap.sh:nilbuild/developer-roadmap@master
cyber-security,security,l5EnhOCnkN-RKvgrS9ylH,HIPS,,269,subtopic,,,roadmap.sh:nilbuild/developer-roadmap@master
cyber-security,security,LIPtxl_oKZRcbvXT4EdNf,NIDS,,270,subtopic,,,roadmap.sh:nilbuild/developer-roadmap@master
cyber-security,security,7w9qj16OD4pUzq-ItdxeK,NIPS,,271,subtopic,,,roadmap.sh:nilbuild/developer-roadmap@master
cyber-security,security,jWl1VWkZn3n1G2eHq6EnX,Host Based Firewall,,272,subtopic,,,roadmap.sh:nilbuild/developer-roadmap@master
cyber-security,security,SLKwuLHHpC7D1FqrpPRAe,Sandboxing,,273,subtopic,,,roadmap.sh:nilbuild/developer-roadmap@master
cyber-security,security,1jwtExZzR9ABKvD_S9zFG,EAP vs PEAP,,274,subtopic,,,roadmap.sh:nilbuild/developer-roadmap@master
cyber-security,security,HSCGbM2-aTnJWUX6jGaDP,WPS,,275,subtopic,,,roadmap.sh:nilbuild/developer-roadmap@master
cyber-security,security,MBnDE0VyVh2u2p-r90jVk,WPA vs WPA2 vs WPA3 vs WEP,,276,subtopic,,,roadmap.sh:nilbuild/developer-roadmap@master
cyber-security,security,w6V4JOtXKCMPAkKIQxvMg,Preparation,,278,subtopic,,,roadmap.sh:nilbuild/developer-roadmap@master
cyber-security,security,XsRoldaBXUSiGbvY1TjQd,Identification,,279,subtopic,,,roadmap.sh:nilbuild/developer-roadmap@master
cyber-security,security,l7WnKuR2HTD4Vf9U2TxkK,Containment,,280,subtopic,,,roadmap.sh:nilbuild/developer-roadmap@master
cyber-security,security,N17xAIo7sgbB0nrIDMWju,Eradication,,281,subtopic,,,roadmap.sh:nilbuild/developer-roadmap@master
cyber-security,security,vFjbZAJq8OfLb3_tsc7oT,Recovery,,282,subtopic,,,roadmap.sh:nilbuild/developer-roadmap@master
cyber-security,security,ErRol7AT02HTn3umsPD_0,Lessons Learned,,283,subtopic,,,roadmap.sh:nilbuild/developer-roadmap@master
cyber-security,security,zqRaMmqcLfx400kJ-h0LO,Zero Day,,285,subtopic,,,roadmap.sh:nilbuild/developer-roadmap@master
cyber-security,security,HPlPGKs7NLqmBidHJkOZg,Known vs Unknown,,286,subtopic,,,roadmap.sh:nilbuild/developer-roadmap@master
cyber-security,security,l0BvDtwWoRSEjm6O0WDPy,APT,,287,subtopic,,,roadmap.sh:nilbuild/developer-roadmap@master
cyber-security,security,rxzcAzHjzIc9lkWSw0fef,VirusTotal,,289,subtopic,,,roadmap.sh:nilbuild/developer-roadmap@master
cyber-security,security,h__KxKa0Q74_egY7GOe-L,Joe Sandbox,,290,subtopic,,,roadmap.sh:nilbuild/developer-roadmap@master
cyber-security,security,GZHFR43UzN0WIIxGKZOdX,any.run,,291,subtopic,,,roadmap.sh:nilbuild/developer-roadmap@master
cyber-security,security,lFt1k1Q-NlWWqyDA3gWD1,urlvoid,,292,subtopic,,,roadmap.sh:nilbuild/developer-roadmap@master
cyber-security,security,lMiW2q-b72KUl-2S7M6Vb,urlscan,,293,subtopic,,,roadmap.sh:nilbuild/developer-roadmap@master
cyber-security,security,-RnlvUltJ9IDtH0HEnMbN,WHOIS,,294,subtopic,,,roadmap.sh:nilbuild/developer-roadmap@master
cyber-security,security,7obusm5UtHwWMcMMEB3lt,Phishing,,296,subtopic,,,roadmap.sh:nilbuild/developer-roadmap@master
cyber-security,security,M65fCl72qlF0VTbGNT6du,Whishing,,297,subtopic,,,roadmap.sh:nilbuild/developer-roadmap@master
cyber-security,security,KSwl6sX2W47vUmytpm8LH,Whaling,,298,subtopic,,,roadmap.sh:nilbuild/developer-roadmap@master
cyber-security,security,d4U6Jq-CUB1nNN2OCFoum,Smishing,,299,subtopic,,,roadmap.sh:nilbuild/developer-roadmap@master
cyber-security,security,cbEMUyg_btIPjdx-XqIM5,Spam vs Spim,,300,subtopic,,,roadmap.sh:nilbuild/developer-roadmap@master
cyber-security,security,FD0bkmxNpPXiUB_NevEUf,Shoulder Surfing,,301,subtopic,,,roadmap.sh:nilbuild/developer-roadmap@master
cyber-security,security,Iu0Qtk13RjrhHpSlm0uyh,Dumpster Diving,,302,subtopic,,,roadmap.sh:nilbuild/developer-roadmap@master
cyber-security,security,o-keJgF9hmifQ_hUD91iN,Tailgating,,303,subtopic,,,roadmap.sh:nilbuild/developer-roadmap@master
cyber-security,security,v9njgIxZyabJZ5iND3JGc,Zero day,,304,subtopic,,,roadmap.sh:nilbuild/developer-roadmap@master
cyber-security,security,O1VceThdxRlgQ6DcGyY7Y,Social Engineering,,305,subtopic,,,roadmap.sh:nilbuild/developer-roadmap@master
cyber-security,security,UU_inxa8Y2lLP2BRhdLDT,Reconnaissance,,306,subtopic,,,roadmap.sh:nilbuild/developer-roadmap@master
cyber-security,security,ZEgxmvjWPp5NofLFz_FTJ,Impersonation,,307,subtopic,,,roadmap.sh:nilbuild/developer-roadmap@master
cyber-security,security,dcvuKHq0nHgHLcLwtl4IJ,Watering Hole Attack,,308,subtopic,,,roadmap.sh:nilbuild/developer-roadmap@master
cyber-security,security,cO70zHvHgBAH29khF-hBW,Drive by Attack,,309,subtopic,,,roadmap.sh:nilbuild/developer-roadmap@master
cyber-security,security,0LeDwj_tMaXjQBBOUJ5CL,Typo Squatting,,310,subtopic,,,roadmap.sh:nilbuild/developer-roadmap@master
cyber-security,security,Q0i-plPQkb_NIvOQBVaDd,Brute Force vs Password Spray,,311,subtopic,,,roadmap.sh:nilbuild/developer-roadmap@master
cyber-security,security,IF5H0ZJ72XnqXti3jRWYF,DoS vs DDoS,,313,subtopic,,,roadmap.sh:nilbuild/developer-roadmap@master
cyber-security,security,ODlVT6MhV-RVUbRMG0mHi,MITM,,314,subtopic,,,roadmap.sh:nilbuild/developer-roadmap@master
cyber-security,security,LteSouUtAj3JWWOzcjQPl,Spoofing,,315,subtopic,,,roadmap.sh:nilbuild/developer-roadmap@master
cyber-security,security,O1fY2n40yjZtJUEeoItKr,Evil Twin,,316,subtopic,,,roadmap.sh:nilbuild/developer-roadmap@master
cyber-security,security,urtsyYWViEzbqYLoNfQAh,DNS Poisoning,,317,subtopic,,,roadmap.sh:nilbuild/developer-roadmap@master
cyber-security,security,LfWJJaT3fv0p6fUeS8b84,Deauth Attack,,318,subtopic,,,roadmap.sh:nilbuild/developer-roadmap@master
cyber-security,security,u4hySof6if5hiONSaW-Uf,VLAN Hopping,,319,subtopic,,,roadmap.sh:nilbuild/developer-roadmap@master
cyber-security,security,Ee7LfbhwJbiWjJ3b_bbni,Rogue Access Point,,320,subtopic,,,roadmap.sh:nilbuild/developer-roadmap@master
cyber-security,security,n8ZOZxNhlnw7DpzoXe_f_,Buffer Overflow,,321,subtopic,,,roadmap.sh:nilbuild/developer-roadmap@master
cyber-security,security,nOND14t7ISgSH3zNpV3F8,Memory Leak,,322,subtopic,,,roadmap.sh:nilbuild/developer-roadmap@master
cyber-security,security,2jo1r9O_rCnDwRv1_4Wo-,XSS,,323,subtopic,,,roadmap.sh:nilbuild/developer-roadmap@master
cyber-security,security,P-Am25WJV8cFd_KsX7cdj,SQL Injection,,324,subtopic,,,roadmap.sh:nilbuild/developer-roadmap@master
cyber-security,security,pK2iRArULlK-B3iSVo4-n,CSRF,,325,subtopic,,,roadmap.sh:nilbuild/developer-roadmap@master
cyber-security,security,mIX8PsIGuwgPCGQZ6ok2H,Replay Attack,,326,subtopic,,,roadmap.sh:nilbuild/developer-roadmap@master
cyber-security,security,sMuKqf27y4iG0GrCdF5DN,Pass the Hash,,327,subtopic,,,roadmap.sh:nilbuild/developer-roadmap@master
cyber-security,security,L0ROYh2DNlkybNDO2ezJY,Directory Traversal,,328,subtopic,,,roadmap.sh:nilbuild/developer-roadmap@master
cyber-security,security,lv6fI3WeJawuCbwKtMRIh,Stakeholders,,330,subtopic,,,roadmap.sh:nilbuild/developer-roadmap@master
cyber-security,security,05tH6WhToC615JTFN-TPc,HR,,331,subtopic,,,roadmap.sh:nilbuild/developer-roadmap@master
cyber-security,security,C5bCIdPi0gGkY_r4qqoXZ,Legal,,332,subtopic,,,roadmap.sh:nilbuild/developer-roadmap@master
cyber-security,security,05Gbgy6aawYlYIx38u8DE,Compliance,,333,subtopic,,,roadmap.sh:nilbuild/developer-roadmap@master
cyber-security,security,s9tHpzYRj2HCImwQhnjFM,Management,,334,subtopic,,,roadmap.sh:nilbuild/developer-roadmap@master
cyber-security,security,vVaBQ5VtsE_ZeXbCOF8ux,Cloud Skills and Knowledge,,336,topic,,,roadmap.sh:nilbuild/developer-roadmap@master
cyber-security,security,ThLsXkqLw--uddHz0spCH,Understand the Concept of Security in the Cloud,,337,subtopic,,,roadmap.sh:nilbuild/developer-roadmap@master
cyber-security,security,XL3FVeGFDhAl_gSol6Tjt,Understand the basics and general flow of deploying in the cloud,,338,subtopic,,,roadmap.sh:nilbuild/developer-roadmap@master
cyber-security,security,KGjYM4Onr5GQf1Yv9IabI,Understand the differences between cloud and on-premises,,339,subtopic,,,roadmap.sh:nilbuild/developer-roadmap@master
cyber-security,security,RJctUpvlUJGAdwBNtDSXw,Understand the concept of Infrastructure as Code,,340,subtopic,,,roadmap.sh:nilbuild/developer-roadmap@master
cyber-security,security,-83ltMEl3le3yD68OFnTM,Understand the Concept of Serverless,,341,subtopic,,,roadmap.sh:nilbuild/developer-roadmap@master
cyber-security,security,sVw5KVNxPEatBRKb2ZbS_,SaaS,,342,subtopic,http://data.europa.eu/esco/skill/83218cac-3599-417e-93d2-26013cdccd98,service-oriented modelling,roadmap.sh:nilbuild/developer-roadmap@master
cyber-security,security,PQ_np6O-4PK2V-r5lywQg,PaaS,,343,subtopic,,,roadmap.sh:nilbuild/developer-roadmap@master
cyber-security,security,1nPifNUm-udLChIqLC_uK,IaaS,,344,subtopic,,,roadmap.sh:nilbuild/developer-roadmap@master
cyber-security,security,ecpMKP1cQXXsfKETDUrSf,Private,,347,subtopic,,,roadmap.sh:nilbuild/developer-roadmap@master
cyber-security,security,ZDj7KBuyZsKyEMZViMoXW,Public,,348,subtopic,,,roadmap.sh:nilbuild/developer-roadmap@master
cyber-security,security,ywRlTuTfh5-NHnv4ZyW1t,Hybrid,,349,subtopic,,,roadmap.sh:nilbuild/developer-roadmap@master
cyber-security,security,0LztOTc3NG3OujCVwlcVU,AWS,,350,subtopic,,,roadmap.sh:nilbuild/developer-roadmap@master
cyber-security,security,tOLA5QPKi6LHl1ljsOMwX,GCP,,351,subtopic,,,roadmap.sh:nilbuild/developer-roadmap@master
cyber-security,security,GklBi7Qx1akN_cS9UMrha,Azure,,352,subtopic,,,roadmap.sh:nilbuild/developer-roadmap@master
cyber-security,security,2jsTgT7k8MeaDtx6RJhOP,S3,,354,subtopic,,,roadmap.sh:nilbuild/developer-roadmap@master
cyber-security,security,9OastXVfiG1YRMm68ecnn,Dropbox,,355,subtopic,,,roadmap.sh:nilbuild/developer-roadmap@master
cyber-security,security,4Man3Bd-ySLFlAdxbLOHw,Box,,356,subtopic,,,roadmap.sh:nilbuild/developer-roadmap@master
cyber-security,security,MWqnhDKm9jXvDDjkeVNxm,OneDrive,,357,subtopic,http://data.europa.eu/esco/skill/b769f524-0f25-44d7-8538-5c46710a040e,manage digital documents,roadmap.sh:nilbuild/developer-roadmap@master
cyber-security,security,fTZ4PqH-AMhYA_65w4wFO,Google Drive,,358,subtopic,,,roadmap.sh:nilbuild/developer-roadmap@master
cyber-security,security,Wqy6ki13hP5c0VhGYEhHj,iCloud,,359,subtopic,,,roadmap.sh:nilbuild/developer-roadmap@master
cyber-security,security,_RnuQ7952N8GWZfPD60sJ,Programming Skills,,361,topic,,,roadmap.sh:nilbuild/developer-roadmap@master
cyber-security,security,XiHvGy--OkPFfJeKA6-LP,Python,Programming Skills,362,subtopic,http://data.europa.eu/esco/skill/ccd0a1d9-afda-43d9-b901-96344886e14d,Python (computer programming),roadmap.sh:nilbuild/developer-roadmap@master
cyber-security,security,jehVvdz8BnruKjqHMKu5v,Go,Programming Skills,363,subtopic,,,roadmap.sh:nilbuild/developer-roadmap@master
cyber-security,security,2SThr6mHpX6rpW-gmsqxG,JavaScript,Programming Skills,364,subtopic,http://data.europa.eu/esco/skill/3cd569a2-4f88-4c1e-9995-8dce8c5e51a7,JavaScript,roadmap.sh:nilbuild/developer-roadmap@master
cyber-security,security,8jj9hpe9jQIgCc8Txyw3O,C++,Programming Skills,365,subtopic,http://data.europa.eu/esco/skill/4c016b68-4116-468c-9dc6-42710c239e4a,C#,roadmap.sh:nilbuild/developer-roadmap@master
cyber-security,security,tao0Bb_JR0Ubl62HO8plp,Bash,Programming Skills,366,subtopic,http://data.europa.eu/esco/skill/21d2f96d-35f7-4e3f-9745-c533d2dd6e97,computer programming,roadmap.sh:nilbuild/developer-roadmap@master
cyber-security,security,paY9x2VJA98FNGBFGRXp2,Power Shell,Programming Skills,367,subtopic,http://data.europa.eu/esco/skill/21d2f96d-35f7-4e3f-9745-c533d2dd6e97,computer programming,roadmap.sh:nilbuild/developer-roadmap@master
cyber-security,security,Jd9t8e9r29dHRsN40dDOk,GTFOBINS,,371,subtopic,,,roadmap.sh:nilbuild/developer-roadmap@master
cyber-security,security,Rnpx7VkhrBkSQTni6UuTR,WADCOMS,,372,subtopic,,,roadmap.sh:nilbuild/developer-roadmap@master
software-architect,architect,4zicbh7Wg2lmKSRhb6E-L,Understand the Basics,,9,topic,,,roadmap.sh:nilbuild/developer-roadmap@master
software-architect,architect,EGG99VA-PEdWdVxNDLtG_,What is Software Architecture,Understand the Basics,10,subtopic,,,roadmap.sh:nilbuild/developer-roadmap@master
software-architect,architect,eG38hT0rotYJ3G-t9df9R,What is a Software Architect,Understand the Basics,11,subtopic,,,roadmap.sh:nilbuild/developer-roadmap@master
software-architect,architect,2sR4KULvAUUoOtopvsEBs,Levels of Architecture,Understand the Basics,12,subtopic,,,roadmap.sh:nilbuild/developer-roadmap@master
software-architect,architect,Lqe47l4j-C4OwkbkwPYry,Application Architecture,Understand the Basics,13,subtopic,,,roadmap.sh:nilbuild/developer-roadmap@master
software-architect,architect,uGs-9xE3DMJxKhenltbFK,Solution Architecture,,14,subtopic,,,roadmap.sh:nilbuild/developer-roadmap@master
software-architect,architect,vlW07sc-FQnxPMjDMn8_F,Enterprise Architecture,,15,subtopic,,,roadmap.sh:nilbuild/developer-roadmap@master
software-architect,architect,rUxbG2S2nJuA1YVY6sjiX,Responsibilities,,21,topic,,,roadmap.sh:nilbuild/developer-roadmap@master
software-architect,architect,lBtlDFPEQvQ_xtLtehU0S,Important Skills to Learn,,29,topic,,,roadmap.sh:nilbuild/developer-roadmap@master
software-architect,architect,fBd2m8tMJmhuNSaakrpg4,Design & Architecture,,30,subtopic,,,roadmap.sh:nilbuild/developer-roadmap@master
software-architect,architect,MSDo0nPk_ghRYkZS4MAQ_,Decision Making,,31,subtopic,,,roadmap.sh:nilbuild/developer-roadmap@master
software-architect,architect,lrtgF1RTaS4TCKww0aY6C,Simplifying Things,,32,subtopic,,,roadmap.sh:nilbuild/developer-roadmap@master
software-architect,architect,77KvWCA1oHSGgDKBTwjv7,How to Code,Important Skills to Learn,33,subtopic,,,roadmap.sh:nilbuild/developer-roadmap@master
software-architect,architect,5D-kbQ520k1D3fCtD01T7,Documentation,Important Skills to Learn,34,subtopic,,,roadmap.sh:nilbuild/developer-roadmap@master
software-architect,architect,Ac49sOlQKblYK4FZuFHDR,Communication,,35,subtopic,,,roadmap.sh:nilbuild/developer-roadmap@master
software-architect,architect,m0ZYdqPFDoHOPo18wKyvV,Estimate and Evaluate,,36,subtopic,,,roadmap.sh:nilbuild/developer-roadmap@master
software-architect,architect,otHQ6ye1xgkI1qb4tEHVF,Balance,,37,subtopic,,,roadmap.sh:nilbuild/developer-roadmap@master
software-architect,architect,LSWlk9A3b6hco9Il_elao,Consult & Coach,,38,subtopic,,,roadmap.sh:nilbuild/developer-roadmap@master
software-architect,architect,YW6j3Sg511dXToTcwSnOS,Marketing Skills,,39,subtopic,,,roadmap.sh:nilbuild/developer-roadmap@master
software-architect,architect,hFx3mLqh5omNxqI9lfaAQ,Technical Skills,,40,topic,,,roadmap.sh:nilbuild/developer-roadmap@master
software-architect,architect,uoDtVFThaV6OMK2wXGfP5,Programming Languages,,41,topic,,,roadmap.sh:nilbuild/developer-roadmap@master
software-architect,architect,a5DB_hsD4bAf8BtHNFNPo,Java / Kotlin / Scala,,42,subtopic,,,roadmap.sh:nilbuild/developer-roadmap@master
software-architect,architect,j2Ph2QcKwmKlbaMHz1l_i,Python,,43,subtopic,http://data.europa.eu/esco/skill/ccd0a1d9-afda-43d9-b901-96344886e14d,Python (computer programming),roadmap.sh:nilbuild/developer-roadmap@master
software-architect,architect,U_Hmzfjjs1jVtu2CZ0TlG,Ruby,,44,subtopic,http://data.europa.eu/esco/skill/0ccdfe98-f845-4598-84a1-3dca66e9d9a3,Ruby (computer programming),roadmap.sh:nilbuild/developer-roadmap@master
software-architect,architect,nKlM9k4qAh4wBFXqM-2kC,Go,,45,subtopic,,,roadmap.sh:nilbuild/developer-roadmap@master
software-architect,architect,bhP5gMpRVebSFpCeHVXBj,JavaScript / TypeScript,,46,subtopic,,,roadmap.sh:nilbuild/developer-roadmap@master
software-architect,architect,D1IXOBUrrXf5bXhVu9cmI,.NET Framework Based,Programming Languages,47,subtopic,,,roadmap.sh:nilbuild/developer-roadmap@master
software-architect,architect,_U0VoTkqM1d6NR13p5azS,Patterns & Design Principles,,48,topic,,,roadmap.sh:nilbuild/developer-roadmap@master
software-architect,architect,AMDLJ_Bup-AY1chl_taV3,OOP,,49,subtopic,,,roadmap.sh:nilbuild/developer-roadmap@master
software-architect,architect,jj5otph6mEYiR-oU5WVtT,"MVC, MVP, MVVM",Patterns & Design Principles,50,subtopic,,,roadmap.sh:nilbuild/developer-roadmap@master
software-architect,architect,RsnN5bt8OhSMjSFmVgw-X,"CQRS, Eventual Consistency",,51,subtopic,,,roadmap.sh:nilbuild/developer-roadmap@master
software-architect,architect,AoWO2BIKG5X4JWir6kh5r,Actors,,52,subtopic,,,roadmap.sh:nilbuild/developer-roadmap@master
software-architect,architect,bbKEEk7dvfFZBBJaIjm0j,"ACID, CAP Theorem",,53,subtopic,,,roadmap.sh:nilbuild/developer-roadmap@master
software-architect,architect,QNG-KP01WQnq8o1-In1-n,SOLID,,54,subtopic,,,roadmap.sh:nilbuild/developer-roadmap@master
software-architect,architect,DnP66pjK3b8tCtYr05n2G,TDD,,55,subtopic,,,roadmap.sh:nilbuild/developer-roadmap@master
software-architect,architect,IIelzs8XYMPnXabFKRI51,DDD,,56,subtopic,,,roadmap.sh:nilbuild/developer-roadmap@master
software-architect,architect,diu8MyHxZuZSdhavYVj1T,Tools,,57,topic,,,roadmap.sh:nilbuild/developer-roadmap@master
software-architect,architect,ZEzYb-i55hBe9kK3bla94,Git,Tools,58,subtopic,http://data.europa.eu/esco/skill/9d2e926f-53d9-41f5-98f3-19dfaa687f3f,tools for software configuration management,roadmap.sh:nilbuild/developer-roadmap@master
software-architect,architect,CYnUg_okOcRrD7fSllxLW,Slack,Tools,59,subtopic,,,roadmap.sh:nilbuild/developer-roadmap@master
software-architect,architect,a6joS9WXg-rbw29_KfBd9,Trello,Tools,60,subtopic,http://data.europa.eu/esco/skill/fdf15b35-9028-4acb-bfd2-43f00a015cd9,use personal organization software,roadmap.sh:nilbuild/developer-roadmap@master
software-architect,architect,3bpd0iZTd3G-H8A7yrExY,Atlassian Tools,Tools,61,subtopic,,,roadmap.sh:nilbuild/developer-roadmap@master
software-architect,architect,PyTuVs08_z4EhLwhTYzFu,GitHub,,62,subtopic,,,roadmap.sh:nilbuild/developer-roadmap@master
software-architect,architect,SuMhTyaBS9vwASxAt39DH,Tools,,63,topic,,,roadmap.sh:nilbuild/developer-roadmap@master
software-architect,architect,OaLmlfkZid7hKqJ9G8oNV,Architecture,,64,topic,,,roadmap.sh:nilbuild/developer-roadmap@master
software-architect,architect,FAXKxl3fWUFShYmoCsInZ,Serverless,,65,subtopic,,,roadmap.sh:nilbuild/developer-roadmap@master
software-architect,architect,mka_DwiboH5sGFhXhk6ez,Client / Server,,66,subtopic,,,roadmap.sh:nilbuild/developer-roadmap@master
software-architect,architect,05hLO2_A8Tr6cLJGFRhOh,Layered,,67,subtopic,,,roadmap.sh:nilbuild/developer-roadmap@master
software-architect,architect,j7OP6RD_IAU6HsyiGaynx,Distributed Systems,,68,subtopic,,,roadmap.sh:nilbuild/developer-roadmap@master
software-architect,architect,6uvmMgvOwGyuLC5TOhjFu,Service Oriented,,69,subtopic,,,roadmap.sh:nilbuild/developer-roadmap@master
software-architect,architect,IzFTn5-tQuF_Z0cG_w6CW,Security,,70,topic,,,roadmap.sh:nilbuild/developer-roadmap@master
software-architect,architect,7tBAD0ox9hTK4D483GTRo,Hashing Algorithms,Security,71,subtopic,,,roadmap.sh:nilbuild/developer-roadmap@master
software-architect,architect,OpL2EqvHbUmFgnpuhtZPr,PKI,Security,72,subtopic,,,roadmap.sh:nilbuild/developer-roadmap@master
software-architect,architect,KhqUK-7jdClu9M2Pq7x--,OWASP,,73,subtopic,http://data.europa.eu/esco/skill/902fb91c-3113-4004-9b4f-79aa86b638b7,web application security threats,roadmap.sh:nilbuild/developer-roadmap@master
software-architect,architect,KiwFXB6yd0go30zAFMTJt,Auth Strategies,Security,74,subtopic,,,roadmap.sh:nilbuild/developer-roadmap@master
software-architect,architect,YCJYRA3b-YSm8vKmGUFk5,Working with Data,,75,topic,,,roadmap.sh:nilbuild/developer-roadmap@master
software-architect,architect,92GG4IRZ3FijumC94aL-T,"Hadoop, Spark, MapReduce",Working with Data,76,subtopic,,,roadmap.sh:nilbuild/developer-roadmap@master
software-architect,architect,JUFE4OQhnXOt1J_MG-Sjf,"ETL, Datawarehouses",Working with Data,77,subtopic,,,roadmap.sh:nilbuild/developer-roadmap@master
software-architect,architect,n5AcBt_u8qtTe3PP9svPZ,SQL Databases,Working with Data,78,subtopic,,,roadmap.sh:nilbuild/developer-roadmap@master
software-architect,architect,57liQPaPyVpE-mdLnsbi0,NoSQL Databases,Working with Data,79,subtopic,,,roadmap.sh:nilbuild/developer-roadmap@master
software-architect,architect,a0baFv7hVWZGvS5VLh5ig,Apache Spark,,80,subtopic,,,roadmap.sh:nilbuild/developer-roadmap@master
software-architect,architect,I_VjjmMK52_tS8qjQUspN,Hadoop,,81,subtopic,http://data.europa.eu/esco/skill/e46291c7-52b9-4174-bd59-178884861038,Hadoop,roadmap.sh:nilbuild/developer-roadmap@master
software-architect,architect,B5YtP8C1A0jB3MOdg0c_q,Datawarehouse Principles,,82,subtopic,,,roadmap.sh:nilbuild/developer-roadmap@master
software-architect,architect,Ocn7-ctpnl71ZCZ_uV-uD,APIs & Integrations,,84,topic,,,roadmap.sh:nilbuild/developer-roadmap@master
software-architect,architect,priDGksAvJ05YzakkTFtM,gRPC,APIs & Integrations,85,subtopic,,,roadmap.sh:nilbuild/developer-roadmap@master
software-architect,architect,fELnBA0eOoE-d9rSmDJ8l,"ESB, SOAP",,86,subtopic,,,roadmap.sh:nilbuild/developer-roadmap@master
software-architect,architect,Sp3FdPT4F9YnTGvlE_vyq,GraphQL,,87,subtopic,,,roadmap.sh:nilbuild/developer-roadmap@master
software-architect,architect,Ss43xwK1ydEToj6XmmCt7,REST,,88,subtopic,,,roadmap.sh:nilbuild/developer-roadmap@master
software-architect,architect,DwNda95-fE7LWnDA6u1LU,"BPM, BPEL",,89,subtopic,,,roadmap.sh:nilbuild/developer-roadmap@master
software-architect,architect,4NVdEbmpQVHpBc7582S6E,Messaging Queues,,90,subtopic,,,roadmap.sh:nilbuild/developer-roadmap@master
software-architect,architect,j9Y2YbBKi3clO_sZ2L_hQ,"Web, Mobile",,91,topic,,,roadmap.sh:nilbuild/developer-roadmap@master
software-architect,architect,6FDGecsHbqY-cm32yTZJa,Functional Programming,"Web, Mobile",92,subtopic,,,roadmap.sh:nilbuild/developer-roadmap@master
software-architect,architect,mCiYCbKIOVU34qil_q7Hg,"React, Vue, Angular","Web, Mobile",93,subtopic,,,roadmap.sh:nilbuild/developer-roadmap@master
software-architect,architect,ulwgDCQi_BYx5lmll7pzU,"SPA, SSR, SSG","Web, Mobile",94,subtopic,,,roadmap.sh:nilbuild/developer-roadmap@master
software-architect,architect,vpko5Kyf6BZ5MHpxXOKaf,Microfrontends,"Web, Mobile",95,subtopic,,,roadmap.sh:nilbuild/developer-roadmap@master
software-architect,architect,s0RvufK2PLMXtlsn2KAUN,W3C and WHATWG,"Web, Mobile",96,subtopic,,,roadmap.sh:nilbuild/developer-roadmap@master
software-architect,architect,C0g_kQFlte5siHMHwlHQb,Reactive Programming,"Web, Mobile",97,subtopic,,,roadmap.sh:nilbuild/developer-roadmap@master
software-architect,architect,hjlkxYZS7Zf9En3IUS-Wm,Frameworks,,98,topic,,,roadmap.sh:nilbuild/developer-roadmap@master
software-architect,architect,LQlzVxUxM3haWRwbhYHKY,BABOK,Frameworks,99,subtopic,,,roadmap.sh:nilbuild/developer-roadmap@master
software-architect,architect,wFu9VO48EYbIQrsM8YUCj,IAF,,100,subtopic,,,roadmap.sh:nilbuild/developer-roadmap@master
software-architect,architect,8FTKnAKNL9LnZBrw9YXqK,UML,,101,subtopic,http://data.europa.eu/esco/skill/7193cb6d-8334-494f-86e5-21e6d03a47c3,unified modelling language,roadmap.sh:nilbuild/developer-roadmap@master
software-architect,architect,5TDTU22Fla2mRr6JeOcaY,TOGAF,,102,subtopic,,,roadmap.sh:nilbuild/developer-roadmap@master
software-architect,architect,UyIwiIiKaa6LTQaqzbCam,Management,,103,topic,,,roadmap.sh:nilbuild/developer-roadmap@master
software-architect,architect,hRug9yJKYacB9X_2cUalR,PMI,,104,subtopic,,,roadmap.sh:nilbuild/developer-roadmap@master
software-architect,architect,Rq1Wi-cHjS54SYo-Btp-e,ITIL,,105,subtopic,,,roadmap.sh:nilbuild/developer-roadmap@master
software-architect,architect,SJ5lrlvyXgtAwOx4wvT2W,Prince2,,106,subtopic,,,roadmap.sh:nilbuild/developer-roadmap@master
software-architect,architect,7rudOREGG-TTkCosU0hNw,RUP,,107,subtopic,,,roadmap.sh:nilbuild/developer-roadmap@master
software-architect,architect,qwpsGRFgzAYstM7bJA2ZJ,LeSS,,110,subtopic,http://data.europa.eu/esco/skill/26fa7a33-a426-4cd5-9792-33bf668612e1,LESS,roadmap.sh:nilbuild/developer-roadmap@master
software-architect,architect,Bg7ru1q1j6pNB43HGxnHT,SaFE,,111,subtopic,,,roadmap.sh:nilbuild/developer-roadmap@master
software-architect,architect,O7H6dt3Z7EKohxfJzwbPM,Kanban,,112,subtopic,,,roadmap.sh:nilbuild/developer-roadmap@master
software-architect,architect,PKqwKvoffm0unwcFwpojk,Scrum,,113,subtopic,,,roadmap.sh:nilbuild/developer-roadmap@master
software-architect,architect,7fL9lSu4BD1wRjnZy9tM9,XP,,114,subtopic,,,roadmap.sh:nilbuild/developer-roadmap@master
software-architect,architect,cBWJ6Duw99tSKr7U6OW3A,Networks,,115,topic,,,roadmap.sh:nilbuild/developer-roadmap@master
software-architect,architect,Mt5W1IvuHevNXVRlh7z26,OSI,Networks,116,subtopic,,,roadmap.sh:nilbuild/developer-roadmap@master
software-architect,architect,UCCT7-E_QUKPg3jAsjobx,TCP/IP Model,,117,subtopic,,,roadmap.sh:nilbuild/developer-roadmap@master
software-architect,architect,Nq6o6Ty8VyNRsvg-UWp7D,"HTTP, HTTPS",,118,subtopic,,,roadmap.sh:nilbuild/developer-roadmap@master
software-architect,architect,6_EOmU5GYGDGzmNoLY8cB,Proxies,,119,subtopic,,,roadmap.sh:nilbuild/developer-roadmap@master
software-architect,architect,Hqk_GGsFi14SI5fgPSoGV,Firewalls,,120,subtopic,,,roadmap.sh:nilbuild/developer-roadmap@master
software-architect,architect,EdJhuNhMSWjeVxGW-RZtL,Operations Knowledge,,121,topic,,,roadmap.sh:nilbuild/developer-roadmap@master
software-architect,architect,igf9yp1lRdAlN5gyQ8HHC,Infrastructure as Code,Operations Knowledge,122,subtopic,,,roadmap.sh:nilbuild/developer-roadmap@master
software-architect,architect,C0rKd5Rr27Z1_GleoEZxF,Cloud Providers,Operations Knowledge,123,subtopic,,,roadmap.sh:nilbuild/developer-roadmap@master
software-architect,architect,WoXoVwkSqXTP5U8HtyJOL,Serverless Concepts,Operations Knowledge,124,subtopic,,,roadmap.sh:nilbuild/developer-roadmap@master
software-architect,architect,XnvlRrOhdoMsiGwGEhBro,Linux / Unix,Operations Knowledge,125,subtopic,,,roadmap.sh:nilbuild/developer-roadmap@master
software-architect,architect,OErbfM-H3laFm47GCHNPI,Service Mesh,Operations Knowledge,126,subtopic,,,roadmap.sh:nilbuild/developer-roadmap@master
software-architect,architect,isavRe4ANVn77ZX6gNSLH,CI / CD,Operations Knowledge,127,subtopic,,,roadmap.sh:nilbuild/developer-roadmap@master
software-architect,architect,l3oeo65FyV5HHvw5n_1wa,Containers,Operations Knowledge,128,subtopic,,,roadmap.sh:nilbuild/developer-roadmap@master
software-architect,architect,CxceVdaNCyKDhs0huDtcL,Cloud Design Patterns,Operations Knowledge,129,subtopic,,,roadmap.sh:nilbuild/developer-roadmap@master
software-architect,architect,8yALyPVUZPtd7LX3GrO1e,Enterprise Software,,131,topic,,,roadmap.sh:nilbuild/developer-roadmap@master
software-architect,architect,gdtI0H_PzzTj_aFQn_NeA,MS Dynamics,Enterprise Software,132,subtopic,,,roadmap.sh:nilbuild/developer-roadmap@master
software-architect,architect,TxWAznp1tUtZ1MvThf9M1,"SAP ERP, HANA, Business Objects",Enterprise Software,133,subtopic,,,roadmap.sh:nilbuild/developer-roadmap@master
software-architect,architect,YfYviOXqGVp9C6DuhqBrn,EMC DMS,,134,subtopic,,,roadmap.sh:nilbuild/developer-roadmap@master
software-architect,architect,5EVecZmvor09LjD7WR_Y9,IBM BPM,Enterprise Software,135,subtopic,,,roadmap.sh:nilbuild/developer-roadmap@master
software-architect,architect,mOXyzdNn8W-9R99ffcnor,Salesforce,Enterprise Software,136,subtopic,,,roadmap.sh:nilbuild/developer-roadmap@master
software-architect,architect,b6lCGw82qKpUmsxe1r1f5,Microservices,Architecture,145,subtopic,,,roadmap.sh:nilbuild/developer-roadmap@master
postgresql-dba,database,lDIy56RyC1XM7IfORsSLD,Introduction,,19,topic,,,roadmap.sh:nilbuild/developer-roadmap@master
postgresql-dba,database,soar-NBWCr4xVKj7ttfnc,What are Relational Databases?,Introduction,20,subtopic,,,roadmap.sh:nilbuild/developer-roadmap@master
postgresql-dba,database,p3AmRr_y_ZBKzAU5eh7OU,RDBMS Benefits and Limitations,Introduction,21,subtopic,,,roadmap.sh:nilbuild/developer-roadmap@master
postgresql-dba,database,IAKERTzTpTds5kZLMCapM,PostgreSQL vs Other RDBMS,Introduction,22,subtopic,,,roadmap.sh:nilbuild/developer-roadmap@master
postgresql-dba,database,D0doJTtLu-1MmFOfavCXN,PostgreSQL vs NoSQL Databases,Introduction,23,subtopic,,,roadmap.sh:nilbuild/developer-roadmap@master
postgresql-dba,database,-M9EFgiDSSAzj9ISk-aeh,Basic RDBMS Concepts,,24,topic,,,roadmap.sh:nilbuild/developer-roadmap@master
postgresql-dba,database,RoYP1tYw5dvhmkVTo1HS-,Object Model,,25,topic,,,roadmap.sh:nilbuild/developer-roadmap@master
postgresql-dba,database,xVocG4LuFdtphwoOxiJTa,Queries,,26,subtopic,,,roadmap.sh:nilbuild/developer-roadmap@master
postgresql-dba,database,4Pw7udOMIsiaKr7w9CRxc,Data Types,,27,subtopic,,,roadmap.sh:nilbuild/developer-roadmap@master
postgresql-dba,database,Rd3RLpyLMGQZzrxQrxDGo,Rows,,28,subtopic,,,roadmap.sh:nilbuild/developer-roadmap@master
postgresql-dba,database,cty2IjgS1BWltbYmuxxuV,Columns,,29,subtopic,,,roadmap.sh:nilbuild/developer-roadmap@master
postgresql-dba,database,W8NhR4SqteMLfso8AD6H8,Tables,,30,subtopic,,,roadmap.sh:nilbuild/developer-roadmap@master
postgresql-dba,database,mF6qAlo2ULJ3lECG2m0h7,Schemas,,31,subtopic,,,roadmap.sh:nilbuild/developer-roadmap@master
postgresql-dba,database,DU-D3-j9h6i9Nj5ci8hlX,Databases,,32,subtopic,,,roadmap.sh:nilbuild/developer-roadmap@master
postgresql-dba,database,mDVbjdVN0spY7dI_8k1YW,Relational Model,,33,topic,,,roadmap.sh:nilbuild/developer-roadmap@master
postgresql-dba,database,-LuxJvI5IaOx6NqzK0d8S,Domains,,34,subtopic,,,roadmap.sh:nilbuild/developer-roadmap@master
postgresql-dba,database,XvZMSveMWqmAlXOxwWzdk,Attributes,,35,subtopic,,,roadmap.sh:nilbuild/developer-roadmap@master
postgresql-dba,database,vJhvgGwNV3JB-wWn_0gMb,Tuples,,36,subtopic,,,roadmap.sh:nilbuild/developer-roadmap@master
postgresql-dba,database,2hM2IPAnNYq-LlEbcFp2Z,Relations,,37,subtopic,,,roadmap.sh:nilbuild/developer-roadmap@master
postgresql-dba,database,j9ikSpCD3yM5pTRFuJjZs,Constraints,,38,subtopic,,,roadmap.sh:nilbuild/developer-roadmap@master
postgresql-dba,database,91eOGK8mtJulWRlhKyv0F,NULL,,39,subtopic,,,roadmap.sh:nilbuild/developer-roadmap@master
postgresql-dba,database,_BSR2mo1lyXEFXbKYb1ZG,High Level Database Concepts,,40,topic,,,roadmap.sh:nilbuild/developer-roadmap@master
postgresql-dba,database,9u7DPbfybqmldisiePq0m,ACID,,41,subtopic,,,roadmap.sh:nilbuild/developer-roadmap@master
postgresql-dba,database,-_ADJsTVGAgXq7_-8bdIO,MVCC,,42,subtopic,,,roadmap.sh:nilbuild/developer-roadmap@master
postgresql-dba,database,yFG_hVD3dB_qK8yphrRY5,Transactions,,43,subtopic,,,roadmap.sh:nilbuild/developer-roadmap@master
postgresql-dba,database,9sadNsbHLqejbRPHWhx-w,Write-ahead Log,,44,subtopic,,,roadmap.sh:nilbuild/developer-roadmap@master
postgresql-dba,database,Qk14b9WyeCp9RV9WAwojt,Query Processing,,45,subtopic,,,roadmap.sh:nilbuild/developer-roadmap@master
postgresql-dba,database,5MjJIAcn5zABCK6JsFf4k,Using Docker,,46,subtopic,,,roadmap.sh:nilbuild/developer-roadmap@master
postgresql-dba,database,pEtQy1nuW98YUwrbfs7Np,Package Managers,,47,subtopic,,,roadmap.sh:nilbuild/developer-roadmap@master
postgresql-dba,database,mMf2Mq9atIKk37IMWuoJs,Connect using `psql`,,48,subtopic,,,roadmap.sh:nilbuild/developer-roadmap@master
postgresql-dba,database,6SCcxpkpLmmRe0rS8WAPZ,Deployment in Cloud,,49,subtopic,,,roadmap.sh:nilbuild/developer-roadmap@master
postgresql-dba,database,P1Hm6ZlrhCRxbxOJkBHlL,Using `systemd`,,51,subtopic,,,roadmap.sh:nilbuild/developer-roadmap@master
postgresql-dba,database,a4j0Rs8Tl6-k9WP5zjaep,Using `pg_ctl`,,52,subtopic,,,roadmap.sh:nilbuild/developer-roadmap@master
postgresql-dba,database,v3SoKmeCh6uxKW5GAAMje,Using `pg_ctlcluster`,,53,subtopic,,,roadmap.sh:nilbuild/developer-roadmap@master
postgresql-dba,database,FtPiBWMFhjakyXsmSL_CI,Installation and Setup,,56,topic,,,roadmap.sh:nilbuild/developer-roadmap@master
postgresql-dba,database,ANUgfkADLI_du7iRvnUdi,Learn SQL,,57,topic,,,roadmap.sh:nilbuild/developer-roadmap@master
postgresql-dba,database,KMdF9efNGULualk5o1W0_,For Schemas,,59,subtopic,,,roadmap.sh:nilbuild/developer-roadmap@master
postgresql-dba,database,ga8ZiuPc42XvZ3-iVh8T1,ForTables,,60,subtopic,,,roadmap.sh:nilbuild/developer-roadmap@master
postgresql-dba,database,fvEgtFP7xvkq_D4hYw3gz,Data Types,,61,subtopic,,,roadmap.sh:nilbuild/developer-roadmap@master
postgresql-dba,database,BEJyz0ohCglDucxfyuAy4,Querying Data,,63,subtopic,,,roadmap.sh:nilbuild/developer-roadmap@master
postgresql-dba,database,dd2lTNsNzYdfB7rRFMNmC,Filtering Data,,64,subtopic,,,roadmap.sh:nilbuild/developer-roadmap@master
postgresql-dba,database,G2NKhjlZqAY9l32H0LPNQ,Modifying Data,,65,subtopic,,,roadmap.sh:nilbuild/developer-roadmap@master
postgresql-dba,database,Hura0LImG9pyPxaEIDo3X,Joining Tables,,66,subtopic,,,roadmap.sh:nilbuild/developer-roadmap@master
postgresql-dba,database,umNNMpJh4Al1dEpT6YkrA,Import / Export Using `COPY`,,67,subtopic,,,roadmap.sh:nilbuild/developer-roadmap@master
postgresql-dba,database,ghgyAXJ72dZmF2JpDvu9U,Transactions,,68,subtopic,,,roadmap.sh:nilbuild/developer-roadmap@master
postgresql-dba,database,_Y-omKcWZOxto-xJka7su,Subqueries,,69,subtopic,,,roadmap.sh:nilbuild/developer-roadmap@master
postgresql-dba,database,uwd_CaeHQQ3ZWojbmtbPh,Grouping,,70,subtopic,,,roadmap.sh:nilbuild/developer-roadmap@master
postgresql-dba,database,fsZvmH210bC_3dBD_X8-z,CTE,,71,subtopic,,,roadmap.sh:nilbuild/developer-roadmap@master
postgresql-dba,database,fTsoMSLcXU1mgd5-vekbT,Lateral Join,,72,subtopic,,,roadmap.sh:nilbuild/developer-roadmap@master
postgresql-dba,database,kOwhnSZBwIhIbIsoAXQ50,Set Operations,,73,subtopic,,,roadmap.sh:nilbuild/developer-roadmap@master
postgresql-dba,database,T819BZ-CZgUX_BY7Gna0J,Configuring,,75,topic,,,roadmap.sh:nilbuild/developer-roadmap@master
postgresql-dba,database,yl3gxfQs4nOE0N7uGqR0d,Resource Usage,,76,subtopic,,,roadmap.sh:nilbuild/developer-roadmap@master
postgresql-dba,database,9VmQ-vN3nPyf1pTFIcj40,Write-ahead Log,,77,subtopic,,,roadmap.sh:nilbuild/developer-roadmap@master
postgresql-dba,database,zoaqBP0Jbf0HpTH8Q3LkJ,Vacuums,,78,subtopic,,,roadmap.sh:nilbuild/developer-roadmap@master
postgresql-dba,database,A3YTrZSUxNBq77iIrNdZ4,Replication,,79,subtopic,,,roadmap.sh:nilbuild/developer-roadmap@master
postgresql-dba,database,hOPwVdIzesselbsI_rRxt,Query Planner,,80,subtopic,,,roadmap.sh:nilbuild/developer-roadmap@master
postgresql-dba,database,3pLn1mhRnekG537ejHUYA,Checkpoints / Background Writer,,81,subtopic,,,roadmap.sh:nilbuild/developer-roadmap@master
postgresql-dba,database,507TY35b8iExakbBMrHgZ,Reporting Logging & Statistics,Configuring,82,subtopic,,,roadmap.sh:nilbuild/developer-roadmap@master
postgresql-dba,database,VAf9VzPx70hUf4H6i3Z2t,Adding Extra Extensions,,83,subtopic,,,roadmap.sh:nilbuild/developer-roadmap@master
postgresql-dba,database,2Zg8R5gs9LMQOcOMZtoPk,Security,,85,topic,,,roadmap.sh:nilbuild/developer-roadmap@master
postgresql-dba,database,S20aJB-VuSpXYyd0-0S8c,Object Privileges,,86,subtopic,,,roadmap.sh:nilbuild/developer-roadmap@master
postgresql-dba,database,o1WSsw-ZIaAb8JF3P0mfR,Grant / Revoke,,87,subtopic,,,roadmap.sh:nilbuild/developer-roadmap@master
postgresql-dba,database,t18XjeHP4uRyERdqhHpl5,Default Privileges,,88,subtopic,,,roadmap.sh:nilbuild/developer-roadmap@master
postgresql-dba,database,09QX_zjCUajxUqcNZKy0x,Advanced Topics,,89,subtopic,,,roadmap.sh:nilbuild/developer-roadmap@master
postgresql-dba,database,bokFf6VNrLcilI9Hid386,Row-Level Security,,90,subtopic,,,roadmap.sh:nilbuild/developer-roadmap@master
postgresql-dba,database,GvpIJF-eaGELwcpWq5_3r,SELinux,,91,subtopic,,,roadmap.sh:nilbuild/developer-roadmap@master
postgresql-dba,database,gb75xOcAr-q8TcA6_l1GZ,Authentication Models,Security,92,subtopic,,,roadmap.sh:nilbuild/developer-roadmap@master
postgresql-dba,database,l0lpaPy12JFCJ-RRYVSqz,Roles,Security,93,subtopic,,,roadmap.sh:nilbuild/developer-roadmap@master
postgresql-dba,database,Y2W29M4piaQsTn2cpyR7Q,pg_hba.conf,,94,subtopic,,,roadmap.sh:nilbuild/developer-roadmap@master
postgresql-dba,database,EKwO6edtFnUw8cPCcVwKJ,SSL Settings,Security,95,subtopic,,,roadmap.sh:nilbuild/developer-roadmap@master
postgresql-dba,database,zlqSX0tl7HD9C1yEGkvoM,Infrastructure Skills,,96,topic,,,roadmap.sh:nilbuild/developer-roadmap@master
postgresql-dba,database,cJYlZJ9f3kdptNrTlpMNU,Using `pg_upgrade`,,97,subtopic,,,roadmap.sh:nilbuild/developer-roadmap@master
postgresql-dba,database,MVVWAf9Hk3Fom-wBhO64R,Using Logical Replication,,98,subtopic,,,roadmap.sh:nilbuild/developer-roadmap@master
postgresql-dba,database,rNp3ZC6axkcKtAWYCPvdR,Simple Stateful Setup,,99,subtopic,,,roadmap.sh:nilbuild/developer-roadmap@master
postgresql-dba,database,QHbdwiMQ8otxnVIUVV2NT,Helm,,100,subtopic,,,roadmap.sh:nilbuild/developer-roadmap@master
postgresql-dba,database,nRJKfjW2UrmKmVUrGIfCC,Operators,,101,subtopic,,,roadmap.sh:nilbuild/developer-roadmap@master
postgresql-dba,database,Z2PuOmgOqScGFbhvrvrA1,PostgreSQL Anonymizer,,102,subtopic,,,roadmap.sh:nilbuild/developer-roadmap@master
postgresql-dba,database,V8_zJRwOX9664bUvAGgff,HAProxy,,103,subtopic,,,roadmap.sh:nilbuild/developer-roadmap@master
postgresql-dba,database,IkB28gO0LK1q1-KjdI9Oz,Consul,,104,subtopic,,,roadmap.sh:nilbuild/developer-roadmap@master
postgresql-dba,database,xk2G-HUS-dviNW3BAMmJv,KeepAlived,,105,subtopic,,,roadmap.sh:nilbuild/developer-roadmap@master
postgresql-dba,database,kCw6oEVGdKokCz4wYizIT,Etcd,,106,subtopic,,,roadmap.sh:nilbuild/developer-roadmap@master
postgresql-dba,database,XmBeM01NAy-_nfyNdk9ZV,Prometheus,,107,subtopic,,,roadmap.sh:nilbuild/developer-roadmap@master
postgresql-dba,database,z3VD68R2uyu1s-3giRxKr,Zabbix,,108,subtopic,,,roadmap.sh:nilbuild/developer-roadmap@master
postgresql-dba,database,WiOgUt5teG9UVRa6zo4h3,check_pgactivity,,109,subtopic,,,roadmap.sh:nilbuild/developer-roadmap@master
postgresql-dba,database,aXG68inOu3trBWOmg9Yqx,temBoard,,110,subtopic,,,roadmap.sh:nilbuild/developer-roadmap@master
postgresql-dba,database,DDPuDDUFxubWZmWXCmF7L,check_pgbackrest,,111,subtopic,,,roadmap.sh:nilbuild/developer-roadmap@master
postgresql-dba,database,-XhONB0FBA6UslbDWoTDv,barman,,112,subtopic,,,roadmap.sh:nilbuild/developer-roadmap@master
postgresql-dba,database,4gQSzH-WKFAvmkwlX_oyR,WAL-G,,113,subtopic,,,roadmap.sh:nilbuild/developer-roadmap@master
postgresql-dba,database,5LLYxCj22RE6Nf0fVm8GO,pgbackrest,,114,subtopic,,,roadmap.sh:nilbuild/developer-roadmap@master
postgresql-dba,database,Id_17Ya-NUvoXxijAZvmW,pg_probackup,,115,subtopic,,,roadmap.sh:nilbuild/developer-roadmap@master
postgresql-dba,database,XZ922juBJ8Om0WyGtSYT5,pg_dump,,116,subtopic,,,roadmap.sh:nilbuild/developer-roadmap@master
postgresql-dba,database,QmV-J6fPYQ5CcdGUkBs7y,pg_dumpall,,117,subtopic,,,roadmap.sh:nilbuild/developer-roadmap@master
postgresql-dba,database,YSprRhPHkzV8SzDYpIVmp,pg_restore,,118,subtopic,,,roadmap.sh:nilbuild/developer-roadmap@master
postgresql-dba,database,XYaVsj5_48CSnoTSGXBbN,pg_basebackup,,119,subtopic,,,roadmap.sh:nilbuild/developer-roadmap@master
postgresql-dba,database,te4PZaqt6-5Qu8rU0w6a1,Backup Validation Procedures,,120,subtopic,,,roadmap.sh:nilbuild/developer-roadmap@master
postgresql-dba,database,aKQI7aX4bT_39bZgjmfoW,PgBouncer,,121,subtopic,,,roadmap.sh:nilbuild/developer-roadmap@master
postgresql-dba,database,3V1PPIeB0i9qNUsT8-4O-,PgBouncer Alternatives,,122,subtopic,,,roadmap.sh:nilbuild/developer-roadmap@master
postgresql-dba,database,rmsIw9CQa1qcQ_REw76NK,Logical Replication,,124,subtopic,,,roadmap.sh:nilbuild/developer-roadmap@master
postgresql-dba,database,MwLlVbqceQ-GTgPJlgoQY,Streaming Replication,,125,subtopic,,,roadmap.sh:nilbuild/developer-roadmap@master
postgresql-dba,database,mm0K_8TFicrYdZQvWFkH4,Patroni,,130,subtopic,,,roadmap.sh:nilbuild/developer-roadmap@master
postgresql-dba,database,TZvZ_jNjWnM535ZktyhQN,Patroni Alternatives,,131,subtopic,,,roadmap.sh:nilbuild/developer-roadmap@master
postgresql-dba,database,SNnc8CIKuHUAEZaJ_qEar,Resource Usage / Provisioning / Capacity Planning,,138,subtopic,,,roadmap.sh:nilbuild/developer-roadmap@master
postgresql-dba,database,e5s7-JRqNy-OhfnjTScZI,Learn to Automate,,139,topic,,,roadmap.sh:nilbuild/developer-roadmap@master
postgresql-dba,database,-clI2RmfhK8F8beHULaIB,Shell Scripts,,140,subtopic,,,roadmap.sh:nilbuild/developer-roadmap@master
postgresql-dba,database,j5YeixkCKRv0sfq_gFVr9,Any Programming Language,,141,subtopic,,,roadmap.sh:nilbuild/developer-roadmap@master
postgresql-dba,database,RqSfBR_RuvHrwHfPn1jwZ,Ansible,,143,subtopic,http://data.europa.eu/esco/skill/6f8a40d6-f9ce-43ec-a72f-d4213a53f3ed,Ansible,roadmap.sh:nilbuild/developer-roadmap@master
postgresql-dba,database,Q_B9dlXNMXZIRYQC74uIf,Salt,,144,subtopic,http://data.europa.eu/esco/skill/c7451027-8249-405a-bb1b-342ff0f3fb3b,Salt (tools for software configuration management),roadmap.sh:nilbuild/developer-roadmap@master
postgresql-dba,database,7EHZ9YsNjCyTAN-LDWYMS,Chef,,145,subtopic,,,roadmap.sh:nilbuild/developer-roadmap@master
postgresql-dba,database,e39bceamU-lq3F2pmLz6v,Puppet,,146,subtopic,http://data.europa.eu/esco/skill/6417a4cc-6f61-4459-a114-761a7fa0279d,Puppet (tools for software configuration management),roadmap.sh:nilbuild/developer-roadmap@master
postgresql-dba,database,AtZcMhy2Idmgonp5O8RSQ,Practical Patterns / Antipatterns,,148,subtopic,,,roadmap.sh:nilbuild/developer-roadmap@master
postgresql-dba,database,3Lcy7kBKeV6hx9Ctp_20M,Migration Related Tools,,149,subtopic,,,roadmap.sh:nilbuild/developer-roadmap@master
postgresql-dba,database,cc4S7ugIphyBZr-f6X0qi,Bulk Loading / Processing Data,,150,subtopic,,,roadmap.sh:nilbuild/developer-roadmap@master
postgresql-dba,database,OiGRtLsc28Tv35vIut6B6,Data Partitioning,,151,subtopic,,,roadmap.sh:nilbuild/developer-roadmap@master
postgresql-dba,database,r6Blr7Q4wOnvJ-m6NvPyP,Sharding Patterns,,152,subtopic,,,roadmap.sh:nilbuild/developer-roadmap@master
postgresql-dba,database,Fcl7AD2M6WrMbxdvnl-ub,Normalization / Normal Forms,,153,subtopic,,,roadmap.sh:nilbuild/developer-roadmap@master
postgresql-dba,database,rnXcM62rgq3p6FQ9AWW1R,Patterns / Antipatterns,,155,subtopic,,,roadmap.sh:nilbuild/developer-roadmap@master
postgresql-dba,database,WCBWPubUS84r3tOXpnZT3,PgQ,,156,subtopic,,,roadmap.sh:nilbuild/developer-roadmap@master
postgresql-dba,database,v2J6PZT0fHvqA7GwlqBU7,Processes & Memory Architecture,,161,subtopic,,,roadmap.sh:nilbuild/developer-roadmap@master
postgresql-dba,database,dJzJP1uo4kVFThWgglPfk,Vacuum Processing,,162,subtopic,,,roadmap.sh:nilbuild/developer-roadmap@master
postgresql-dba,database,KeBUzfrkorgFWpR8A-xmJ,Buffer Management,,163,subtopic,,,roadmap.sh:nilbuild/developer-roadmap@master
postgresql-dba,database,pOkafV7nDHme4jk-hA8Cn,Lock Management,,164,subtopic,,,roadmap.sh:nilbuild/developer-roadmap@master
postgresql-dba,database,gweDHAB58gKswdwfpnRQT,Physical Storage and File Layout,,165,subtopic,,,roadmap.sh:nilbuild/developer-roadmap@master
postgresql-dba,database,lDuBFA7cEMnd7Cl9MDgnf,System Catalog,,166,subtopic,,,roadmap.sh:nilbuild/developer-roadmap@master
postgresql-dba,database,msm4QCAA-MRVI1psf6tt3,"Per-User, Per-Database Setting",,168,subtopic,,,roadmap.sh:nilbuild/developer-roadmap@master
postgresql-dba,database,4VrT_K9cZZ0qE1EheSQy0,Storage Parameters,,169,subtopic,,,roadmap.sh:nilbuild/developer-roadmap@master
postgresql-dba,database,VekAMpcrugHGuvSbyPZVv,OLTP,,171,subtopic,,,roadmap.sh:nilbuild/developer-roadmap@master
postgresql-dba,database,WI3-7hFAnJw5f7GIn-5kp,OLAP,,172,subtopic,http://data.europa.eu/esco/skill/b0a3bb25-a02f-43ed-ab1f-994fa66a424a,online analytical processing,roadmap.sh:nilbuild/developer-roadmap@master
postgresql-dba,database,rHDlm78yroRrrAAcabEAl,HTAP,,173,subtopic,,,roadmap.sh:nilbuild/developer-roadmap@master
postgresql-dba,database,Ur23UVs_nXaltytF1WJD8,PL/pgSQL,,174,subtopic,,,roadmap.sh:nilbuild/developer-roadmap@master
postgresql-dba,database,LiF2Yh818D-zEF58v5Fgr,Procedures and Functions,,175,subtopic,,,roadmap.sh:nilbuild/developer-roadmap@master
postgresql-dba,database,ps2KK88QA1n5udn2ochIn,Triggers,,176,subtopic,,,roadmap.sh:nilbuild/developer-roadmap@master
postgresql-dba,database,A1LGOqqaka0ILcYwybclP,Recursive CTE,,177,subtopic,,,roadmap.sh:nilbuild/developer-roadmap@master
postgresql-dba,database,iQqEC1CnVAoM7x455jO_S,Aggregate and Window functions,,178,subtopic,,,roadmap.sh:nilbuild/developer-roadmap@master
postgresql-dba,database,pvj33qDiG3sSjtiW6sUra,top,,182,subtopic,,,roadmap.sh:nilbuild/developer-roadmap@master
postgresql-dba,database,0hRQtRsteGDnKO5XgLF1R,sysstat,,183,subtopic,,,roadmap.sh:nilbuild/developer-roadmap@master
postgresql-dba,database,n8oHT7YwhHhFdU5_7DZ_F,iotop,,184,subtopic,,,roadmap.sh:nilbuild/developer-roadmap@master
postgresql-dba,database,yIdUhfE2ZTQhDAdQsXrnH,gdb,,186,subtopic,,,roadmap.sh:nilbuild/developer-roadmap@master
postgresql-dba,database,C_cUfEufYeUlAdVfdUvsK,strace,,187,subtopic,,,roadmap.sh:nilbuild/developer-roadmap@master
postgresql-dba,database,QarPFu_wU6-F9P5YHo6CO,ebpf,,188,subtopic,,,roadmap.sh:nilbuild/developer-roadmap@master
postgresql-dba,database,wH447bS-csqmGbk-jaGqp,perf-tools,,189,subtopic,,,roadmap.sh:nilbuild/developer-roadmap@master
postgresql-dba,database,-CIezYPHTcXJF_p4T55-c,Core Dumps,,190,subtopic,,,roadmap.sh:nilbuild/developer-roadmap@master
postgresql-dba,database,V2iW8tJQXwsRknnZXoHGd,pgBadger,,192,subtopic,,,roadmap.sh:nilbuild/developer-roadmap@master
postgresql-dba,database,ISuU1lWH_zVDlCHnWXbf9,pgCluu,,193,subtopic,,,roadmap.sh:nilbuild/developer-roadmap@master
postgresql-dba,database,HJCRntic0aGVvdmCN45aP,awk,,194,subtopic,http://data.europa.eu/esco/skill/21d2f96d-35f7-4e3f-9745-c533d2dd6e97,computer programming,roadmap.sh:nilbuild/developer-roadmap@master
postgresql-dba,database,cFtrSgboZRJ3Q63eaqEBf,grep,,195,subtopic,,,roadmap.sh:nilbuild/developer-roadmap@master
postgresql-dba,database,hVL6OtsXrE8BvjKpRjB-9,sed,,196,subtopic,,,roadmap.sh:nilbuild/developer-roadmap@master
postgresql-dba,database,_NL5pGGTLNxCFx4axOqfu,pg_stat_activity,,198,subtopic,,,roadmap.sh:nilbuild/developer-roadmap@master
postgresql-dba,database,wLMGOUaULW7ZALRr-shTz,pg_stat_statements,,199,subtopic,,,roadmap.sh:nilbuild/developer-roadmap@master
postgresql-dba,database,TytU0IpWgwhr4w4W4H3Vx,pgcenter,,201,subtopic,,,roadmap.sh:nilbuild/developer-roadmap@master
postgresql-dba,database,n2OjwxzIHnATraRWi5Ddl,EXPLAIN,,203,subtopic,,,roadmap.sh:nilbuild/developer-roadmap@master
postgresql-dba,database,rVlncpLO20WK6mjyqLerL,Depesz,,204,subtopic,,,roadmap.sh:nilbuild/developer-roadmap@master
postgresql-dba,database,9RyMU36KEP__-RzTTz_eo,PEV2,,205,subtopic,,,roadmap.sh:nilbuild/developer-roadmap@master
postgresql-dba,database,xEu5n6U9-WKVxjlT5YUgx,Tensor,,206,subtopic,,,roadmap.sh:nilbuild/developer-roadmap@master
postgresql-dba,database,UZ1vRFRjiQAVu6BygqwEL,explain.dalibo.com,,207,subtopic,,,roadmap.sh:nilbuild/developer-roadmap@master
postgresql-dba,database,QWi84EjdHw5ChYsuwUhPC,USE,,209,subtopic,,,roadmap.sh:nilbuild/developer-roadmap@master
postgresql-dba,database,qBkpTmfbyCv2L-OJW9pPI,RED,,210,subtopic,,,roadmap.sh:nilbuild/developer-roadmap@master
postgresql-dba,database,oX-bdPPjaHJnQKgUhDSF2,Golden Signals,,211,subtopic,,,roadmap.sh:nilbuild/developer-roadmap@master
postgresql-dba,database,FDuiJyU1yWUQ9IsfS3CeZ,Schema Design Patterns / Anti-patterns,,214,topic,,,roadmap.sh:nilbuild/developer-roadmap@master
postgresql-dba,database,G9DB1ZQjgXaHxJ4Lm6xGx,SQL Query Patterns / Anti-patterns,,215,topic,,,roadmap.sh:nilbuild/developer-roadmap@master
postgresql-dba,database,Dhhyg23dBMyAKCFwZmu71,Indexes and their Usecases,,216,topic,,,roadmap.sh:nilbuild/developer-roadmap@master
postgresql-dba,database,jihXOJq9zYlDOpvJvpFO-,B-Tree,Indexes and their Usecases,217,subtopic,,,roadmap.sh:nilbuild/developer-roadmap@master
postgresql-dba,database,2yWYyXt1uLOdQg4YsgdVq,Hash,,218,subtopic,,,roadmap.sh:nilbuild/developer-roadmap@master
postgresql-dba,database,2chGkn5Y_WTjYllpgL0LJ,GiST,Indexes and their Usecases,219,subtopic,,,roadmap.sh:nilbuild/developer-roadmap@master
postgresql-dba,database,LT5qRETR3pAI8Tk6k5idg,SP-GiST,Indexes and their Usecases,220,subtopic,,,roadmap.sh:nilbuild/developer-roadmap@master
postgresql-dba,database,FJhJyDWOj9w_Rd_uKcouT,GIN,,221,subtopic,,,roadmap.sh:nilbuild/developer-roadmap@master
postgresql-dba,database,43oFhZuXjJd4QHbUoLtft,BRIN,,222,subtopic,,,roadmap.sh:nilbuild/developer-roadmap@master
postgresql-dba,database,NhodBD8myUTljNdn3y40I,Get Involved in Development,,223,topic,,,roadmap.sh:nilbuild/developer-roadmap@master
postgresql-dba,database,8H7hJhGKxr1nrjkHv9Xao,Mailing Lists,Get Involved in Development,224,subtopic,,,roadmap.sh:nilbuild/developer-roadmap@master
postgresql-dba,database,Jy0G0ZnHPOM8hba_PbwuA,Reviewing Patches,Get Involved in Development,225,subtopic,,,roadmap.sh:nilbuild/developer-roadmap@master
postgresql-dba,database,eQzMU_KyQmHJQ6gzyk0-1,Writing Patches,Get Involved in Development,226,subtopic,,,roadmap.sh:nilbuild/developer-roadmap@master
system-design,backend,_hYN0gEi9BL24nptEtXWU,Introduction,,26,topic,,,roadmap.sh:nilbuild/developer-roadmap@master
system-design,backend,idLHBxhvcIqZTqmh_E8Az,What is System Design?,Introduction,27,subtopic,,,roadmap.sh:nilbuild/developer-roadmap@master
system-design,backend,os3Pa6W9SSNEzgmlBbglQ,How to approach System Design?,Introduction,28,subtopic,,,roadmap.sh:nilbuild/developer-roadmap@master
system-design,backend,e_15lymUjFc6VWqzPnKxG,Performance vs Scalability,,30,topic,,,roadmap.sh:nilbuild/developer-roadmap@master
system-design,backend,O3wAHLnzrkvLWr4afHDdr,Latency vs Throughput,,31,topic,,,roadmap.sh:nilbuild/developer-roadmap@master
system-design,backend,uJc27BNAuP321HQNbjftn,Availability vs Consistency,,32,topic,,,roadmap.sh:nilbuild/developer-roadmap@master
system-design,backend,tcGdVQsCEobdV9hgOq3eG,CAP Theorem,,33,subtopic,,,roadmap.sh:nilbuild/developer-roadmap@master
system-design,backend,GHe8V-REu1loRpDnHbyUn,Consistency Patterns,,36,topic,,,roadmap.sh:nilbuild/developer-roadmap@master
system-design,backend,EKD5AikZtwjtsEYRPJhQ2,Weak Consistency,Consistency Patterns,37,subtopic,,,roadmap.sh:nilbuild/developer-roadmap@master
system-design,backend,rRDGVynX43inSeQ9lR_FS,Eventual Consistency,Consistency Patterns,38,subtopic,,,roadmap.sh:nilbuild/developer-roadmap@master
system-design,backend,JjB7eB8gdRCAYf5M0RcT7,Strong Consistency,Consistency Patterns,39,subtopic,,,roadmap.sh:nilbuild/developer-roadmap@master
system-design,backend,ezptoTqeaepByegxS5kHL,Availability Patterns,,40,topic,,,roadmap.sh:nilbuild/developer-roadmap@master
system-design,backend,L_jRfjvMGjFbHEbozeVQl,Fail-Over,,41,subtopic,,,roadmap.sh:nilbuild/developer-roadmap@master
system-design,backend,0RQ5jzZKdadYY0h_QZ0Bb,Replication,,45,subtopic,,,roadmap.sh:nilbuild/developer-roadmap@master
system-design,backend,uHdrZllrZFAnVkwIB3y5-,Availability in Numbers,,48,subtopic,,,roadmap.sh:nilbuild/developer-roadmap@master
system-design,backend,DOESIlBThd_wp2uOSd_CS,Background Jobs,,52,topic,,,roadmap.sh:nilbuild/developer-roadmap@master
system-design,backend,NEsPjQifNDlZJE-2YLVl1,Event-Driven,Background Jobs,53,subtopic,,,roadmap.sh:nilbuild/developer-roadmap@master
system-design,backend,zoViI4kzpKIxpU20T89K_,Schedule Driven,Background Jobs,54,subtopic,,,roadmap.sh:nilbuild/developer-roadmap@master
system-design,backend,2gRIstNT-fTkv5GZ692gx,Returning Results,Background Jobs,55,subtopic,,,roadmap.sh:nilbuild/developer-roadmap@master
system-design,backend,Uk6J8JRcKVEFz4_8rLfnQ,Domain Name System,,56,topic,,,roadmap.sh:nilbuild/developer-roadmap@master
system-design,backend,O730v5Ww3ByAiBSs6fwyM,Content Delivery Networks,,57,topic,,,roadmap.sh:nilbuild/developer-roadmap@master
system-design,backend,uIerrf_oziiLg-KEyz8WM,Push CDNs,Content Delivery Networks,58,subtopic,,,roadmap.sh:nilbuild/developer-roadmap@master
system-design,backend,HkXiEMLqxJoQyAHav3ccL,Pull CDNs,Content Delivery Networks,59,subtopic,,,roadmap.sh:nilbuild/developer-roadmap@master
system-design,backend,14KqLKgh090Rb3MDwelWY,Load Balancers,,60,topic,,,roadmap.sh:nilbuild/developer-roadmap@master
system-design,backend,ocdcbhHrwjJX0KWgmsOL6,LB vs Reverse Proxy,Load Balancers,61,subtopic,,,roadmap.sh:nilbuild/developer-roadmap@master
system-design,backend,urSjLyLTE5IIz0TFxMBWL,Load Balancing Algorithms,Load Balancers,62,subtopic,,,roadmap.sh:nilbuild/developer-roadmap@master
system-design,backend,e69-JVbDj7dqV_p1j1kML,Layer 7 Load Balancing,Load Balancers,63,subtopic,,,roadmap.sh:nilbuild/developer-roadmap@master
system-design,backend,MpM9rT1-_LGD7YbnBjqOk,Layer 4 Load Balancing,Load Balancers,64,subtopic,,,roadmap.sh:nilbuild/developer-roadmap@master
system-design,backend,IkUCfSWNY-02wg2WCo1c6,Horizontal Scaling,Load Balancers,65,subtopic,,,roadmap.sh:nilbuild/developer-roadmap@master
system-design,backend,XXuzTrP5UNVwSpAk-tAGr,Application Layer,,66,topic,,,roadmap.sh:nilbuild/developer-roadmap@master
system-design,backend,UKTiaHCzYXnrNw31lHriv,Microservices,,67,subtopic,,,roadmap.sh:nilbuild/developer-roadmap@master
system-design,backend,Nt0HUWLOl4O77elF8Is1S,Service Discovery,Application Layer,68,subtopic,,,roadmap.sh:nilbuild/developer-roadmap@master
system-design,backend,5FXwwRMNBhG7LT5ub6t2L,Databases,,69,topic,,,roadmap.sh:nilbuild/developer-roadmap@master
system-design,backend,KLnpMR2FxlQkCHZP6-tZm,SQL vs NoSQL,Databases,70,subtopic,,,roadmap.sh:nilbuild/developer-roadmap@master
system-design,backend,dc-aIbBwUdlwgwQKGrq49,Replication,,71,subtopic,,,roadmap.sh:nilbuild/developer-roadmap@master
system-design,backend,FX6dcV_93zOfbZMdM_-li,Sharding,,72,subtopic,,,roadmap.sh:nilbuild/developer-roadmap@master
system-design,backend,DGmVRI7oWdSOeIUn_g0rI,Federation,,73,subtopic,,,roadmap.sh:nilbuild/developer-roadmap@master
system-design,backend,Zp9D4--DgtlAjE2nIfaO_,Denormalization,,74,subtopic,,,roadmap.sh:nilbuild/developer-roadmap@master
system-design,backend,fY8zgbB13wxZ1CFtMSdZZ,SQL Tuning,,75,subtopic,,,roadmap.sh:nilbuild/developer-roadmap@master
system-design,backend,KFtdmmce4bRkDyvFXZzLN,Key-Value Store,,77,subtopic,,,roadmap.sh:nilbuild/developer-roadmap@master
system-design,backend,didEznSlVHqqlijtyOSr3,Document Store,,78,subtopic,,,roadmap.sh:nilbuild/developer-roadmap@master
system-design,backend,WHq1AdISkcgthaugE9uY7,Wide Column Store,,79,subtopic,,,roadmap.sh:nilbuild/developer-roadmap@master
system-design,backend,6RLgnL8qLBzYkllHeaI-Z,Graph Databases,,80,subtopic,,,roadmap.sh:nilbuild/developer-roadmap@master
system-design,backend,-X4g8kljgVBOBcf1DDzgi,Caching,,82,topic,,,roadmap.sh:nilbuild/developer-roadmap@master
system-design,backend,Bgqgl67FK56ioLNFivIsc,Refresh Ahead,,83,subtopic,,,roadmap.sh:nilbuild/developer-roadmap@master
system-design,backend,vNndJ-MWetcbaF2d-3-JP,Write-behind,,84,subtopic,,,roadmap.sh:nilbuild/developer-roadmap@master
system-design,backend,RNITLR1FUQWkRbSBXTD_z,Write-through,,85,subtopic,,,roadmap.sh:nilbuild/developer-roadmap@master
system-design,backend,bffJlvoLHFldS0CluWifP,Cache Aside,,86,subtopic,,,roadmap.sh:nilbuild/developer-roadmap@master
system-design,backend,RHNRb6QWiGvCK3KQOPK3u,Client Caching,,88,subtopic,,,roadmap.sh:nilbuild/developer-roadmap@master
system-design,backend,Kisvxlrjb7XnKFCOdxRtb,CDN Caching,,89,subtopic,,,roadmap.sh:nilbuild/developer-roadmap@master
system-design,backend,o532nPnL-d2vXJn9k6vMl,Web Server Caching,,90,subtopic,,,roadmap.sh:nilbuild/developer-roadmap@master
system-design,backend,BeIg4jzbij2cwc_a_VpYG,Database Caching,,91,subtopic,,,roadmap.sh:nilbuild/developer-roadmap@master
system-design,backend,5Ux_JBDOkflCaIm4tVBgO,Application Caching,,92,subtopic,,,roadmap.sh:nilbuild/developer-roadmap@master
system-design,backend,84N4XY31PwXRntXX1sdCU,Asynchronism,,93,topic,,,roadmap.sh:nilbuild/developer-roadmap@master
system-design,backend,YiYRZFE_zwPMiCZxz9FnP,Back Pressure,Asynchronism,94,subtopic,,,roadmap.sh:nilbuild/developer-roadmap@master
system-design,backend,a9wGW_H1HpvvdYCXoS-Rf,Task Queues,Asynchronism,95,subtopic,,,roadmap.sh:nilbuild/developer-roadmap@master
system-design,backend,37X1_9eCmkZkz5RDudE5N,Message Queues,Asynchronism,96,subtopic,,,roadmap.sh:nilbuild/developer-roadmap@master
system-design,backend,3pRi8M4xQXsehkdfUNtYL,Idempotent Operations,,99,topic,,,roadmap.sh:nilbuild/developer-roadmap@master
system-design,backend,uQFzD_ryd-8Dr1ppjorYJ,Communication,,101,topic,,,roadmap.sh:nilbuild/developer-roadmap@master
system-design,backend,I_nR6EwjNXSG7_hw-_VhX,HTTP,,102,subtopic,,,roadmap.sh:nilbuild/developer-roadmap@master
system-design,backend,2nF5uC6fYKbf0RFgGNHiP,TCP,,103,subtopic,,,roadmap.sh:nilbuild/developer-roadmap@master
system-design,backend,LC5aTmUKNiw9RuSUt3fSE,UDP,Communication,104,subtopic,,,roadmap.sh:nilbuild/developer-roadmap@master
system-design,backend,ixqucoAkgnphWYAFnsMe-,RPC,,105,subtopic,,,roadmap.sh:nilbuild/developer-roadmap@master
system-design,backend,6-bgmfDTAQ9zABhpmVoHV,REST,,106,subtopic,,,roadmap.sh:nilbuild/developer-roadmap@master
system-design,backend,Hw2v1rCYn24qxBhhmdc28,gRPC,,107,subtopic,,,roadmap.sh:nilbuild/developer-roadmap@master
system-design,backend,jwv2g2Yeq-6Xv5zSd746R,GraphQL,,108,subtopic,,,roadmap.sh:nilbuild/developer-roadmap@master
system-design,backend,p--uEm6klLx_hKxKJiXE5,Performance Antipatterns,,109,topic,,,roadmap.sh:nilbuild/developer-roadmap@master
system-design,backend,hxiV2uF7tvhZKe4K-4fTn,Busy Database,,110,subtopic,,,roadmap.sh:nilbuild/developer-roadmap@master
system-design,backend,i_2M3VloG-xTgWDWp4ngt,Busy Frontend,,111,subtopic,,,roadmap.sh:nilbuild/developer-roadmap@master
system-design,backend,0IzQwuYi_E00bJwxDuw2B,Chatty I/O,,112,subtopic,,,roadmap.sh:nilbuild/developer-roadmap@master
system-design,backend,6u3XmtJFWyJnyZUnJcGYb,Extraneous Fetching,,113,subtopic,,,roadmap.sh:nilbuild/developer-roadmap@master
system-design,backend,lwMs4yiUHF3nQwcvauers,Improper Instantiation,,114,subtopic,,,roadmap.sh:nilbuild/developer-roadmap@master
system-design,backend,p1QhCptnwzTGUXVMnz_Oz,Monolithic Persistence,,115,subtopic,,,roadmap.sh:nilbuild/developer-roadmap@master
system-design,backend,klvHk1_e03Jarn5T46QNi,No Caching,,116,subtopic,,,roadmap.sh:nilbuild/developer-roadmap@master
system-design,backend,r7uQxmurvfsYtTCieHqly,Noisy Neighbor,,117,subtopic,,,roadmap.sh:nilbuild/developer-roadmap@master
system-design,backend,LNmAJmh2ndFtOQIpvX_ga,Retry Storm,,118,subtopic,,,roadmap.sh:nilbuild/developer-roadmap@master
system-design,backend,Ihnmxo_bVgZABDwg1QGGk,Synchronous I/O,,119,subtopic,,,roadmap.sh:nilbuild/developer-roadmap@master
system-design,backend,hDFYlGFYwcwWXLmrxodFX,Monitoring,,120,topic,,,roadmap.sh:nilbuild/developer-roadmap@master
system-design,backend,hkjYvLoVt9xKDzubm0Jy3,Health Monitoring,Monitoring,121,subtopic,,,roadmap.sh:nilbuild/developer-roadmap@master
system-design,backend,rVrwaioGURvrqNBufF2dj,Availability Monitoring,Monitoring,122,subtopic,,,roadmap.sh:nilbuild/developer-roadmap@master
system-design,backend,x1i3qWFtNNjd00-kAvFHw,Performance Monitoring,Monitoring,123,subtopic,,,roadmap.sh:nilbuild/developer-roadmap@master
system-design,backend,I_NfmDcBph8-oyFVFTknL,Security Monitoring,Monitoring,124,subtopic,,,roadmap.sh:nilbuild/developer-roadmap@master
system-design,backend,eSZq74lROh5lllLyTBK5a,Usage Monitoring,Monitoring,125,subtopic,,,roadmap.sh:nilbuild/developer-roadmap@master
system-design,backend,Q0fKphqmPwjTD0dhqiP6K,Instrumentation,Monitoring,126,subtopic,,,roadmap.sh:nilbuild/developer-roadmap@master
system-design,backend,IwMOTpsYHApdvHZOhXtIw,Visualization & Alerts,Monitoring,127,subtopic,,,roadmap.sh:nilbuild/developer-roadmap@master
system-design,backend,THlzcZTNnPGLRiHPWT-Jv,Cloud Design Patterns,,129,topic,,,roadmap.sh:nilbuild/developer-roadmap@master
system-design,backend,dsWpta3WIBvv2K9pNVPo0,Messaging,,131,topic,,,roadmap.sh:nilbuild/developer-roadmap@master
system-design,backend,VgvUWAC6JYFyPZKBRoEqf,Sequential Convoy,,132,subtopic,,,roadmap.sh:nilbuild/developer-roadmap@master
system-design,backend,uR1fU6pm7zTtdBcNgSRi4,Scheduling Agent Supervisor,,133,subtopic,,,roadmap.sh:nilbuild/developer-roadmap@master
system-design,backend,LncTxPg-wx8loy55r5NmV,Queue-Based Load Leveling,,134,subtopic,,,roadmap.sh:nilbuild/developer-roadmap@master
system-design,backend,2ryzJhRDTo98gGgn9mAxR,Publisher/Subscriber,,135,subtopic,,,roadmap.sh:nilbuild/developer-roadmap@master
system-design,backend,DZcZEOi7h3u0744YhASet,Priority Queue,,136,subtopic,,,roadmap.sh:nilbuild/developer-roadmap@master
system-design,backend,siXdR3TB9-4wx_qWieJ5w,Pipes and Filters,,137,subtopic,,,roadmap.sh:nilbuild/developer-roadmap@master
system-design,backend,9Ld07KLOqP0ICtXEjngYM,Competing Consumers,,138,subtopic,,,roadmap.sh:nilbuild/developer-roadmap@master
system-design,backend,aCzRgUkVBvtHUeLU6p5ZH,Choreography,,139,subtopic,,,roadmap.sh:nilbuild/developer-roadmap@master
system-design,backend,kl4upCnnZvJSf2uII1Pa0,Claim Check,,140,subtopic,,,roadmap.sh:nilbuild/developer-roadmap@master
system-design,backend,eNFNXPsFiryVxFe4unVxk,Async Request Reply,,141,subtopic,,,roadmap.sh:nilbuild/developer-roadmap@master
system-design,backend,W0cUCrhiwH_Nrzxw50x3L,Data Management,,142,topic,,,roadmap.sh:nilbuild/developer-roadmap@master
system-design,backend,stZOcr8EUBOK_ZB48uToj,Valet Key,,143,subtopic,,,roadmap.sh:nilbuild/developer-roadmap@master
system-design,backend,-lKq-LT7EPK7r3xbXLgwS,Static Content Hosting,,144,subtopic,,,roadmap.sh:nilbuild/developer-roadmap@master
system-design,backend,R6YehzA3X6DDo6oGBoBAx,Sharding,,145,subtopic,,,roadmap.sh:nilbuild/developer-roadmap@master
system-design,backend,WB7vQ4IJ0TPh2MbZvxP6V,Materialized View,,146,subtopic,,,roadmap.sh:nilbuild/developer-roadmap@master
system-design,backend,AH0nVeVsfYOjcI3vZvcdz,Index Table,,147,subtopic,,,roadmap.sh:nilbuild/developer-roadmap@master
system-design,backend,7OgRKlwFqrk3XO2z49EI1,Event Sourcing,,148,subtopic,,,roadmap.sh:nilbuild/developer-roadmap@master
system-design,backend,LTD3dn05c0ruUJW0IQO7z,CQRS,,149,subtopic,,,roadmap.sh:nilbuild/developer-roadmap@master
system-design,backend,PK4V9OWNVi8StdA2N13X2,Cache-Aside,,150,subtopic,,,roadmap.sh:nilbuild/developer-roadmap@master
system-design,backend,PtJ7-v1VCLsyaWWYHYujV,Design & Implementation,,151,topic,,,roadmap.sh:nilbuild/developer-roadmap@master
system-design,backend,VIbXf7Jh9PbQ9L-g6pHUG,Strangler Fig,,152,subtopic,,,roadmap.sh:nilbuild/developer-roadmap@master
system-design,backend,izPT8NfJy1JC6h3i7GJYl,Static Content Hosting,,153,subtopic,,,roadmap.sh:nilbuild/developer-roadmap@master
system-design,backend,AAgOGrra5Yz3_eG6tD2Fx,Sidecar,,154,subtopic,,,roadmap.sh:nilbuild/developer-roadmap@master
system-design,backend,WkoFezOXLf1H2XI9AtBtv,Pipes & Filters,,155,subtopic,,,roadmap.sh:nilbuild/developer-roadmap@master
system-design,backend,beWKUIB6Za27yhxQwEYe3,Leader Election,,156,subtopic,,,roadmap.sh:nilbuild/developer-roadmap@master
system-design,backend,LXH_mDlILqcyIKtMYTWqy,Gateway Routing,,157,subtopic,,,roadmap.sh:nilbuild/developer-roadmap@master
system-design,backend,0SOWAA8hrLM-WsG5k66fd,Gateway Offloading,,158,subtopic,,,roadmap.sh:nilbuild/developer-roadmap@master
system-design,backend,bANGLm_5zR9mqMd6Oox8s,Gateway Aggregation,,159,subtopic,,,roadmap.sh:nilbuild/developer-roadmap@master
system-design,backend,BrgXwf7g2F-6Rqfjryvpj,External Config Store,,160,subtopic,,,roadmap.sh:nilbuild/developer-roadmap@master
system-design,backend,ODjVoXnvJasPvCS2A5iMO,Compute Resource Consolidation,,161,subtopic,,,roadmap.sh:nilbuild/developer-roadmap@master
system-design,backend,ivr3mh0OES5n86FI1PN4N,CQRS,,162,subtopic,,,roadmap.sh:nilbuild/developer-roadmap@master
system-design,backend,n4It-lr7FFtSY83DcGydX,Backends for Frontend,,163,subtopic,,,roadmap.sh:nilbuild/developer-roadmap@master
system-design,backend,4hi7LvjLcv8eR6m-uk8XQ,Anti-Corruption Layer,,164,subtopic,,,roadmap.sh:nilbuild/developer-roadmap@master
system-design,backend,Hja4YF3JcgM6CPwB1mxmo,Ambassador,,165,subtopic,,,roadmap.sh:nilbuild/developer-roadmap@master
system-design,backend,DYkdM_L7T2GcTPAoZNnUR,Reliability Patterns,,166,topic,,,roadmap.sh:nilbuild/developer-roadmap@master
system-design,backend,Xzkvf4naveszLGV9b-8ih,Availability,,168,topic,,,roadmap.sh:nilbuild/developer-roadmap@master
system-design,backend,FPPJw-I1cw8OxKwmDh0dT,Deployment Stamps,,169,subtopic,,,roadmap.sh:nilbuild/developer-roadmap@master
system-design,backend,Ml9lPDGjRAJTHkBnX51Un,Geodes,,170,subtopic,,,roadmap.sh:nilbuild/developer-roadmap@master
system-design,backend,cNJQoMNZmxNygWAJIA8HI,Health Endpoint Monitoring,,171,subtopic,,,roadmap.sh:nilbuild/developer-roadmap@master
system-design,backend,-M3Zd8w79sKBAY6_aJRE8,Queue-Based Load Leveling,,172,subtopic,,,roadmap.sh:nilbuild/developer-roadmap@master
system-design,backend,6YVkguDOtwveyeP4Z1NL3,Throttling,,173,subtopic,,,roadmap.sh:nilbuild/developer-roadmap@master
system-design,backend,wPe7Xlwqws7tEpTAVvYjr,High Availability,,174,topic,,,roadmap.sh:nilbuild/developer-roadmap@master
system-design,backend,Ze471tPbAwlwZyU4oIzH9,Deployment Stamps,,175,subtopic,,,roadmap.sh:nilbuild/developer-roadmap@master
system-design,backend,6hOSEZJZ7yezVN67h5gmS,Geodes,,176,subtopic,,,roadmap.sh:nilbuild/developer-roadmap@master
system-design,backend,uK5o7NgDvr2pV0ulF0Fh9,Health Endpoint Monitoring,,177,subtopic,,,roadmap.sh:nilbuild/developer-roadmap@master
system-design,backend,IR2_kgs2U9rnAJiDBmpqK,Bulkhead,,178,subtopic,,,roadmap.sh:nilbuild/developer-roadmap@master
system-design,backend,D1OmCoqvd3-_af3u0ciHr,Circuit Breaker,,179,subtopic,,,roadmap.sh:nilbuild/developer-roadmap@master
system-design,backend,wlAWMjxZF6yav3ZXOScxH,Resiliency,,180,topic,,,roadmap.sh:nilbuild/developer-roadmap@master
system-design,backend,PLn9TF9GYnPcbpTdDMQbG,Bulkhead,,181,subtopic,,,roadmap.sh:nilbuild/developer-roadmap@master
system-design,backend,O4zYDqvVWD7sMI27k_0Nl,Circuit Breaker,,182,subtopic,,,roadmap.sh:nilbuild/developer-roadmap@master
system-design,backend,MNlWNjrG8eh5OzPVlbb9t,Compensating Transaction,,183,subtopic,,,roadmap.sh:nilbuild/developer-roadmap@master
system-design,backend,CKCNk3obx4u43rBqUj2Yf,Health Endpoint Monitoring,,184,subtopic,,,roadmap.sh:nilbuild/developer-roadmap@master
system-design,backend,AJLBFyAsEdQYF6ygO0MmQ,Leader Election,,185,subtopic,,,roadmap.sh:nilbuild/developer-roadmap@master
system-design,backend,NybkOwl1lgaglZPRJQJ_Z,Queue-Based Load Leveling,,186,subtopic,,,roadmap.sh:nilbuild/developer-roadmap@master
system-design,backend,xX_9VGUaOkBYFH3jPjnww,Retry,,187,subtopic,,,roadmap.sh:nilbuild/developer-roadmap@master
system-design,backend,RTEJHZ26znfBLrpQPtNvn,Scheduler Agent Supervisor,,188,subtopic,,,roadmap.sh:nilbuild/developer-roadmap@master
system-design,backend,ZvYpE6-N5dAtRDIwqcAu6,Security,,189,topic,,,roadmap.sh:nilbuild/developer-roadmap@master
system-design,backend,lHPl-kr1ArblR7bJeQEB9,Federated Identity,,190,subtopic,,,roadmap.sh:nilbuild/developer-roadmap@master
system-design,backend,DTQJu0AvgWOhMFcOYqzTD,Gatekeeper,,191,subtopic,,,roadmap.sh:nilbuild/developer-roadmap@master
system-design,backend,VltZgIrApHOwZ8YHvdmHB,Valet Key,,192,subtopic,,,roadmap.sh:nilbuild/developer-roadmap@master
computer-science,general,tU4Umtnfu01t9gLlnlK6b,Pick a Language,,39,topic,,,roadmap.sh:nilbuild/developer-roadmap@master
computer-science,general,RlKZzs44biQPgxD0tK1qx,Python,Pick a Language,40,subtopic,http://data.europa.eu/esco/skill/ccd0a1d9-afda-43d9-b901-96344886e14d,Python (computer programming),roadmap.sh:nilbuild/developer-roadmap@master
computer-science,general,mWW88VnkqWgDz02qw5zU-,Go,,41,subtopic,,,roadmap.sh:nilbuild/developer-roadmap@master
computer-science,general,jHKCLfLml8oZyj4829gx0,C#,Pick a Language,42,subtopic,http://data.europa.eu/esco/skill/4c016b68-4116-468c-9dc6-42710c239e4a,C#,roadmap.sh:nilbuild/developer-roadmap@master
computer-science,general,1bDjg-KBDKRmE6f1MWY8l,Rust,Pick a Language,43,subtopic,,,roadmap.sh:nilbuild/developer-roadmap@master
computer-science,general,1kQJs-3Aw8Bi7d_Xh67zS,C++,,44,subtopic,http://data.europa.eu/esco/skill/4c016b68-4116-468c-9dc6-42710c239e4a,C#,roadmap.sh:nilbuild/developer-roadmap@master
computer-science,general,n4IsklfYJXFIyF1rGWuEa,C,Pick a Language,45,subtopic,http://data.europa.eu/esco/skill/4c016b68-4116-468c-9dc6-42710c239e4a,C#,roadmap.sh:nilbuild/developer-roadmap@master
computer-science,general,1lQSUFrrIGq19nUnM92-I,Java,,46,subtopic,http://data.europa.eu/esco/skill/19a8293b-8e95-4de3-983f-77484079c389,Java (computer programming),roadmap.sh:nilbuild/developer-roadmap@master
computer-science,general,NM7q5REW1sJgMhxJhPpLT,Data Structures,,47,topic,,,roadmap.sh:nilbuild/developer-roadmap@master
computer-science,general,gr8BK6vq4AVwp_aUozZmf,Linked List,Data Structures,48,subtopic,,,roadmap.sh:nilbuild/developer-roadmap@master
computer-science,general,hJB5gO9tosRlC4UmdSNzl,Stack,,49,subtopic,,,roadmap.sh:nilbuild/developer-roadmap@master
computer-science,general,JI990pDX2jjNe6IH_Y_t0,Queue,Data Structures,50,subtopic,,,roadmap.sh:nilbuild/developer-roadmap@master
computer-science,general,G2dN2FO0SN_I-5AhO_EUk,Hash Table,Data Structures,51,subtopic,,,roadmap.sh:nilbuild/developer-roadmap@master
computer-science,general,TwW6SO2IXqkxJXVjLzdwU,Array,,52,subtopic,,,roadmap.sh:nilbuild/developer-roadmap@master
computer-science,general,_eWqiWUmOj0zUo_Ix3j1O,Tree,,53,subtopic,,,roadmap.sh:nilbuild/developer-roadmap@master
computer-science,general,G9dnegZ6zNvxrCZ3O_b_z,Binary Tree,,54,subtopic,,,roadmap.sh:nilbuild/developer-roadmap@master
computer-science,general,et7l85gnxjvzD2tDyHT_T,Binary Search Tree,,55,subtopic,,,roadmap.sh:nilbuild/developer-roadmap@master
computer-science,general,Q8ZJNeTbc22Q08Mra-McY,Full Binary Tree,,56,subtopic,,,roadmap.sh:nilbuild/developer-roadmap@master
computer-science,general,Jx1WWCjm8jkfAGtHv15n1,Complete Binary Tree,,57,subtopic,,,roadmap.sh:nilbuild/developer-roadmap@master
computer-science,general,ZaWGLvZyu4sIPn-zwVISN,Balanced Tree,,58,subtopic,,,roadmap.sh:nilbuild/developer-roadmap@master
computer-science,general,w4sxmZR1BjX6wlrZmuOlf,Unbalanced Tree,,59,subtopic,,,roadmap.sh:nilbuild/developer-roadmap@master
computer-science,general,vQm046o6ozcvLoqg9L6eL,Graph,Data Structures,60,subtopic,,,roadmap.sh:nilbuild/developer-roadmap@master
computer-science,general,6Jy8SXHuYA08h9iLjKFWR,Directed Graph,,61,subtopic,,,roadmap.sh:nilbuild/developer-roadmap@master
computer-science,general,QGx8it2N_85PiPVjpTGK_,Undirected Graph,,62,subtopic,,,roadmap.sh:nilbuild/developer-roadmap@master
computer-science,general,L4xtWOdqGUf4SbJkoOsNM,Spanning Tree,,63,subtopic,,,roadmap.sh:nilbuild/developer-roadmap@master
computer-science,general,HZ1kk0TQ13FLC9t13BZl5,Adjacency Matrix,,65,subtopic,,,roadmap.sh:nilbuild/developer-roadmap@master
computer-science,general,rTnKJcPniUtqvfOyC88N0,Adjacency List,,66,subtopic,,,roadmap.sh:nilbuild/developer-roadmap@master
computer-science,general,pw3ZCC3HKU7D5SQwte4vE,Heap,,67,subtopic,,,roadmap.sh:nilbuild/developer-roadmap@master
computer-science,general,UpBrpmrUwYUB9eesNxCq5,Asymptotic Notation,,68,topic,,,roadmap.sh:nilbuild/developer-roadmap@master
computer-science,general,c-NrTtJuNihbHzyPEOKTW,Big O,,69,subtopic,,,roadmap.sh:nilbuild/developer-roadmap@master
computer-science,general,ThLpVZQIJ4diY5m0dik8m,Big-Theta,,70,subtopic,,,roadmap.sh:nilbuild/developer-roadmap@master
computer-science,general,X33735aeAVSlJ6yv9GS-h,Big Omega,,71,subtopic,,,roadmap.sh:nilbuild/developer-roadmap@master
computer-science,general,3F_QBv_sU39ehOxpurF88,Constant,,73,subtopic,,,roadmap.sh:nilbuild/developer-roadmap@master
computer-science,general,nnlMNkQn1HU4U9yPbV9kQ,Logarithmic,,74,subtopic,,,roadmap.sh:nilbuild/developer-roadmap@master
computer-science,general,jymhjv8GiFALQpox6aZeu,Linear,,75,subtopic,,,roadmap.sh:nilbuild/developer-roadmap@master
computer-science,general,sVFvpsAO1_ZH9aliEj9aF,Polynomial,,76,subtopic,,,roadmap.sh:nilbuild/developer-roadmap@master
computer-science,general,5mMLr6tWbiSZuox1lx0_B,Exponential,,77,subtopic,,,roadmap.sh:nilbuild/developer-roadmap@master
computer-science,general,m0umGQNdvg95UiNpQZsQN,Factorial,,78,subtopic,,,roadmap.sh:nilbuild/developer-roadmap@master
computer-science,general,7a6-AnBI-3tAU1dkOvPkx,Common Algorithms,,79,topic,,,roadmap.sh:nilbuild/developer-roadmap@master
computer-science,general,0_qNhprnXU3i8koW3XTdD,Tail Recursion,,81,subtopic,,,roadmap.sh:nilbuild/developer-roadmap@master
computer-science,general,iLEOuQgUgU5Jc38iXDpp5,Non-Tail Recursion,,82,subtopic,,,roadmap.sh:nilbuild/developer-roadmap@master
computer-science,general,cEsboPT8nLvo0Zt0_oBq6,LRU Cache,,84,subtopic,,,roadmap.sh:nilbuild/developer-roadmap@master
computer-science,general,hna0HLu0l4NTNNpyGqlW5,MFU Cache,,85,subtopic,,,roadmap.sh:nilbuild/developer-roadmap@master
computer-science,general,8kTg4O9MrTHRUrp6U-ctA,Binary Search,,87,subtopic,,,roadmap.sh:nilbuild/developer-roadmap@master
computer-science,general,XwyqBK9rgP1MMcJrdIzm5,Linear Search,,88,subtopic,,,roadmap.sh:nilbuild/developer-roadmap@master
computer-science,general,4wGBYFZpcdTt97WTbSazx,Bubble Sort,,90,subtopic,,,roadmap.sh:nilbuild/developer-roadmap@master
computer-science,general,rOsHFXQm5jNz0RyZQ5ZGs,Selection Sort,,91,subtopic,,,roadmap.sh:nilbuild/developer-roadmap@master
computer-science,general,ujDCW6zZE8dV_fpNf-oIl,Insertion Sort,,92,subtopic,,,roadmap.sh:nilbuild/developer-roadmap@master
computer-science,general,CovrRsBY-sYW_xSegcN6N,Heap Sort,,93,subtopic,,,roadmap.sh:nilbuild/developer-roadmap@master
computer-science,general,be0Q8GW9ZX1JbPrBvbMji,Quick Sort,,94,subtopic,,,roadmap.sh:nilbuild/developer-roadmap@master
computer-science,general,Bh-whDbcCjl3m6mRm9w02,Merge Sort,,95,subtopic,,,roadmap.sh:nilbuild/developer-roadmap@master
computer-science,general,psTN5N66xoFHFopgd5faW,Pre-Order Traversal,,97,subtopic,,,roadmap.sh:nilbuild/developer-roadmap@master
computer-science,general,KTrgf14Q6rg2f0v4dqq2s,In-Order Traversal,,98,subtopic,,,roadmap.sh:nilbuild/developer-roadmap@master
computer-science,general,4_oGXwjzSY5cX9n7L4iAA,Post Order Traversal,,99,subtopic,,,roadmap.sh:nilbuild/developer-roadmap@master
computer-science,general,Ke_ch4fnuKIiGAXUM_LPP,Breadth First Search,,100,subtopic,,,roadmap.sh:nilbuild/developer-roadmap@master
computer-science,general,chzP5_t2gMi6MstxEzCi5,Depth First Search,,101,subtopic,,,roadmap.sh:nilbuild/developer-roadmap@master
computer-science,general,vcV6TEM_PqXxtThdfMKGw,Breadth First Search,,103,subtopic,,,roadmap.sh:nilbuild/developer-roadmap@master
computer-science,general,Yf5gOIe7oiL19MjEVcpdw,Depth First Search,,104,subtopic,,,roadmap.sh:nilbuild/developer-roadmap@master
computer-science,general,eY4nK2lPYsrR-a_8y2sao,Bellman Ford's Algorithm,,105,subtopic,,,roadmap.sh:nilbuild/developer-roadmap@master
computer-science,general,oJstm-8c-4seWbIWcNgDv,Dijkstra's Algorithm,,106,subtopic,,,roadmap.sh:nilbuild/developer-roadmap@master
computer-science,general,Yrk2PLUa-_FAPlhCkMl3e,A* Algorithm,,107,subtopic,,,roadmap.sh:nilbuild/developer-roadmap@master
computer-science,general,aBjBHpq_OajgQjxdCobXD,Finding Hamiltonian Paths,,109,subtopic,,,roadmap.sh:nilbuild/developer-roadmap@master
computer-science,general,HlAmTY1udqDT2mTfBU9P-,Solving N Queen Problem,,110,subtopic,,,roadmap.sh:nilbuild/developer-roadmap@master
computer-science,general,nODFT-i2YsxUVsgwWkIWn,Maze Solving Problem,,111,subtopic,,,roadmap.sh:nilbuild/developer-roadmap@master
computer-science,general,NcKW_3vJWL_rVlDBB_Qjs,The Knight's Tour Problem,,112,subtopic,,,roadmap.sh:nilbuild/developer-roadmap@master
computer-science,general,l3X9UrEYTWs5kBXI1NNCf,Dijkstra's Algorithm,,114,subtopic,,,roadmap.sh:nilbuild/developer-roadmap@master
computer-science,general,QrcijPiVT3bgqfkF-6ssi,Huffman Coding,,115,subtopic,,,roadmap.sh:nilbuild/developer-roadmap@master
computer-science,general,Wqhg7E-lOz1oNcRXjUej8,Kruskal's Algorithm,,116,subtopic,,,roadmap.sh:nilbuild/developer-roadmap@master
computer-science,general,Hqw2eGtgfbVggqXBnIOdI,Ford-Fulkerson Algorithm,,117,subtopic,,,roadmap.sh:nilbuild/developer-roadmap@master
computer-science,general,znpFIKwMJlepKJ8dH3kvC,Prim's Algorithm,,118,subtopic,,,roadmap.sh:nilbuild/developer-roadmap@master
computer-science,general,l5--4opvZoc_seVn__5R3,Rabin-Karp Algorithm,,119,subtopic,,,roadmap.sh:nilbuild/developer-roadmap@master
computer-science,general,n11ujPI3of-52l2KW2CDQ,LFU Cache,,120,subtopic,,,roadmap.sh:nilbuild/developer-roadmap@master
computer-science,general,NUWk-7IXmMU-4TT-oS8fF,String Search & Manipulations,,121,topic,,,roadmap.sh:nilbuild/developer-roadmap@master
computer-science,general,L4M5yFRKKR2axKXGcIA7d,Search Pattern in Text,,122,subtopic,,,roadmap.sh:nilbuild/developer-roadmap@master
computer-science,general,Ld1TUNS8713coMNvwhNIJ,Suffix Arrays,,123,subtopic,,,roadmap.sh:nilbuild/developer-roadmap@master
computer-science,general,g3b0kt1fCAjjYyS2WelWi,Brute Force Search,,124,subtopic,,,roadmap.sh:nilbuild/developer-roadmap@master
computer-science,general,8abFKMfaV9H8F38I0DcMT,Knuth-Morris Pratt,,125,subtopic,,,roadmap.sh:nilbuild/developer-roadmap@master
computer-science,general,p6qub32jcaGloHXUDUrlG,Boyer-Moore,,126,subtopic,,,roadmap.sh:nilbuild/developer-roadmap@master
computer-science,general,Km5LvcJpyntrW2iA8h5e3,Robin-Karp,,127,subtopic,,,roadmap.sh:nilbuild/developer-roadmap@master
computer-science,general,E9hf1ux1KKGHvvAShm67w,Substring Search,,128,subtopic,,,roadmap.sh:nilbuild/developer-roadmap@master
computer-science,general,-bawIWfrYuAxy8cP-AGFS,Floating Point Math,,129,topic,,,roadmap.sh:nilbuild/developer-roadmap@master
computer-science,general,vjMqqFsTxSjaiYxmliwLi,Endianess,,130,topic,,,roadmap.sh:nilbuild/developer-roadmap@master
computer-science,general,U8AgY6I-62mN5Ohg9MsG6,Big Endian,Endianess,131,subtopic,,,roadmap.sh:nilbuild/developer-roadmap@master
computer-science,general,rD_5n5bjiNMVC0cPhEVyG,Little Endian,,132,subtopic,,,roadmap.sh:nilbuild/developer-roadmap@master
computer-science,general,DMuMsEowpevTCALtziwTB,Common UML Diagrams,,133,topic,,,roadmap.sh:nilbuild/developer-roadmap@master
computer-science,general,04hpfxI2x958tQI-0clsp,Unicode,,134,subtopic,,,roadmap.sh:nilbuild/developer-roadmap@master
computer-science,general,hmwsNp60alS43kJg4A_Og,ASCII,,135,subtopic,,,roadmap.sh:nilbuild/developer-roadmap@master
computer-science,general,DtG9EJonWi4_2oQ4fWOKY,Character Encodings,,136,topic,,,roadmap.sh:nilbuild/developer-roadmap@master
computer-science,general,FZ8znJSz8PvQlnEyRLXmQ,Class Diagrams,Common UML Diagrams,137,subtopic,,,roadmap.sh:nilbuild/developer-roadmap@master
computer-science,general,dVvYbrcaxHLpvtX6HbS7g,Usecase Diagrams,,138,subtopic,,,roadmap.sh:nilbuild/developer-roadmap@master
computer-science,general,ptfRNiU0mC0Q5SLA_FWZu,Activity Diagrams,,139,subtopic,,,roadmap.sh:nilbuild/developer-roadmap@master
computer-science,general,X0CKM9LaJUrgI5gIdqFvU,Statemachine Diagrams,,140,subtopic,,,roadmap.sh:nilbuild/developer-roadmap@master
computer-science,general,gaUT5K2xS-WQMrIA0Bkb_,Sequence Diagrams,,141,subtopic,,,roadmap.sh:nilbuild/developer-roadmap@master
computer-science,general,-De1hU2ONGwhQmUpsyrCO,Design Patterns,,142,topic,,,roadmap.sh:nilbuild/developer-roadmap@master
computer-science,general,iPN9mSyFwYZER5HSkj6oL,GoF Design Patterns,Design Patterns,143,subtopic,,,roadmap.sh:nilbuild/developer-roadmap@master
computer-science,general,BGhJNtszbYJtKyhqr2jax,Architectural Patterns,Design Patterns,144,subtopic,,,roadmap.sh:nilbuild/developer-roadmap@master
computer-science,general,J7DKRklMtJ94Y-18Jo50r,Dependency Injection,Design Patterns,145,subtopic,,,roadmap.sh:nilbuild/developer-roadmap@master
computer-science,general,PpFQ0zmObZLvmBvqhTEMz,Null Object Pattern,Design Patterns,146,subtopic,,,roadmap.sh:nilbuild/developer-roadmap@master
computer-science,general,_2Jddpz_cdwyeIgrg5qt_,Type Object Pattern,Design Patterns,147,subtopic,,,roadmap.sh:nilbuild/developer-roadmap@master
computer-science,general,cdNi0EYrQ5nsgNxFVnXL8,Basic Math Skills,,148,topic,,,roadmap.sh:nilbuild/developer-roadmap@master
computer-science,general,HZ3_xyphbjhBPwwQo_rHH,Probability,Basic Math Skills,149,subtopic,,,roadmap.sh:nilbuild/developer-roadmap@master
computer-science,general,lWnAY0DgrUOmT6yqnxeBN,Combinatorics,,150,subtopic,,,roadmap.sh:nilbuild/developer-roadmap@master
computer-science,general,YLCmZvoLkhOk9wlgYW2Ms,Complexity Classes,,151,topic,,,roadmap.sh:nilbuild/developer-roadmap@master
computer-science,general,3aM17dPKNi8tRJsW8lesI,P,,152,subtopic,,,roadmap.sh:nilbuild/developer-roadmap@master
computer-science,general,ewXUHpOnjm8YrLhce1dAQ,NP,,153,subtopic,,,roadmap.sh:nilbuild/developer-roadmap@master
computer-science,general,mJJ8DGUpBuHEJ7I6UTy1T,NP Hard,,154,subtopic,,,roadmap.sh:nilbuild/developer-roadmap@master
computer-science,general,Lwkz7qozXRlVNA20zJbSw,NP Complete,,155,topic,,,roadmap.sh:nilbuild/developer-roadmap@master
computer-science,general,0btHNkzWL1w_-pUgU_k2y,P = NP,,156,subtopic,,,roadmap.sh:nilbuild/developer-roadmap@master
computer-science,general,ZG-hWjVoS3p9XfrtBL0sD,Travelling Salesman Problem,,157,subtopic,,,roadmap.sh:nilbuild/developer-roadmap@master
computer-science,general,yHeCRPhfAOWiggZeUHPU9,Knapsack Problem,,158,subtopic,,,roadmap.sh:nilbuild/developer-roadmap@master
computer-science,general,4QVVYjDODMWsjnrE-4UBs,Longest Path Problem,,159,subtopic,,,roadmap.sh:nilbuild/developer-roadmap@master
computer-science,general,4qUVacMEz3XFiL_dMre6P,Tries,,160,topic,,,roadmap.sh:nilbuild/developer-roadmap@master
computer-science,general,7DF3UhefOSqqTuccH8c8X,Balanced Search Trees,,162,topic,,,roadmap.sh:nilbuild/developer-roadmap@master
computer-science,general,OUistS7H7hQQxVV-lOg39,AVL Trees,,163,subtopic,,,roadmap.sh:nilbuild/developer-roadmap@master
computer-science,general,eOL0_SzxBn7_xhNcBDi2D,Red / Black Trees,,164,subtopic,,,roadmap.sh:nilbuild/developer-roadmap@master
computer-science,general,3jiV9R82qxpqIGfpEq_wK,2 3 Search Trees,,165,subtopic,,,roadmap.sh:nilbuild/developer-roadmap@master
computer-science,general,IaPd_zuLbiOCwoSHQLoIG,2 3 4 Trees,,166,subtopic,,,roadmap.sh:nilbuild/developer-roadmap@master
computer-science,general,UOYeM-hqIKCrB9hGez4Q_,K-ary / M-ary Tree,,167,subtopic,,,roadmap.sh:nilbuild/developer-roadmap@master
computer-science,general,s0Pi6CemUUsmZSEu2j2gH,B-Tree,,168,subtopic,,,roadmap.sh:nilbuild/developer-roadmap@master
computer-science,general,w-fvEiSJysywR3AOAB0ve,System Design,,169,topic,http://data.europa.eu/esco/skill/fae27053-8924-4bfd-b565-c9fe502044c9,system design,roadmap.sh:nilbuild/developer-roadmap@master
computer-science,general,-34WGppX6QC5fkCvfCghp,Horizontal vs Vertical Scaling,System Design,170,subtopic,,,roadmap.sh:nilbuild/developer-roadmap@master
computer-science,general,xDiS0HmrEoPjkQg9x2O3o,Load Balancing,,171,subtopic,,,roadmap.sh:nilbuild/developer-roadmap@master
computer-science,general,wAsZ-M5N9ERufQnBaXbAE,Clustering,,172,subtopic,,,roadmap.sh:nilbuild/developer-roadmap@master
computer-science,general,4u5w9QCptLWuY9O7_UU8V,Caching,,173,subtopic,,,roadmap.sh:nilbuild/developer-roadmap@master
computer-science,general,r8V9bZpc98SrLvXc070bZ,CDN,,174,subtopic,,,roadmap.sh:nilbuild/developer-roadmap@master
computer-science,general,qLLJ_ehC8tSRfXsorYMQz,Proxy,,175,subtopic,,,roadmap.sh:nilbuild/developer-roadmap@master
computer-science,general,GZI8EsEqiMJX3fSbO_E-7,CAP Theorem,,176,subtopic,,,roadmap.sh:nilbuild/developer-roadmap@master
computer-science,general,LCPEzpyAuHY3ggN3nYrNN,Queues,,177,subtopic,,,roadmap.sh:nilbuild/developer-roadmap@master
computer-science,general,X1wv7xV69IEzepg8bF8oZ,Architectural Styles,,178,subtopic,,,roadmap.sh:nilbuild/developer-roadmap@master
computer-science,general,Kvz3Sn7L8CxP5ZXO1hlcU,REST,,179,subtopic,,,roadmap.sh:nilbuild/developer-roadmap@master
computer-science,general,DeE_dZecLmKCjePovTfFS,GraphQL,,180,subtopic,,,roadmap.sh:nilbuild/developer-roadmap@master
computer-science,general,M4vdwAbjLPrLjWUsG_P1I,gRPC,,181,subtopic,,,roadmap.sh:nilbuild/developer-roadmap@master
computer-science,general,YMO9oD_sbzyDZPNU2xZwe,Cloud Design Patterns,,182,subtopic,,,roadmap.sh:nilbuild/developer-roadmap@master
computer-science,general,XeJi6TwpI5Uaszj00Uv_2,Long Polling,,183,subtopic,,,roadmap.sh:nilbuild/developer-roadmap@master
computer-science,general,gGmNJ8dK28iqrlQHPz6md,Short Polling,,184,subtopic,,,roadmap.sh:nilbuild/developer-roadmap@master
computer-science,general,bVjI14VismTHNCyA0mEBP,Web Sockets,,185,subtopic,,,roadmap.sh:nilbuild/developer-roadmap@master
computer-science,general,JckRqZA8C6IqQLPpTCgf4,SSE,,186,subtopic,,,roadmap.sh:nilbuild/developer-roadmap@master
computer-science,general,zvlTQ0A-My4QDrslp_lru,Databases,,187,topic,,,roadmap.sh:nilbuild/developer-roadmap@master
computer-science,general,nprZscHdC_RdRIcGeGyVk,SQL vs NoSQL Databases,,188,subtopic,,,roadmap.sh:nilbuild/developer-roadmap@master
computer-science,general,Rw7QjLC8hLtXSwmU_9kHC,Normalization / Denormalization,,189,subtopic,,,roadmap.sh:nilbuild/developer-roadmap@master
computer-science,general,XnxxEmr2TyW2kOpB4gtR5,Entity-Relationship Model,,190,subtopic,,,roadmap.sh:nilbuild/developer-roadmap@master
computer-science,general,ii1vF74u3yrFNlw_21b3B,DDL,,191,subtopic,,,roadmap.sh:nilbuild/developer-roadmap@master
computer-science,general,tcQSH-eAvJUZuePTDjAIb,DML,,192,subtopic,,,roadmap.sh:nilbuild/developer-roadmap@master
computer-science,general,05lkb3B86Won7Rkf-8DeD,DQL,,193,subtopic,,,roadmap.sh:nilbuild/developer-roadmap@master
computer-science,general,4bUmfuP2qgcli8I2Vm9zh,DCL,,194,subtopic,,,roadmap.sh:nilbuild/developer-roadmap@master
computer-science,general,_sm63rZNKoibVndeNgOpW,Locking,,195,subtopic,,,roadmap.sh:nilbuild/developer-roadmap@master
computer-science,general,W5B-v-BFcCRmuN0L1m6PI,ACID Model,,196,subtopic,,,roadmap.sh:nilbuild/developer-roadmap@master
computer-science,general,q3nRhTYS5wg9tYnQe2sCF,BASE,,197,subtopic,,,roadmap.sh:nilbuild/developer-roadmap@master
computer-science,general,uqfeiQ9K--QkGNwks4kjk,CAP Theorem,,198,subtopic,,,roadmap.sh:nilbuild/developer-roadmap@master
computer-science,general,g6HeyLptaAYx9QBKuHQyM,PACELC,,199,subtopic,,,roadmap.sh:nilbuild/developer-roadmap@master
computer-science,general,BEbsUA39kZ5itqCwD585f,Indexes,,200,subtopic,,,roadmap.sh:nilbuild/developer-roadmap@master
computer-science,general,lOj_ReWI1kQ3WajJZYOWU,Views,,201,subtopic,,,roadmap.sh:nilbuild/developer-roadmap@master
computer-science,general,KhvYJtSCUBOpEZXjHpQde,Transactions,,202,subtopic,,,roadmap.sh:nilbuild/developer-roadmap@master
computer-science,general,FjhZGhzJjYyDn0PShKmpX,Stored Procedures,,203,subtopic,,,roadmap.sh:nilbuild/developer-roadmap@master
computer-science,general,3r21avMlo0xFB9i7PHccX,Database Federation,,204,subtopic,,,roadmap.sh:nilbuild/developer-roadmap@master
computer-science,general,WUEmEtlszbISSIWDKpvg6,Replication,,205,subtopic,,,roadmap.sh:nilbuild/developer-roadmap@master
computer-science,general,3K65efPag2076dy-MeTg4,Sharding,,206,subtopic,,,roadmap.sh:nilbuild/developer-roadmap@master
computer-science,general,zG5t3HqbZnh9CGRqp1Sb-,Networking,,207,topic,,,roadmap.sh:nilbuild/developer-roadmap@master
computer-science,general,pZ5x_zDYGzW9VxYycyXtN,OSI Model,,208,subtopic,,,roadmap.sh:nilbuild/developer-roadmap@master
computer-science,general,Fed5y1D95WPpqoVg7kmob,TCP/IP Model,,209,subtopic,,,roadmap.sh:nilbuild/developer-roadmap@master
computer-science,general,fYjoXB4rnkM5gg46sqVz5,DNS,,210,subtopic,http://data.europa.eu/esco/skill/071233c4-ad2b-4f50-b79f-768d2231163e,domain name service,roadmap.sh:nilbuild/developer-roadmap@master
computer-science,general,2tUwl-br-SRuwADSzmQag,HTTP,,211,subtopic,,,roadmap.sh:nilbuild/developer-roadmap@master
computer-science,general,3pu2bGhoCLFIs6kNanwtz,TLS & HTTPS,,212,subtopic,,,roadmap.sh:nilbuild/developer-roadmap@master
computer-science,general,u-c-UFegRb7xqsmvj9gVb,Sockets,Networking,213,subtopic,,,roadmap.sh:nilbuild/developer-roadmap@master
computer-science,general,JnJbJtsqKbVETY2vdLqCO,Security,,214,topic,,,roadmap.sh:nilbuild/developer-roadmap@master
computer-science,general,bDZ34BPm3lX06ERSE10cY,Public Key Cryptography,Security,215,subtopic,http://data.europa.eu/esco/skill/d32db06e-bd06-4415-a7ab-1b0ee68caa9a,ICT encryption,roadmap.sh:nilbuild/developer-roadmap@master
computer-science,general,7r7o8pYhFHVAJIv0wNT6X,Hashing / Encryption / Encoding,Security,216,subtopic,,,roadmap.sh:nilbuild/developer-roadmap@master
computer-science,general,EX_e4B6G07zTb4JjJ7482,Hashing Algorithms,Security,217,subtopic,,,roadmap.sh:nilbuild/developer-roadmap@master
computer-science,general,3rPSp135TdSCyvXzEzn4p,OWASP Top 10,Security,218,subtopic,,,roadmap.sh:nilbuild/developer-roadmap@master
computer-science,general,-emdKpD5uRNuvem5rbFXJ,How Computers Work,,219,topic,,,roadmap.sh:nilbuild/developer-roadmap@master
computer-science,general,1eglba39q426Nh0E0qcdj,How CPU Executes Programs,How Computers Work,220,subtopic,,,roadmap.sh:nilbuild/developer-roadmap@master
computer-science,general,GDLKJkKgB-i7n0YcV2NDa,How Computers Calculate,,221,subtopic,,,roadmap.sh:nilbuild/developer-roadmap@master
computer-science,general,U3379F4AO1KSmGtVmPr27,Registers and RAM,,222,subtopic,,,roadmap.sh:nilbuild/developer-roadmap@master
computer-science,general,AxiGqbteK7ZSXEUt_zckH,Instructions and Programs,,223,subtopic,,,roadmap.sh:nilbuild/developer-roadmap@master
computer-science,general,DjTQjMbika4_yTzrBpcmB,CPU Cache,,224,subtopic,,,roadmap.sh:nilbuild/developer-roadmap@master
computer-science,general,ETEUA7jaEGyOEX8tAVNWs,Processes and Threads,,225,topic,,,roadmap.sh:nilbuild/developer-roadmap@master
computer-science,general,RbdT5MOE4L-E7PPWKRITX,Process Forking,,226,subtopic,,,roadmap.sh:nilbuild/developer-roadmap@master
computer-science,general,jVsZFTzyrYEDyR8LiBQL0,Memory Management,,227,subtopic,,,roadmap.sh:nilbuild/developer-roadmap@master
computer-science,general,O6-vG3FuoYet4D0hbiyrv,Lock / Mutex / Semaphore,Processes and Threads,228,subtopic,,,roadmap.sh:nilbuild/developer-roadmap@master
computer-science,general,xUo5Ox_HTgGyeQMDIkVyK,Concurrency in Multiple Cores,Processes and Threads,229,subtopic,,,roadmap.sh:nilbuild/developer-roadmap@master
computer-science,general,Ge2nagN86ofa2y-yYR1lv,Scheduling Algorithms,,230,subtopic,,,roadmap.sh:nilbuild/developer-roadmap@master
computer-science,general,cpQvB0qMDL3-NWret7oeA,CPU Interrupts,,231,subtopic,,,roadmap.sh:nilbuild/developer-roadmap@master
computer-science,general,IEX6v_MYpE5Ylk_28K2ZU,Processes vs Threads,,232,subtopic,,,roadmap.sh:nilbuild/developer-roadmap@master
computer-science,general,C1eNsPjiQo8INbvL2Lt7L,K-D Trees,,233,topic,,,roadmap.sh:nilbuild/developer-roadmap@master
computer-science,general,K96ggeWqd5OwoNnkL04pc,Skip Lists,,234,topic,,,roadmap.sh:nilbuild/developer-roadmap@master
computer-science,general,pLBfkzi0qfgVRqi_4AmMI,Co-NP,,236,subtopic,,,roadmap.sh:nilbuild/developer-roadmap@master
computer-science,general,hTPLcuOW7eEE5oYhNfmOG,Bitwise Operators,,237,topic,,,roadmap.sh:nilbuild/developer-roadmap@master
